device_id,operating_system,os_version,device_category
DEV000001,Android,13,Budget
DEV000002,Android,12,Budget
DEV000003,Android,13,Mid-range
DEV000004,iOS,16.5,Budget
DEV000005,Android,12,Budget
DEV000006,Android,11,Mid-range
DEV000007,Android,11,Budget
DEV000008,Android,13,Mid-range
DEV000009,Android,11,Mid-range
DEV000010,Android,14,Budget
DEV000011,Android,14,Mid-range
DEV000012,Android,12,Budget
DEV000013,iOS,17.2,Budget
DEV000014,Android,11,Budget
DEV000015,Android,14,Mid-range
DEV000016,Android,14,Mid-range
DEV000017,Android,12,Premium
DEV000018,Android,12,Mid-range
DEV000019,Android,14,Mid-range
DEV000020,iOS,16.5,Mid-range
DEV000021,Android,13,Budget
DEV000022,Android,11,Budget
DEV000023,Android,11,Budget
DEV000024,Android,11,Budget
DEV000025,Android,13,Budget
DEV000026,Android,12,Budget
DEV000027,Android,12,Premium
DEV000028,Android,13,Mid-range
DEV000029,Android,11,Mid-range
DEV000030,Android,11,Budget
DEV000031,iOS,17.2,Mid-range
DEV000032,Android,13,Mid-range
DEV000033,Android,14,Mid-range
DEV000034,Android,11,Budget
DEV000035,Android,12,Budget
DEV000036,Android,11,Premium
DEV000037,iOS,16.5,Budget
DEV000038,Android,13,Budget
DEV000039,iOS,16.5,Mid-range
DEV000040,Android,12,Budget
DEV000041,Android,13,Budget
DEV000042,Android,13,Premium
DEV000043,Android,12,Budget
DEV000044,iOS,17.2,Mid-range
DEV000045,Android,11,Budget
DEV000046,Android,11,Mid-range
DEV000047,Android,14,Mid-range
DEV000048,Android,11,Budget
DEV000049,iOS,17.2,Mid-range
DEV000050,iOS,17.2,Premium
DEV000051,Android,11,Mid-range
DEV000052,Android,13,Mid-range
DEV000053,Android,12,Mid-range
DEV000054,Android,11,Mid-range
DEV000055,Android,12,Premium
DEV000056,iOS,16.5,Budget
DEV000057,Android,12,Budget
DEV000058,iOS,16.5,Premium
DEV000059,Android,12,Mid-range
DEV000060,Android,13,Budget
DEV000061,Android,14,Mid-range
DEV000062,Android,14,Mid-range
DEV000063,Android,11,Budget
DEV000064,Android,11,Premium
DEV000065,iOS,16.5,Mid-range
DEV000066,Android,12,Budget
DEV000067,iOS,16.5,Premium
DEV000068,Android,11,Mid-range
DEV000069,Android,11,Mid-range
DEV000070,Android,14,Budget
DEV000071,Android,12,Mid-range
DEV000072,Android,12,Premium
DEV000073,Android,12,Budget
DEV000074,Android,12,Mid-range
DEV000075,Android,11,Budget
DEV000076,iOS,17.2,Mid-range
DEV000077,Android,12,Mid-range
DEV000078,Android,11,Budget
DEV000079,Android,12,Mid-range
DEV000080,Android,11,Budget
DEV000081,Android,11,Mid-range
DEV000082,Android,11,Premium
DEV000083,iOS,16.5,Budget
DEV000084,Android,11,Mid-range
DEV000085,Android,11,Budget
DEV000086,iOS,16.5,Mid-range
DEV000087,Android,12,Mid-range
DEV000088,Android,14,Budget
DEV000089,Android,11,Mid-range
DEV000090,Android,12,Mid-range
DEV000091,Android,13,Mid-range
DEV000092,iOS,17.2,Budget
DEV000093,Android,12,Budget
DEV000094,iOS,16.5,Budget
DEV000095,Android,11,Mid-range
DEV000096,Android,12,Budget
DEV000097,Android,11,Premium
DEV000098,Android,12,Premium
DEV000099,Android,13,Budget
DEV000100,iOS,17.2,Mid-range
DEV000101,iOS,17.2,Premium
DEV000102,Android,14,Budget
DEV000103,Android,12,Budget
DEV000104,Android,12,Budget
DEV000105,Android,12,Premium
DEV000106,Android,12,Mid-range
DEV000107,Android,12,Mid-range
DEV000108,iOS,17.2,Premium
DEV000109,Android,13,Mid-range
DEV000110,Android,11,Budget
DEV000111,iOS,17.2,Mid-range
DEV000112,Android,12,Mid-range
DEV000113,Android,11,Mid-range
DEV000114,Android,12,Premium
DEV000115,Android,11,Premium
DEV000116,Android,11,Budget
DEV000117,Android,13,Mid-range
DEV000118,Android,11,Budget
DEV000119,iOS,16.5,Budget
DEV000120,Android,13,Mid-range
DEV000121,Android,12,Mid-range
DEV000122,Android,12,Premium
DEV000123,Android,11,Mid-range
DEV000124,Android,11,Budget
DEV000125,Android,13,Budget
DEV000126,Android,12,Mid-range
DEV000127,Android,11,Mid-range
DEV000128,iOS,17.2,Premium
DEV000129,Android,11,Budget
DEV000130,Android,12,Premium
DEV000131,iOS,16.5,Premium
DEV000132,Android,12,Budget
DEV000133,Android,14,Mid-range
DEV000134,Android,13,Premium
DEV000135,Android,13,Budget
DEV000136,Android,14,Budget
DEV000137,Android,13,Premium
DEV000138,Android,11,Budget
DEV000139,Android,11,Mid-range
DEV000140,Android,12,Mid-range
DEV000141,Android,13,Budget
DEV000142,Android,13,Budget
DEV000143,Android,12,Premium
DEV000144,Android,14,Budget
DEV000145,Android,12,Budget
DEV000146,Android,11,Mid-range
DEV000147,Android,13,Budget
DEV000148,Android,13,Mid-range
DEV000149,Android,12,Budget
DEV000150,Android,11,Premium
DEV000151,iOS,16.5,Mid-range
DEV000152,Android,14,Mid-range
DEV000153,Android,11,Budget
DEV000154,Android,12,Premium
DEV000155,Android,14,Premium
DEV000156,iOS,16.5,Budget
DEV000157,Android,11,Budget
DEV000158,Android,14,Premium
DEV000159,Android,12,Mid-range
DEV000160,Android,11,Premium
DEV000161,iOS,16.5,Premium
DEV000162,Android,14,Premium
DEV000163,Android,11,Mid-range
DEV000164,Android,12,Premium
DEV000165,Android,14,Premium
DEV000166,Android,14,Budget
DEV000167,Android,14,Budget
DEV000168,iOS,16.5,Premium
DEV000169,Android,11,Mid-range
DEV000170,Android,12,Budget
DEV000171,Android,14,Budget
DEV000172,Android,11,Budget
DEV000173,Android,12,Premium
DEV000174,iOS,17.2,Budget
DEV000175,Android,13,Budget
DEV000176,iOS,17.2,Mid-range
DEV000177,iOS,16.5,Budget
DEV000178,iOS,17.2,Budget
DEV000179,iOS,17.2,Budget
DEV000180,Android,11,Mid-range
DEV000181,Android,13,Budget
DEV000182,Android,13,Mid-range
DEV000183,Android,12,Mid-range
DEV000184,Android,12,Mid-range
DEV000185,Android,11,Premium
DEV000186,Android,12,Mid-range
DEV000187,Android,13,Mid-range
DEV000188,Android,12,Budget
DEV000189,Android,13,Budget
DEV000190,Android,12,Mid-range
DEV000191,Android,13,Budget
DEV000192,Android,12,Mid-range
DEV000193,Android,12,Budget
DEV000194,Android,11,Mid-range
DEV000195,iOS,16.5,Mid-range
DEV000196,iOS,16.5,Mid-range
DEV000197,Android,12,Mid-range
DEV000198,Android,11,Budget
DEV000199,Android,12,Mid-range
DEV000200,Android,13,Mid-range
DEV000201,Android,12,Budget
DEV000202,Android,12,Premium
DEV000203,Android,14,Budget
DEV000204,Android,11,Mid-range
DEV000205,Android,13,Budget
DEV000206,Android,14,Mid-range
DEV000207,Android,13,Budget
DEV000208,Android,11,Budget
DEV000209,Android,11,Mid-range
DEV000210,Android,14,Budget
DEV000211,Android,12,Mid-range
DEV000212,Android,11,Mid-range
DEV000213,Android,12,Budget
DEV000214,Android,13,Budget
DEV000215,Android,14,Mid-range
DEV000216,Android,11,Mid-range
DEV000217,Android,11,Premium
DEV000218,Android,12,Budget
DEV000219,Android,11,Mid-range
DEV000220,Android,12,Mid-range
DEV000221,Android,13,Premium
DEV000222,Android,13,Premium
DEV000223,iOS,16.5,Mid-range
DEV000224,Android,13,Mid-range
DEV000225,Android,14,Mid-range
DEV000226,iOS,16.5,Mid-range
DEV000227,Android,12,Budget
DEV000228,Android,11,Mid-range
DEV000229,Android,14,Mid-range
DEV000230,Android,13,Budget
DEV000231,Android,11,Budget
DEV000232,Android,12,Budget
DEV000233,Android,12,Budget
DEV000234,Android,11,Mid-range
DEV000235,Android,13,Budget
DEV000236,Android,12,Mid-range
DEV000237,Android,12,Budget
DEV000238,Android,12,Premium
DEV000239,Android,13,Mid-range
DEV000240,iOS,16.5,Mid-range
DEV000241,Android,12,Budget
DEV000242,Android,12,Mid-range
DEV000243,iOS,16.5,Premium
DEV000244,Android,12,Mid-range
DEV000245,Android,12,Mid-range
DEV000246,Android,11,Budget
DEV000247,Android,12,Budget
DEV000248,Android,12,Mid-range
DEV000249,Android,12,Budget
DEV000250,Android,12,Budget
DEV000251,Android,13,Budget
DEV000252,Android,12,Mid-range
DEV000253,Android,11,Mid-range
DEV000254,Android,11,Mid-range
DEV000255,Android,11,Budget
DEV000256,Android,11,Budget
DEV000257,Android,14,Budget
DEV000258,Android,14,Mid-range
DEV000259,Android,12,Budget
DEV000260,Android,11,Mid-range
DEV000261,iOS,17.2,Budget
DEV000262,Android,13,Mid-range
DEV000263,Android,13,Mid-range
DEV000264,iOS,16.5,Budget
DEV000265,Android,11,Budget
DEV000266,Android,11,Mid-range
DEV000267,Android,13,Budget
DEV000268,Android,13,Mid-range
DEV000269,Android,11,Mid-range
DEV000270,Android,13,Budget
DEV000271,Android,14,Premium
DEV000272,Android,11,Budget
DEV000273,Android,12,Mid-range
DEV000274,iOS,17.2,Budget
DEV000275,Android,13,Budget
DEV000276,Android,13,Mid-range
DEV000277,Android,11,Mid-range
DEV000278,iOS,16.5,Mid-range
DEV000279,Android,11,Premium
DEV000280,Android,14,Budget
DEV000281,Android,12,Budget
DEV000282,Android,12,Budget
DEV000283,Android,14,Mid-range
DEV000284,Android,11,Premium
DEV000285,Android,13,Mid-range
DEV000286,Android,13,Mid-range
DEV000287,Android,13,Premium
DEV000288,Android,12,Mid-range
DEV000289,Android,12,Mid-range
DEV000290,Android,12,Mid-range
DEV000291,Android,12,Premium
DEV000292,Android,14,Budget
DEV000293,iOS,16.5,Budget
DEV000294,Android,12,Mid-range
DEV000295,Android,12,Budget
DEV000296,iOS,16.5,Budget
DEV000297,Android,11,Mid-range
DEV000298,Android,12,Premium
DEV000299,Android,13,Budget
DEV000300,Android,11,Premium
DEV000301,Android,11,Mid-range
DEV000302,Android,12,Mid-range
DEV000303,Android,13,Mid-range
DEV000304,Android,12,Mid-range
DEV000305,Android,11,Budget
DEV000306,Android,13,Budget
DEV000307,Android,13,Mid-range
DEV000308,Android,12,Mid-range
DEV000309,Android,13,Budget
DEV000310,Android,13,Budget
DEV000311,Android,12,Budget
DEV000312,Android,11,Budget
DEV000313,Android,12,Mid-range
DEV000314,Android,11,Budget
DEV000315,Android,12,Mid-range
DEV000316,iOS,17.2,Mid-range
DEV000317,Android,12,Budget
DEV000318,Android,11,Budget
DEV000319,Android,11,Budget
DEV000320,Android,12,Budget
DEV000321,iOS,17.2,Mid-range
DEV000322,Android,13,Budget
DEV000323,iOS,16.5,Mid-range
DEV000324,iOS,16.5,Mid-range
DEV000325,Android,12,Mid-range
DEV000326,Android,11,Budget
DEV000327,iOS,16.5,Mid-range
DEV000328,Android,14,Mid-range
DEV000329,Android,11,Mid-range
DEV000330,Android,11,Budget
DEV000331,Android,13,Budget
DEV000332,iOS,17.2,Budget
DEV000333,Android,14,Mid-range
DEV000334,Android,14,Budget
DEV000335,Android,12,Mid-range
DEV000336,Android,12,Premium
DEV000337,iOS,17.2,Budget
DEV000338,Android,13,Mid-range
DEV000339,Android,13,Premium
DEV000340,Android,11,Budget
DEV000341,Android,13,Budget
DEV000342,Android,11,Budget
DEV000343,Android,11,Mid-range
DEV000344,Android,13,Budget
DEV000345,Android,11,Mid-range
DEV000346,Android,13,Mid-range
DEV000347,Android,13,Premium
DEV000348,Android,14,Mid-range
DEV000349,Android,13,Premium
DEV000350,Android,12,Mid-range
DEV000351,Android,13,Premium
DEV000352,Android,14,Budget
DEV000353,Android,11,Budget
DEV000354,Android,13,Mid-range
DEV000355,Android,12,Budget
DEV000356,Android,13,Mid-range
DEV000357,iOS,16.5,Mid-range
DEV000358,Android,12,Budget
DEV000359,Android,11,Mid-range
DEV000360,Android,12,Budget
DEV000361,Android,11,Premium
DEV000362,Android,14,Mid-range
DEV000363,iOS,17.2,Premium
DEV000364,Android,13,Budget
DEV000365,Android,11,Mid-range
DEV000366,Android,12,Mid-range
DEV000367,iOS,16.5,Budget
DEV000368,Android,13,Mid-range
DEV000369,Android,12,Budget
DEV000370,Android,12,Budget
DEV000371,Android,13,Premium
DEV000372,Android,12,Mid-range
DEV000373,Android,12,Premium
DEV000374,Android,14,Mid-range
DEV000375,Android,12,Budget
DEV000376,Android,12,Premium
DEV000377,Android,12,Mid-range
DEV000378,iOS,17.2,Mid-range
DEV000379,Android,12,Mid-range
DEV000380,Android,11,Budget
DEV000381,Android,14,Mid-range
DEV000382,Android,14,Budget
DEV000383,Android,12,Premium
DEV000384,Android,12,Mid-range
DEV000385,Android,11,Premium
DEV000386,Android,13,Budget
DEV000387,Android,11,Mid-range
DEV000388,Android,13,Budget
DEV000389,iOS,17.2,Premium
DEV000390,Android,12,Budget
DEV000391,Android,14,Mid-range
DEV000392,Android,13,Mid-range
DEV000393,Android,12,Mid-range
DEV000394,iOS,17.2,Budget
DEV000395,Android,13,Budget
DEV000396,iOS,16.5,Mid-range
DEV000397,iOS,16.5,Premium
DEV000398,Android,12,Mid-range
DEV000399,Android,12,Premium
DEV000400,Android,12,Mid-range
DEV000401,Android,12,Budget
DEV000402,Android,13,Premium
DEV000403,Android,12,Budget
DEV000404,Android,12,Budget
DEV000405,Android,13,Mid-range
DEV000406,Android,12,Budget
DEV000407,Android,11,Mid-range
DEV000408,Android,13,Budget
DEV000409,Android,14,Budget
DEV000410,Android,13,Mid-range
DEV000411,Android,14,Budget
DEV000412,Android,13,Mid-range
DEV000413,iOS,17.2,Mid-range
DEV000414,Android,11,Mid-range
DEV000415,Android,13,Premium
DEV000416,iOS,16.5,Mid-range
DEV000417,Android,12,Mid-range
DEV000418,Android,13,Mid-range
DEV000419,Android,13,Budget
DEV000420,Android,12,Premium
DEV000421,Android,12,Mid-range
DEV000422,Android,13,Premium
DEV000423,iOS,16.5,Premium
DEV000424,Android,12,Budget
DEV000425,Android,13,Mid-range
DEV000426,iOS,16.5,Budget
DEV000427,Android,11,Mid-range
DEV000428,iOS,16.5,Premium
DEV000429,Android,13,Mid-range
DEV000430,Android,11,Mid-range
DEV000431,iOS,16.5,Mid-range
DEV000432,Android,13,Premium
DEV000433,Android,11,Mid-range
DEV000434,Android,12,Budget
DEV000435,Android,11,Mid-range
DEV000436,Android,13,Mid-range
DEV000437,Android,11,Budget
DEV000438,iOS,16.5,Mid-range
DEV000439,Android,11,Premium
DEV000440,Android,11,Mid-range
DEV000441,Android,12,Budget
DEV000442,Android,11,Mid-range
DEV000443,iOS,16.5,Mid-range
DEV000444,Android,11,Mid-range
DEV000445,Android,12,Mid-range
DEV000446,Android,13,Mid-range
DEV000447,Android,12,Mid-range
DEV000448,Android,11,Budget
DEV000449,Android,12,Budget
DEV000450,Android,13,Mid-range
DEV000451,iOS,17.2,Budget
DEV000452,iOS,17.2,Mid-range
DEV000453,Android,12,Mid-range
DEV000454,Android,13,Mid-range
DEV000455,Android,11,Mid-range
DEV000456,Android,12,Premium
DEV000457,Android,12,Mid-range
DEV000458,Android,13,Budget
DEV000459,Android,13,Mid-range
DEV000460,Android,13,Mid-range
DEV000461,Android,13,Mid-range
DEV000462,Android,13,Premium
DEV000463,Android,13,Budget
DEV000464,Android,12,Mid-range
DEV000465,Android,13,Budget
DEV000466,Android,12,Mid-range
DEV000467,Android,11,Budget
DEV000468,Android,12,Premium
DEV000469,Android,12,Premium
DEV000470,Android,14,Budget
DEV000471,Android,14,Mid-range
DEV000472,Android,14,Mid-range
DEV000473,Android,12,Budget
DEV000474,iOS,17.2,Budget
DEV000475,iOS,17.2,Premium
DEV000476,Android,13,Premium
DEV000477,iOS,17.2,Mid-range
DEV000478,Android,12,Mid-range
DEV000479,Android,11,Mid-range
DEV000480,Android,12,Mid-range
DEV000481,Android,13,Mid-range
DEV000482,Android,14,Premium
DEV000483,Android,11,Budget
DEV000484,Android,11,Premium
DEV000485,Android,13,Premium
DEV000486,Android,11,Budget
DEV000487,Android,14,Premium
DEV000488,Android,12,Mid-range
DEV000489,Android,11,Premium
DEV000490,Android,12,Mid-range
DEV000491,Android,11,Premium
DEV000492,Android,11,Mid-range
DEV000493,Android,13,Mid-range
DEV000494,iOS,16.5,Mid-range
DEV000495,Android,13,Budget
DEV000496,Android,12,Budget
DEV000497,Android,12,Mid-range
DEV000498,iOS,17.2,Budget
DEV000499,Android,12,Mid-range
DEV000500,iOS,17.2,Premium
DEV000501,Android,11,Mid-range
DEV000502,Android,12,Premium
DEV000503,Android,12,Budget
DEV000504,Android,11,Budget
DEV000505,Android,14,Mid-range
DEV000506,Android,13,Mid-range
DEV000507,Android,13,Budget
DEV000508,Android,14,Budget
DEV000509,Android,11,Mid-range
DEV000510,Android,11,Mid-range
DEV000511,Android,11,Budget
DEV000512,iOS,16.5,Budget
DEV000513,Android,11,Premium
DEV000514,Android,11,Premium
DEV000515,Android,11,Budget
DEV000516,Android,12,Budget
DEV000517,Android,13,Budget
DEV000518,Android,11,Mid-range
DEV000519,Android,11,Budget
DEV000520,Android,11,Budget
DEV000521,Android,13,Mid-range
DEV000522,Android,13,Mid-range
DEV000523,Android,14,Mid-range
DEV000524,Android,11,Mid-range
DEV000525,iOS,16.5,Budget
DEV000526,Android,14,Premium
DEV000527,Android,12,Mid-range
DEV000528,iOS,17.2,Budget
DEV000529,Android,12,Mid-range
DEV000530,Android,13,Mid-range
DEV000531,iOS,16.5,Budget
DEV000532,Android,11,Mid-range
DEV000533,Android,11,Budget
DEV000534,Android,13,Mid-range
DEV000535,Android,12,Premium
DEV000536,Android,12,Mid-range
DEV000537,Android,13,Budget
DEV000538,Android,13,Premium
DEV000539,Android,13,Mid-range
DEV000540,Android,13,Budget
DEV000541,Android,12,Budget
DEV000542,Android,12,Mid-range
DEV000543,Android,12,Budget
DEV000544,Android,12,Mid-range
DEV000545,Android,12,Budget
DEV000546,iOS,16.5,Budget
DEV000547,Android,14,Budget
DEV000548,Android,11,Mid-range
DEV000549,Android,14,Mid-range
DEV000550,Android,13,Mid-range
DEV000551,Android,12,Budget
DEV000552,Android,12,Mid-range
DEV000553,Android,14,Premium
DEV000554,Android,13,Premium
DEV000555,Android,13,Budget
DEV000556,Android,13,Budget
DEV000557,Android,13,Budget
DEV000558,Android,11,Mid-range
DEV000559,Android,12,Mid-range
DEV000560,Android,13,Mid-range
DEV000561,Android,14,Premium
DEV000562,Android,14,Mid-range
DEV000563,Android,13,Budget
DEV000564,iOS,16.5,Mid-range
DEV000565,Android,12,Budget
DEV000566,Android,13,Budget
DEV000567,Android,12,Budget
DEV000568,iOS,16.5,Mid-range
DEV000569,Android,12,Budget
DEV000570,Android,13,Budget
DEV000571,Android,13,Budget
DEV000572,Android,12,Budget
DEV000573,Android,12,Mid-range
DEV000574,Android,14,Mid-range
DEV000575,Android,11,Budget
DEV000576,Android,11,Mid-range
DEV000577,Android,13,Budget
DEV000578,Android,13,Mid-range
DEV000579,Android,12,Budget
DEV000580,Android,14,Budget
DEV000581,Android,12,Budget
DEV000582,Android,13,Mid-range
DEV000583,Android,13,Budget
DEV000584,Android,12,Mid-range
DEV000585,Android,11,Budget
DEV000586,Android,11,Budget
DEV000587,Android,12,Budget
DEV000588,Android,11,Mid-range
DEV000589,Android,11,Budget
DEV000590,Android,13,Mid-range
DEV000591,Android,14,Mid-range
DEV000592,Android,11,Premium
DEV000593,Android,11,Budget
DEV000594,iOS,16.5,Premium
DEV000595,Android,13,Mid-range
DEV000596,Android,13,Mid-range
DEV000597,Android,11,Budget
DEV000598,Android,12,Mid-range
DEV000599,Android,13,Mid-range
DEV000600,iOS,16.5,Budget
DEV000601,Android,14,Budget
DEV000602,Android,13,Mid-range
DEV000603,Android,12,Budget
DEV000604,Android,12,Budget
DEV000605,Android,11,Mid-range
DEV000606,Android,11,Mid-range
DEV000607,iOS,16.5,Budget
DEV000608,Android,13,Mid-range
DEV000609,Android,14,Budget
DEV000610,Android,11,Budget
DEV000611,Android,13,Mid-range
DEV000612,Android,13,Budget
DEV000613,Android,14,Mid-range
DEV000614,Android,14,Mid-range
DEV000615,Android,12,Premium
DEV000616,Android,13,Mid-range
DEV000617,Android,13,Premium
DEV000618,Android,13,Budget
DEV000619,Android,11,Mid-range
DEV000620,Android,12,Budget
DEV000621,Android,11,Mid-range
DEV000622,Android,12,Mid-range
DEV000623,Android,11,Mid-range
DEV000624,Android,11,Premium
DEV000625,iOS,16.5,Mid-range
DEV000626,Android,12,Mid-range
DEV000627,Android,13,Mid-range
DEV000628,iOS,16.5,Mid-range
DEV000629,Android,14,Mid-range
DEV000630,Android,12,Mid-range
DEV000631,Android,11,Budget
DEV000632,Android,11,Premium
DEV000633,Android,12,Mid-range
DEV000634,Android,12,Budget
DEV000635,Android,11,Mid-range
DEV000636,Android,12,Mid-range
DEV000637,Android,11,Budget
DEV000638,Android,12,Mid-range
DEV000639,Android,12,Mid-range
DEV000640,Android,14,Mid-range
DEV000641,Android,11,Budget
DEV000642,Android,13,Budget
DEV000643,Android,13,Mid-range
DEV000644,iOS,16.5,Premium
DEV000645,Android,12,Mid-range
DEV000646,Android,11,Budget
DEV000647,iOS,17.2,Mid-range
DEV000648,Android,12,Mid-range
DEV000649,iOS,16.5,Budget
DEV000650,Android,12,Mid-range
DEV000651,Android,14,Mid-range
DEV000652,Android,14,Mid-range
DEV000653,Android,13,Mid-range
DEV000654,Android,13,Mid-range
DEV000655,Android,12,Budget
DEV000656,Android,11,Budget
DEV000657,iOS,16.5,Mid-range
DEV000658,Android,11,Budget
DEV000659,Android,11,Mid-range
DEV000660,Android,11,Mid-range
DEV000661,Android,14,Premium
DEV000662,Android,11,Budget
DEV000663,Android,14,Budget
DEV000664,Android,12,Budget
DEV000665,Android,14,Mid-range
DEV000666,Android,14,Budget
DEV000667,Android,12,Mid-range
DEV000668,Android,13,Budget
DEV000669,Android,12,Budget
DEV000670,Android,13,Mid-range
DEV000671,Android,12,Budget
DEV000672,Android,14,Mid-range
DEV000673,Android,14,Budget
DEV000674,iOS,16.5,Premium
DEV000675,Android,12,Budget
DEV000676,Android,12,Mid-range
DEV000677,iOS,17.2,Mid-range
DEV000678,Android,14,Budget
DEV000679,Android,12,Mid-range
DEV000680,iOS,16.5,Mid-range
DEV000681,Android,11,Mid-range
DEV000682,iOS,16.5,Budget
DEV000683,Android,14,Budget
DEV000684,iOS,16.5,Budget
DEV000685,Android,12,Premium
DEV000686,Android,11,Mid-range
DEV000687,Android,12,Budget
DEV000688,Android,11,Mid-range
DEV000689,Android,11,Premium
DEV000690,Android,12,Budget
DEV000691,iOS,16.5,Mid-range
DEV000692,Android,13,Mid-range
DEV000693,Android,11,Budget
DEV000694,Android,14,Mid-range
DEV000695,Android,11,Mid-range
DEV000696,Android,12,Budget
DEV000697,Android,11,Budget
DEV000698,Android,14,Mid-range
DEV000699,Android,13,Mid-range
DEV000700,Android,11,Budget
DEV000701,Android,12,Budget
DEV000702,Android,12,Mid-range
DEV000703,Android,12,Budget
DEV000704,iOS,16.5,Mid-range
DEV000705,Android,11,Mid-range
DEV000706,Android,11,Budget
DEV000707,Android,12,Mid-range
DEV000708,Android,11,Mid-range
DEV000709,Android,13,Budget
DEV000710,iOS,17.2,Budget
DEV000711,Android,12,Mid-range
DEV000712,iOS,17.2,Mid-range
DEV000713,Android,12,Mid-range
DEV000714,Android,13,Premium
DEV000715,Android,12,Budget
DEV000716,Android,14,Budget
DEV000717,Android,13,Mid-range
DEV000718,Android,14,Mid-range
DEV000719,Android,12,Budget
DEV000720,Android,12,Mid-range
DEV000721,Android,11,Mid-range
DEV000722,Android,12,Mid-range
DEV000723,Android,13,Mid-range
DEV000724,Android,11,Mid-range
DEV000725,Android,12,Budget
DEV000726,Android,11,Budget
DEV000727,Android,11,Premium
DEV000728,Android,12,Premium
DEV000729,Android,12,Budget
DEV000730,Android,14,Budget
DEV000731,Android,12,Mid-range
DEV000732,iOS,16.5,Budget
DEV000733,Android,11,Budget
DEV000734,iOS,16.5,Mid-range
DEV000735,iOS,16.5,Budget
DEV000736,iOS,17.2,Mid-range
DEV000737,Android,12,Premium
DEV000738,Android,12,Mid-range
DEV000739,Android,13,Budget
DEV000740,Android,13,Mid-range
DEV000741,Android,12,Budget
DEV000742,Android,11,Mid-range
DEV000743,Android,12,Mid-range
DEV000744,Android,12,Mid-range
DEV000745,Android,12,Budget
DEV000746,iOS,16.5,Budget
DEV000747,iOS,17.2,Budget
DEV000748,iOS,17.2,Premium
DEV000749,Android,11,Mid-range
DEV000750,Android,12,Mid-range
DEV000751,Android,13,Premium
DEV000752,Android,11,Mid-range
DEV000753,Android,14,Budget
DEV000754,Android,11,Mid-range
DEV000755,Android,12,Budget
DEV000756,Android,13,Mid-range
DEV000757,Android,13,Premium
DEV000758,Android,12,Mid-range
DEV000759,Android,13,Mid-range
DEV000760,Android,12,Mid-range
DEV000761,Android,11,Budget
DEV000762,Android,13,Mid-range
DEV000763,Android,12,Mid-range
DEV000764,Android,12,Budget
DEV000765,Android,12,Premium
DEV000766,Android,12,Premium
DEV000767,Android,12,Budget
DEV000768,iOS,16.5,Mid-range
DEV000769,iOS,16.5,Mid-range
DEV000770,Android,11,Mid-range
DEV000771,Android,14,Budget
DEV000772,Android,12,Budget
DEV000773,Android,12,Premium
DEV000774,iOS,16.5,Mid-range
DEV000775,iOS,16.5,Mid-range
DEV000776,Android,14,Mid-range
DEV000777,Android,11,Budget
DEV000778,Android,11,Mid-range
DEV000779,Android,11,Mid-range
DEV000780,Android,12,Mid-range
DEV000781,Android,13,Mid-range
DEV000782,Android,11,Budget
DEV000783,iOS,17.2,Mid-range
DEV000784,Android,12,Mid-range
DEV000785,Android,14,Budget
DEV000786,iOS,17.2,Mid-range
DEV000787,Android,12,Mid-range
DEV000788,Android,12,Premium
DEV000789,Android,14,Mid-range
DEV000790,Android,11,Premium
DEV000791,Android,12,Premium
DEV000792,Android,11,Budget
DEV000793,Android,11,Budget
DEV000794,Android,12,Mid-range
DEV000795,Android,12,Premium
DEV000796,iOS,16.5,Mid-range
DEV000797,Android,12,Mid-range
DEV000798,Android,13,Budget
DEV000799,Android,12,Mid-range
DEV000800,Android,12,Budget
DEV000801,iOS,16.5,Budget
DEV000802,Android,13,Mid-range
DEV000803,Android,13,Mid-range
DEV000804,Android,13,Mid-range
DEV000805,Android,11,Budget
DEV000806,Android,13,Mid-range
DEV000807,Android,13,Mid-range
DEV000808,Android,12,Mid-range
DEV000809,Android,12,Mid-range
DEV000810,Android,12,Premium
DEV000811,Android,12,Mid-range
DEV000812,Android,13,Budget
DEV000813,Android,11,Budget
DEV000814,Android,12,Mid-range
DEV000815,Android,11,Mid-range
DEV000816,Android,12,Mid-range
DEV000817,Android,13,Premium
DEV000818,iOS,17.2,Budget
DEV000819,Android,12,Mid-range
DEV000820,Android,12,Mid-range
DEV000821,Android,12,Budget
DEV000822,Android,11,Budget
DEV000823,Android,12,Mid-range
DEV000824,Android,11,Premium
DEV000825,Android,11,Budget
DEV000826,Android,13,Budget
DEV000827,Android,14,Mid-range
DEV000828,Android,12,Mid-range
DEV000829,Android,12,Budget
DEV000830,iOS,16.5,Mid-range
DEV000831,iOS,17.2,Budget
DEV000832,Android,12,Budget
DEV000833,Android,12,Premium
DEV000834,Android,13,Mid-range
DEV000835,Android,12,Mid-range
DEV000836,Android,12,Premium
DEV000837,Android,13,Mid-range
DEV000838,Android,12,Mid-range
DEV000839,Android,13,Budget
DEV000840,Android,13,Budget
DEV000841,Android,12,Mid-range
DEV000842,Android,12,Premium
DEV000843,Android,13,Budget
DEV000844,iOS,17.2,Budget
DEV000845,Android,14,Budget
DEV000846,iOS,16.5,Mid-range
DEV000847,Android,11,Mid-range
DEV000848,Android,12,Budget
DEV000849,Android,11,Budget
DEV000850,Android,12,Mid-range
DEV000851,Android,13,Mid-range
DEV000852,Android,12,Mid-range
DEV000853,Android,11,Premium
DEV000854,Android,13,Budget
DEV000855,Android,12,Mid-range
DEV000856,Android,12,Mid-range
DEV000857,Android,12,Mid-range
DEV000858,Android,12,Mid-range
DEV000859,iOS,17.2,Mid-range
DEV000860,Android,14,Mid-range
DEV000861,Android,13,Budget
DEV000862,Android,12,Premium
DEV000863,Android,14,Mid-range
DEV000864,Android,13,Mid-range
DEV000865,Android,13,Budget
DEV000866,Android,13,Mid-range
DEV000867,Android,14,Budget
DEV000868,Android,13,Budget
DEV000869,iOS,16.5,Budget
DEV000870,Android,11,Budget
DEV000871,Android,11,Mid-range
DEV000872,Android,12,Mid-range
DEV000873,iOS,16.5,Premium
DEV000874,Android,13,Budget
DEV000875,Android,11,Budget
DEV000876,Android,12,Mid-range
DEV000877,Android,12,Budget
DEV000878,Android,11,Premium
DEV000879,Android,12,Budget
DEV000880,Android,14,Mid-range
DEV000881,Android,13,Mid-range
DEV000882,Android,13,Budget
DEV000883,Android,11,Mid-range
DEV000884,Android,11,Premium
DEV000885,Android,12,Budget
DEV000886,Android,11,Mid-range
DEV000887,Android,12,Budget
DEV000888,iOS,16.5,Mid-range
DEV000889,Android,12,Budget
DEV000890,Android,13,Budget
DEV000891,iOS,17.2,Mid-range
DEV000892,iOS,17.2,Mid-range
DEV000893,Android,12,Budget
DEV000894,Android,13,Budget
DEV000895,Android,12,Budget
DEV000896,Android,12,Budget
DEV000897,Android,12,Premium
DEV000898,Android,13,Budget
DEV000899,Android,13,Mid-range
DEV000900,Android,11,Mid-range
DEV000901,Android,12,Mid-range
DEV000902,Android,11,Mid-range
DEV000903,Android,13,Budget
DEV000904,Android,14,Budget
DEV000905,Android,13,Premium
DEV000906,Android,12,Premium
DEV000907,iOS,16.5,Mid-range
DEV000908,Android,11,Premium
DEV000909,Android,12,Mid-range
DEV000910,iOS,16.5,Budget
DEV000911,Android,13,Mid-range
DEV000912,Android,13,Premium
DEV000913,iOS,16.5,Budget
DEV000914,iOS,16.5,Budget
DEV000915,iOS,16.5,Premium
DEV000916,Android,12,Mid-range
DEV000917,iOS,16.5,Premium
DEV000918,iOS,16.5,Premium
DEV000919,Android,11,Mid-range
DEV000920,Android,11,Premium
DEV000921,Android,12,Premium
DEV000922,Android,12,Mid-range
DEV000923,iOS,16.5,Premium
DEV000924,Android,12,Budget
DEV000925,Android,11,Budget
DEV000926,Android,12,Budget
DEV000927,Android,11,Mid-range
DEV000928,Android,14,Mid-range
DEV000929,Android,14,Budget
DEV000930,iOS,16.5,Premium
DEV000931,Android,14,Mid-range
DEV000932,Android,11,Mid-range
DEV000933,Android,11,Budget
DEV000934,Android,12,Budget
DEV000935,Android,12,Budget
DEV000936,Android,14,Premium
DEV000937,Android,12,Mid-range
DEV000938,Android,11,Mid-range
DEV000939,Android,13,Budget
DEV000940,Android,11,Budget
DEV000941,Android,12,Mid-range
DEV000942,iOS,16.5,Mid-range
DEV000943,Android,12,Budget
DEV000944,iOS,16.5,Budget
DEV000945,Android,13,Budget
DEV000946,Android,11,Budget
DEV000947,Android,13,Mid-range
DEV000948,Android,12,Mid-range
DEV000949,Android,12,Mid-range
DEV000950,Android,13,Budget
DEV000951,Android,11,Mid-range
DEV000952,iOS,16.5,Budget
DEV000953,Android,12,Mid-range
DEV000954,Android,11,Mid-range
DEV000955,Android,11,Mid-range
DEV000956,Android,12,Mid-range
DEV000957,Android,11,Budget
DEV000958,Android,12,Budget
DEV000959,Android,11,Mid-range
DEV000960,Android,11,Mid-range
DEV000961,Android,14,Mid-range
DEV000962,Android,12,Mid-range
DEV000963,Android,11,Mid-range
DEV000964,Android,14,Mid-range
DEV000965,Android,12,Mid-range
DEV000966,Android,13,Mid-range
DEV000967,Android,11,Budget
DEV000968,Android,11,Premium
DEV000969,iOS,16.5,Budget
DEV000970,iOS,16.5,Budget
DEV000971,Android,12,Mid-range
DEV000972,Android,14,Premium
DEV000973,Android,13,Mid-range
DEV000974,iOS,17.2,Budget
DEV000975,iOS,16.5,Premium
DEV000976,Android,12,Mid-range
DEV000977,Android,13,Mid-range
DEV000978,Android,13,Budget
DEV000979,Android,11,Mid-range
DEV000980,Android,12,Mid-range
DEV000981,Android,11,Budget
DEV000982,Android,11,Budget
DEV000983,Android,13,Mid-range
DEV000984,Android,12,Mid-range
DEV000985,Android,11,Budget
DEV000986,Android,12,Premium
DEV000987,Android,13,Budget
DEV000988,Android,14,Mid-range
DEV000989,Android,14,Premium
DEV000990,Android,11,Budget
DEV000991,Android,11,Budget
DEV000992,Android,13,Mid-range
DEV000993,Android,11,Mid-range
DEV000994,Android,12,Budget
DEV000995,Android,11,Premium
DEV000996,Android,11,Mid-range
DEV000997,Android,12,Mid-range
DEV000998,Android,13,Budget
DEV000999,Android,13,Mid-range
DEV001000,Android,12,Budget
DEV001001,Android,11,Mid-range
DEV001002,Android,11,Budget
DEV001003,Android,11,Premium
DEV001004,iOS,16.5,Premium
DEV001005,Android,13,Mid-range
DEV001006,Android,12,Premium
DEV001007,iOS,16.5,Mid-range
DEV001008,Android,14,Budget
DEV001009,Android,12,Budget
DEV001010,Android,12,Mid-range
DEV001011,Android,12,Mid-range
DEV001012,Android,12,Mid-range
DEV001013,Android,14,Premium
DEV001014,Android,13,Premium
DEV001015,Android,13,Budget
DEV001016,Android,11,Budget
DEV001017,Android,13,Premium
DEV001018,Android,14,Budget
DEV001019,Android,13,Budget
DEV001020,Android,12,Mid-range
DEV001021,Android,13,Premium
DEV001022,Android,11,Mid-range
DEV001023,Android,13,Mid-range
DEV001024,Android,12,Premium
DEV001025,Android,12,Premium
DEV001026,Android,11,Premium
DEV001027,iOS,17.2,Budget
DEV001028,iOS,17.2,Mid-range
DEV001029,Android,11,Mid-range
DEV001030,Android,11,Premium
DEV001031,Android,13,Mid-range
DEV001032,Android,12,Mid-range
DEV001033,Android,12,Budget
DEV001034,Android,12,Mid-range
DEV001035,Android,11,Premium
DEV001036,Android,12,Mid-range
DEV001037,iOS,16.5,Budget
DEV001038,Android,12,Mid-range
DEV001039,Android,11,Budget
DEV001040,Android,12,Premium
DEV001041,Android,13,Mid-range
DEV001042,Android,11,Budget
DEV001043,Android,12,Mid-range
DEV001044,Android,12,Mid-range
DEV001045,Android,13,Budget
DEV001046,Android,14,Premium
DEV001047,Android,13,Mid-range
DEV001048,Android,11,Mid-range
DEV001049,Android,11,Mid-range
DEV001050,Android,12,Premium
DEV001051,Android,12,Mid-range
DEV001052,Android,11,Budget
DEV001053,Android,14,Premium
DEV001054,Android,13,Mid-range
DEV001055,Android,12,Mid-range
DEV001056,Android,11,Mid-range
DEV001057,Android,11,Mid-range
DEV001058,Android,12,Mid-range
DEV001059,Android,13,Mid-range
DEV001060,Android,12,Mid-range
DEV001061,Android,11,Mid-range
DEV001062,Android,11,Mid-range
DEV001063,Android,12,Premium
DEV001064,Android,11,Mid-range
DEV001065,Android,13,Mid-range
DEV001066,iOS,16.5,Budget
DEV001067,Android,11,Budget
DEV001068,Android,11,Mid-range
DEV001069,Android,14,Budget
DEV001070,Android,12,Budget
DEV001071,Android,12,Mid-range
DEV001072,iOS,17.2,Budget
DEV001073,Android,13,Mid-range
DEV001074,Android,13,Premium
DEV001075,Android,14,Budget
DEV001076,Android,12,Mid-range
DEV001077,Android,11,Budget
DEV001078,Android,11,Mid-range
DEV001079,Android,12,Mid-range
DEV001080,Android,13,Premium
DEV001081,Android,11,Mid-range
DEV001082,Android,11,Budget
DEV001083,iOS,16.5,Premium
DEV001084,Android,12,Budget
DEV001085,Android,11,Premium
DEV001086,iOS,16.5,Mid-range
DEV001087,Android,11,Premium
DEV001088,Android,12,Premium
DEV001089,Android,13,Mid-range
DEV001090,Android,13,Budget
DEV001091,Android,11,Budget
DEV001092,Android,11,Mid-range
DEV001093,Android,12,Premium
DEV001094,Android,12,Mid-range
DEV001095,Android,11,Premium
DEV001096,Android,13,Mid-range
DEV001097,iOS,17.2,Budget
DEV001098,Android,12,Mid-range
DEV001099,Android,12,Mid-range
DEV001100,iOS,17.2,Budget
DEV001101,Android,14,Budget
DEV001102,Android,12,Premium
DEV001103,Android,12,Budget
DEV001104,iOS,16.5,Mid-range
DEV001105,Android,13,Mid-range
DEV001106,Android,11,Mid-range
DEV001107,Android,14,Mid-range
DEV001108,Android,11,Budget
DEV001109,Android,13,Mid-range
DEV001110,Android,13,Budget
DEV001111,Android,11,Budget
DEV001112,Android,12,Budget
DEV001113,Android,12,Budget
DEV001114,Android,11,Mid-range
DEV001115,Android,13,Mid-range
DEV001116,Android,11,Budget
DEV001117,Android,11,Mid-range
DEV001118,Android,12,Budget
DEV001119,Android,12,Budget
DEV001120,Android,11,Premium
DEV001121,iOS,16.5,Premium
DEV001122,Android,13,Budget
DEV001123,Android,12,Budget
DEV001124,Android,12,Mid-range
DEV001125,Android,11,Mid-range
DEV001126,Android,12,Mid-range
DEV001127,Android,11,Budget
DEV001128,Android,11,Mid-range
DEV001129,Android,13,Budget
DEV001130,Android,11,Budget
DEV001131,iOS,16.5,Budget
DEV001132,Android,13,Mid-range
DEV001133,Android,12,Budget
DEV001134,Android,14,Premium
DEV001135,iOS,17.2,Budget
DEV001136,Android,12,Premium
DEV001137,Android,11,Budget
DEV001138,iOS,17.2,Premium
DEV001139,Android,12,Mid-range
DEV001140,Android,12,Mid-range
DEV001141,Android,11,Budget
DEV001142,Android,14,Budget
DEV001143,Android,11,Mid-range
DEV001144,Android,13,Mid-range
DEV001145,Android,13,Mid-range
DEV001146,iOS,17.2,Mid-range
DEV001147,Android,13,Mid-range
DEV001148,Android,12,Mid-range
DEV001149,Android,14,Mid-range
DEV001150,Android,12,Mid-range
DEV001151,Android,13,Budget
DEV001152,Android,13,Mid-range
DEV001153,Android,14,Budget
DEV001154,iOS,17.2,Mid-range
DEV001155,Android,12,Mid-range
DEV001156,iOS,16.5,Mid-range
DEV001157,Android,12,Mid-range
DEV001158,Android,12,Premium
DEV001159,Android,12,Mid-range
DEV001160,Android,11,Mid-range
DEV001161,Android,13,Budget
DEV001162,Android,13,Budget
DEV001163,iOS,17.2,Mid-range
DEV001164,Android,12,Mid-range
DEV001165,iOS,17.2,Mid-range
DEV001166,Android,11,Budget
DEV001167,Android,12,Mid-range
DEV001168,Android,13,Mid-range
DEV001169,Android,12,Budget
DEV001170,Android,14,Mid-range
DEV001171,Android,12,Budget
DEV001172,Android,11,Budget
DEV001173,Android,12,Premium
DEV001174,Android,11,Premium
DEV001175,Android,11,Budget
DEV001176,Android,12,Budget
DEV001177,Android,12,Mid-range
DEV001178,Android,12,Mid-range
DEV001179,Android,12,Budget
DEV001180,Android,14,Budget
DEV001181,Android,14,Mid-range
DEV001182,Android,13,Budget
DEV001183,iOS,17.2,Budget
DEV001184,Android,11,Budget
DEV001185,Android,13,Premium
DEV001186,Android,11,Mid-range
DEV001187,Android,11,Mid-range
DEV001188,Android,12,Budget
DEV001189,Android,13,Budget
DEV001190,Android,13,Budget
DEV001191,Android,13,Budget
DEV001192,Android,14,Mid-range
DEV001193,Android,11,Budget
DEV001194,iOS,16.5,Budget
DEV001195,Android,12,Mid-range
DEV001196,Android,12,Premium
DEV001197,Android,12,Mid-range
DEV001198,Android,13,Mid-range
DEV001199,Android,13,Budget
DEV001200,Android,14,Mid-range
DEV001201,Android,14,Mid-range
DEV001202,Android,12,Mid-range
DEV001203,Android,11,Budget
DEV001204,Android,11,Budget
DEV001205,Android,11,Mid-range
DEV001206,Android,12,Mid-range
DEV001207,Android,11,Budget
DEV001208,Android,11,Mid-range
DEV001209,Android,13,Mid-range
DEV001210,iOS,17.2,Mid-range
DEV001211,Android,12,Budget
DEV001212,Android,12,Mid-range
DEV001213,Android,11,Budget
DEV001214,Android,11,Budget
DEV001215,Android,14,Premium
DEV001216,Android,12,Mid-range
DEV001217,Android,13,Mid-range
DEV001218,Android,14,Mid-range
DEV001219,Android,11,Budget
DEV001220,Android,14,Budget
DEV001221,Android,12,Mid-range
DEV001222,Android,11,Mid-range
DEV001223,Android,13,Mid-range
DEV001224,Android,12,Budget
DEV001225,Android,11,Mid-range
DEV001226,Android,14,Budget
DEV001227,Android,14,Budget
DEV001228,Android,13,Mid-range
DEV001229,iOS,17.2,Budget
DEV001230,Android,14,Mid-range
DEV001231,Android,12,Premium
DEV001232,Android,12,Budget
DEV001233,Android,14,Mid-range
DEV001234,iOS,17.2,Mid-range
DEV001235,Android,11,Mid-range
DEV001236,Android,13,Budget
DEV001237,Android,13,Mid-range
DEV001238,Android,11,Budget
DEV001239,Android,11,Budget
DEV001240,Android,11,Budget
DEV001241,Android,12,Mid-range
DEV001242,Android,12,Mid-range
DEV001243,Android,12,Budget
DEV001244,iOS,16.5,Premium
DEV001245,Android,13,Budget
DEV001246,iOS,17.2,Mid-range
DEV001247,iOS,16.5,Premium
DEV001248,iOS,16.5,Budget
DEV001249,iOS,16.5,Budget
DEV001250,Android,13,Mid-range
DEV001251,Android,14,Mid-range
DEV001252,Android,12,Mid-range
DEV001253,Android,12,Mid-range
DEV001254,Android,12,Mid-range
DEV001255,iOS,16.5,Budget
DEV001256,Android,12,Budget
DEV001257,iOS,16.5,Budget
DEV001258,iOS,17.2,Budget
DEV001259,Android,11,Mid-range
DEV001260,Android,13,Mid-range
DEV001261,Android,12,Mid-range
DEV001262,Android,12,Budget
DEV001263,Android,12,Budget
DEV001264,Android,12,Budget
DEV001265,Android,12,Mid-range
DEV001266,Android,12,Mid-range
DEV001267,Android,13,Mid-range
DEV001268,Android,12,Mid-range
DEV001269,Android,11,Budget
DEV001270,Android,14,Mid-range
DEV001271,Android,11,Premium
DEV001272,Android,12,Budget
DEV001273,iOS,17.2,Budget
DEV001274,Android,13,Budget
DEV001275,Android,13,Budget
DEV001276,iOS,16.5,Budget
DEV001277,Android,13,Budget
DEV001278,Android,12,Premium
DEV001279,Android,11,Budget
DEV001280,Android,12,Mid-range
DEV001281,Android,11,Mid-range
DEV001282,Android,13,Budget
DEV001283,Android,12,Budget
DEV001284,Android,11,Mid-range
DEV001285,Android,11,Mid-range
DEV001286,Android,14,Premium
DEV001287,Android,12,Budget
DEV001288,Android,11,Budget
DEV001289,Android,13,Budget
DEV001290,Android,12,Premium
DEV001291,Android,11,Mid-range
DEV001292,Android,14,Budget
DEV001293,iOS,17.2,Budget
DEV001294,Android,12,Budget
DEV001295,Android,13,Mid-range
DEV001296,Android,13,Mid-range
DEV001297,Android,11,Mid-range
DEV001298,Android,13,Premium
DEV001299,Android,11,Budget
DEV001300,Android,14,Mid-range
DEV001301,Android,12,Premium
DEV001302,Android,12,Budget
DEV001303,Android,12,Budget
DEV001304,Android,13,Mid-range
DEV001305,Android,13,Mid-range
DEV001306,Android,13,Mid-range
DEV001307,Android,13,Budget
DEV001308,Android,12,Mid-range
DEV001309,Android,13,Budget
DEV001310,Android,11,Premium
DEV001311,iOS,17.2,Mid-range
DEV001312,Android,11,Mid-range
DEV001313,Android,13,Mid-range
DEV001314,iOS,17.2,Premium
DEV001315,iOS,16.5,Budget
DEV001316,iOS,16.5,Mid-range
DEV001317,Android,12,Mid-range
DEV001318,Android,14,Premium
DEV001319,Android,14,Budget
DEV001320,Android,11,Budget
DEV001321,Android,11,Budget
DEV001322,Android,14,Mid-range
DEV001323,Android,13,Mid-range
DEV001324,Android,12,Mid-range
DEV001325,Android,11,Mid-range
DEV001326,Android,13,Budget
DEV001327,Android,12,Mid-range
DEV001328,Android,11,Mid-range
DEV001329,Android,12,Budget
DEV001330,Android,13,Mid-range
DEV001331,Android,13,Budget
DEV001332,Android,13,Mid-range
DEV001333,Android,14,Budget
DEV001334,Android,11,Mid-range
DEV001335,Android,12,Mid-range
DEV001336,Android,12,Mid-range
DEV001337,Android,13,Budget
DEV001338,Android,13,Mid-range
DEV001339,Android,11,Premium
DEV001340,Android,12,Mid-range
DEV001341,Android,13,Budget
DEV001342,Android,11,Mid-range
DEV001343,Android,12,Premium
DEV001344,Android,14,Budget
DEV001345,Android,14,Budget
DEV001346,Android,11,Mid-range
DEV001347,Android,13,Budget
DEV001348,Android,12,Budget
DEV001349,Android,12,Mid-range
DEV001350,Android,12,Budget
DEV001351,Android,11,Mid-range
DEV001352,Android,13,Budget
DEV001353,Android,12,Budget
DEV001354,iOS,16.5,Budget
DEV001355,Android,12,Budget
DEV001356,Android,11,Premium
DEV001357,iOS,16.5,Mid-range
DEV001358,iOS,16.5,Mid-range
DEV001359,Android,12,Budget
DEV001360,Android,12,Mid-range
DEV001361,Android,12,Budget
DEV001362,Android,12,Mid-range
DEV001363,iOS,16.5,Budget
DEV001364,Android,14,Premium
DEV001365,iOS,17.2,Budget
DEV001366,Android,12,Budget
DEV001367,Android,14,Budget
DEV001368,Android,13,Budget
DEV001369,Android,11,Mid-range
DEV001370,Android,12,Mid-range
DEV001371,Android,12,Mid-range
DEV001372,Android,12,Mid-range
DEV001373,Android,11,Premium
DEV001374,Android,14,Budget
DEV001375,Android,11,Mid-range
DEV001376,Android,11,Budget
DEV001377,Android,14,Premium
DEV001378,iOS,17.2,Budget
DEV001379,Android,13,Mid-range
DEV001380,Android,13,Budget
DEV001381,Android,12,Budget
DEV001382,Android,12,Budget
DEV001383,iOS,17.2,Mid-range
DEV001384,Android,11,Premium
DEV001385,iOS,16.5,Mid-range
DEV001386,Android,13,Budget
DEV001387,iOS,17.2,Budget
DEV001388,Android,11,Budget
DEV001389,Android,14,Budget
DEV001390,Android,13,Mid-range
DEV001391,iOS,17.2,Budget
DEV001392,Android,12,Budget
DEV001393,Android,14,Mid-range
DEV001394,Android,13,Budget
DEV001395,Android,12,Budget
DEV001396,Android,11,Mid-range
DEV001397,Android,13,Budget
DEV001398,Android,11,Mid-range
DEV001399,Android,12,Mid-range
DEV001400,iOS,17.2,Budget
DEV001401,Android,12,Budget
DEV001402,Android,11,Budget
DEV001403,Android,13,Mid-range
DEV001404,Android,13,Budget
DEV001405,Android,14,Budget
DEV001406,Android,11,Budget
DEV001407,Android,12,Mid-range
DEV001408,Android,13,Budget
DEV001409,iOS,17.2,Budget
DEV001410,Android,12,Mid-range
DEV001411,Android,13,Budget
DEV001412,Android,12,Mid-range
DEV001413,Android,11,Budget
DEV001414,Android,14,Premium
DEV001415,Android,11,Mid-range
DEV001416,Android,12,Mid-range
DEV001417,Android,13,Mid-range
DEV001418,Android,12,Mid-range
DEV001419,Android,11,Budget
DEV001420,iOS,16.5,Mid-range
DEV001421,Android,11,Premium
DEV001422,Android,14,Budget
DEV001423,Android,11,Mid-range
DEV001424,Android,11,Mid-range
DEV001425,Android,14,Budget
DEV001426,Android,11,Mid-range
DEV001427,Android,11,Budget
DEV001428,Android,11,Budget
DEV001429,iOS,16.5,Budget
DEV001430,Android,13,Budget
DEV001431,Android,12,Mid-range
DEV001432,Android,13,Budget
DEV001433,Android,12,Budget
DEV001434,Android,11,Premium
DEV001435,Android,12,Mid-range
DEV001436,Android,14,Mid-range
DEV001437,iOS,17.2,Mid-range
DEV001438,Android,12,Mid-range
DEV001439,Android,12,Premium
DEV001440,Android,12,Budget
DEV001441,Android,11,Budget
DEV001442,Android,11,Premium
DEV001443,Android,14,Budget
DEV001444,iOS,17.2,Mid-range
DEV001445,Android,14,Premium
DEV001446,iOS,17.2,Budget
DEV001447,Android,13,Budget
DEV001448,Android,14,Premium
DEV001449,Android,11,Premium
DEV001450,Android,11,Mid-range
DEV001451,Android,14,Budget
DEV001452,Android,14,Mid-range
DEV001453,Android,11,Mid-range
DEV001454,Android,14,Mid-range
DEV001455,iOS,16.5,Budget
DEV001456,Android,13,Premium
DEV001457,Android,13,Mid-range
DEV001458,Android,11,Premium
DEV001459,iOS,16.5,Mid-range
DEV001460,Android,12,Mid-range
DEV001461,Android,11,Budget
DEV001462,Android,11,Mid-range
DEV001463,Android,11,Premium
DEV001464,Android,11,Budget
DEV001465,Android,13,Premium
DEV001466,Android,14,Budget
DEV001467,Android,11,Mid-range
DEV001468,iOS,16.5,Mid-range
DEV001469,Android,14,Premium
DEV001470,iOS,17.2,Budget
DEV001471,iOS,16.5,Budget
DEV001472,Android,11,Budget
DEV001473,Android,11,Budget
DEV001474,iOS,16.5,Mid-range
DEV001475,iOS,17.2,Mid-range
DEV001476,Android,11,Premium
DEV001477,Android,13,Premium
DEV001478,Android,14,Budget
DEV001479,Android,13,Budget
DEV001480,Android,12,Mid-range
DEV001481,Android,11,Mid-range
DEV001482,iOS,16.5,Premium
DEV001483,Android,12,Premium
DEV001484,iOS,17.2,Budget
DEV001485,Android,13,Premium
DEV001486,iOS,17.2,Budget
DEV001487,Android,13,Premium
DEV001488,Android,11,Mid-range
DEV001489,Android,11,Premium
DEV001490,Android,11,Premium
DEV001491,Android,11,Mid-range
DEV001492,Android,13,Premium
DEV001493,Android,12,Budget
DEV001494,Android,11,Budget
DEV001495,Android,12,Budget
DEV001496,Android,11,Budget
DEV001497,Android,13,Premium
DEV001498,iOS,16.5,Mid-range
DEV001499,Android,12,Mid-range
DEV001500,Android,11,Mid-range
DEV001501,iOS,16.5,Mid-range
DEV001502,Android,13,Budget
DEV001503,Android,11,Mid-range
DEV001504,Android,12,Budget
DEV001505,iOS,17.2,Budget
DEV001506,Android,11,Budget
DEV001507,Android,13,Mid-range
DEV001508,iOS,16.5,Budget
DEV001509,Android,13,Mid-range
DEV001510,Android,12,Budget
DEV001511,iOS,16.5,Budget
DEV001512,iOS,16.5,Budget
DEV001513,Android,11,Budget
DEV001514,Android,11,Mid-range
DEV001515,Android,13,Mid-range
DEV001516,Android,12,Budget
DEV001517,Android,11,Budget
DEV001518,Android,13,Mid-range
DEV001519,Android,11,Budget
DEV001520,Android,12,Budget
DEV001521,Android,13,Mid-range
DEV001522,Android,11,Budget
DEV001523,Android,11,Budget
DEV001524,Android,11,Mid-range
DEV001525,Android,12,Budget
DEV001526,Android,12,Mid-range
DEV001527,Android,11,Mid-range
DEV001528,Android,11,Premium
DEV001529,Android,12,Mid-range
DEV001530,Android,12,Mid-range
DEV001531,Android,11,Budget
DEV001532,Android,11,Mid-range
DEV001533,Android,13,Budget
DEV001534,Android,12,Mid-range
DEV001535,iOS,17.2,Mid-range
DEV001536,Android,13,Mid-range
DEV001537,Android,14,Mid-range
DEV001538,Android,12,Premium
DEV001539,Android,12,Premium
DEV001540,Android,12,Budget
DEV001541,iOS,16.5,Mid-range
DEV001542,Android,12,Premium
DEV001543,Android,14,Mid-range
DEV001544,Android,13,Budget
DEV001545,Android,14,Budget
DEV001546,iOS,17.2,Premium
DEV001547,Android,14,Budget
DEV001548,Android,12,Premium
DEV001549,Android,12,Premium
DEV001550,Android,13,Mid-range
DEV001551,Android,12,Premium
DEV001552,iOS,16.5,Budget
DEV001553,Android,12,Budget
DEV001554,Android,12,Budget
DEV001555,Android,12,Premium
DEV001556,Android,14,Mid-range
DEV001557,Android,12,Mid-range
DEV001558,Android,12,Budget
DEV001559,Android,13,Mid-range
DEV001560,iOS,16.5,Premium
DEV001561,Android,13,Budget
DEV001562,Android,12,Mid-range
DEV001563,Android,12,Mid-range
DEV001564,Android,12,Mid-range
DEV001565,Android,13,Budget
DEV001566,Android,12,Budget
DEV001567,Android,13,Mid-range
DEV001568,Android,11,Premium
DEV001569,Android,12,Budget
DEV001570,Android,13,Premium
DEV001571,iOS,16.5,Budget
DEV001572,Android,14,Budget
DEV001573,Android,12,Mid-range
DEV001574,Android,13,Budget
DEV001575,iOS,16.5,Budget
DEV001576,iOS,17.2,Mid-range
DEV001577,Android,14,Budget
DEV001578,Android,12,Mid-range
DEV001579,Android,11,Budget
DEV001580,Android,14,Mid-range
DEV001581,Android,14,Premium
DEV001582,Android,14,Mid-range
DEV001583,Android,11,Budget
DEV001584,Android,12,Budget
DEV001585,iOS,16.5,Premium
DEV001586,Android,11,Budget
DEV001587,Android,14,Mid-range
DEV001588,Android,11,Mid-range
DEV001589,iOS,16.5,Mid-range
DEV001590,Android,12,Mid-range
DEV001591,Android,12,Mid-range
DEV001592,Android,11,Budget
DEV001593,Android,12,Mid-range
DEV001594,Android,11,Premium
DEV001595,Android,13,Budget
DEV001596,Android,11,Premium
DEV001597,Android,13,Mid-range
DEV001598,Android,12,Budget
DEV001599,Android,11,Mid-range
DEV001600,iOS,17.2,Premium
DEV001601,Android,13,Mid-range
DEV001602,Android,12,Mid-range
DEV001603,Android,11,Mid-range
DEV001604,Android,14,Budget
DEV001605,iOS,16.5,Mid-range
DEV001606,Android,13,Budget
DEV001607,Android,12,Mid-range
DEV001608,Android,12,Premium
DEV001609,Android,13,Mid-range
DEV001610,Android,12,Budget
DEV001611,Android,12,Mid-range
DEV001612,Android,13,Mid-range
DEV001613,Android,12,Budget
DEV001614,Android,12,Mid-range
DEV001615,Android,14,Budget
DEV001616,Android,13,Mid-range
DEV001617,Android,12,Budget
DEV001618,Android,11,Premium
DEV001619,Android,13,Premium
DEV001620,Android,12,Mid-range
DEV001621,iOS,16.5,Budget
DEV001622,Android,11,Mid-range
DEV001623,iOS,16.5,Mid-range
DEV001624,Android,14,Mid-range
DEV001625,Android,13,Mid-range
DEV001626,Android,13,Mid-range
DEV001627,iOS,17.2,Budget
DEV001628,Android,12,Budget
DEV001629,Android,11,Mid-range
DEV001630,Android,13,Budget
DEV001631,Android,13,Budget
DEV001632,Android,12,Mid-range
DEV001633,iOS,16.5,Mid-range
DEV001634,Android,12,Mid-range
DEV001635,Android,14,Premium
DEV001636,Android,11,Budget
DEV001637,Android,11,Budget
DEV001638,Android,14,Mid-range
DEV001639,Android,11,Mid-range
DEV001640,Android,12,Budget
DEV001641,Android,12,Mid-range
DEV001642,Android,12,Mid-range
DEV001643,Android,12,Budget
DEV001644,Android,12,Premium
DEV001645,Android,12,Premium
DEV001646,Android,13,Premium
DEV001647,Android,11,Premium
DEV001648,Android,12,Premium
DEV001649,Android,12,Budget
DEV001650,Android,11,Premium
DEV001651,Android,11,Budget
DEV001652,Android,12,Mid-range
DEV001653,iOS,16.5,Mid-range
DEV001654,Android,12,Mid-range
DEV001655,Android,14,Mid-range
DEV001656,Android,13,Budget
DEV001657,Android,13,Budget
DEV001658,Android,12,Mid-range
DEV001659,Android,11,Mid-range
DEV001660,Android,12,Mid-range
DEV001661,Android,11,Mid-range
DEV001662,Android,13,Mid-range
DEV001663,iOS,17.2,Budget
DEV001664,Android,11,Budget
DEV001665,Android,12,Budget
DEV001666,Android,12,Mid-range
DEV001667,Android,11,Mid-range
DEV001668,Android,13,Budget
DEV001669,Android,13,Budget
DEV001670,Android,11,Budget
DEV001671,Android,13,Budget
DEV001672,Android,14,Budget
DEV001673,Android,12,Mid-range
DEV001674,Android,13,Budget
DEV001675,iOS,16.5,Premium
DEV001676,Android,12,Premium
DEV001677,Android,12,Budget
DEV001678,iOS,16.5,Premium
DEV001679,Android,12,Budget
DEV001680,Android,13,Budget
DEV001681,Android,13,Mid-range
DEV001682,Android,11,Budget
DEV001683,Android,13,Budget
DEV001684,iOS,16.5,Budget
DEV001685,Android,12,Budget
DEV001686,iOS,17.2,Mid-range
DEV001687,Android,13,Budget
DEV001688,Android,13,Mid-range
DEV001689,Android,12,Mid-range
DEV001690,Android,12,Budget
DEV001691,Android,13,Mid-range
DEV001692,Android,12,Mid-range
DEV001693,Android,13,Budget
DEV001694,Android,13,Budget
DEV001695,Android,14,Budget
DEV001696,Android,13,Budget
DEV001697,Android,11,Budget
DEV001698,Android,11,Budget
DEV001699,Android,12,Mid-range
DEV001700,Android,11,Mid-range
DEV001701,Android,12,Budget
DEV001702,Android,12,Budget
DEV001703,iOS,16.5,Budget
DEV001704,Android,11,Mid-range
DEV001705,iOS,16.5,Mid-range
DEV001706,Android,13,Budget
DEV001707,Android,11,Mid-range
DEV001708,Android,13,Budget
DEV001709,Android,12,Budget
DEV001710,iOS,17.2,Budget
DEV001711,Android,12,Budget
DEV001712,Android,11,Budget
DEV001713,Android,12,Mid-range
DEV001714,Android,12,Mid-range
DEV001715,Android,11,Mid-range
DEV001716,Android,11,Premium
DEV001717,Android,13,Budget
DEV001718,Android,12,Mid-range
DEV001719,Android,13,Premium
DEV001720,Android,11,Mid-range
DEV001721,Android,11,Mid-range
DEV001722,iOS,17.2,Budget
DEV001723,Android,12,Premium
DEV001724,Android,14,Mid-range
DEV001725,Android,14,Budget
DEV001726,Android,13,Budget
DEV001727,iOS,16.5,Budget
DEV001728,Android,12,Mid-range
DEV001729,Android,14,Mid-range
DEV001730,Android,11,Budget
DEV001731,Android,12,Budget
DEV001732,Android,13,Mid-range
DEV001733,iOS,17.2,Budget
DEV001734,iOS,16.5,Budget
DEV001735,Android,12,Budget
DEV001736,Android,12,Budget
DEV001737,Android,13,Mid-range
DEV001738,Android,14,Mid-range
DEV001739,Android,13,Premium
DEV001740,Android,13,Budget
DEV001741,Android,12,Mid-range
DEV001742,Android,11,Mid-range
DEV001743,Android,11,Budget
DEV001744,Android,13,Budget
DEV001745,Android,14,Mid-range
DEV001746,iOS,17.2,Budget
DEV001747,Android,13,Budget
DEV001748,Android,14,Premium
DEV001749,iOS,16.5,Budget
DEV001750,Android,12,Budget
DEV001751,iOS,17.2,Budget
DEV001752,Android,11,Mid-range
DEV001753,Android,12,Budget
DEV001754,Android,12,Mid-range
DEV001755,Android,12,Premium
DEV001756,Android,12,Budget
DEV001757,Android,12,Mid-range
DEV001758,Android,11,Mid-range
DEV001759,Android,13,Budget
DEV001760,Android,11,Mid-range
DEV001761,Android,13,Budget
DEV001762,Android,12,Budget
DEV001763,Android,13,Premium
DEV001764,Android,12,Budget
DEV001765,Android,11,Mid-range
DEV001766,Android,13,Mid-range
DEV001767,Android,12,Mid-range
DEV001768,Android,13,Budget
DEV001769,Android,14,Budget
DEV001770,Android,12,Mid-range
DEV001771,iOS,17.2,Budget
DEV001772,Android,12,Mid-range
DEV001773,Android,11,Budget
DEV001774,Android,11,Mid-range
DEV001775,Android,13,Budget
DEV001776,Android,13,Budget
DEV001777,iOS,16.5,Budget
DEV001778,Android,12,Mid-range
DEV001779,Android,13,Budget
DEV001780,Android,12,Premium
DEV001781,Android,14,Mid-range
DEV001782,Android,14,Mid-range
DEV001783,Android,13,Premium
DEV001784,Android,11,Mid-range
DEV001785,Android,12,Budget
DEV001786,iOS,16.5,Mid-range
DEV001787,Android,12,Mid-range
DEV001788,iOS,16.5,Budget
DEV001789,Android,13,Mid-range
DEV001790,Android,11,Budget
DEV001791,Android,13,Premium
DEV001792,Android,12,Budget
DEV001793,iOS,17.2,Premium
DEV001794,Android,14,Budget
DEV001795,iOS,17.2,Premium
DEV001796,Android,12,Budget
DEV001797,Android,12,Mid-range
DEV001798,Android,13,Budget
DEV001799,Android,13,Premium
DEV001800,Android,13,Premium
DEV001801,Android,13,Budget
DEV001802,Android,13,Budget
DEV001803,Android,12,Mid-range
DEV001804,iOS,17.2,Mid-range
DEV001805,iOS,17.2,Mid-range
DEV001806,Android,13,Budget
DEV001807,Android,11,Budget
DEV001808,Android,12,Mid-range
DEV001809,Android,13,Mid-range
DEV001810,Android,13,Mid-range
DEV001811,Android,12,Mid-range
DEV001812,Android,14,Mid-range
DEV001813,Android,11,Budget
DEV001814,Android,13,Budget
DEV001815,Android,14,Budget
DEV001816,Android,12,Budget
DEV001817,Android,14,Mid-range
DEV001818,Android,12,Mid-range
DEV001819,Android,11,Mid-range
DEV001820,Android,11,Premium
DEV001821,Android,13,Premium
DEV001822,Android,13,Mid-range
DEV001823,Android,11,Mid-range
DEV001824,Android,14,Budget
DEV001825,Android,13,Premium
DEV001826,Android,12,Premium
DEV001827,iOS,17.2,Budget
DEV001828,Android,13,Budget
DEV001829,Android,12,Mid-range
DEV001830,Android,14,Premium
DEV001831,Android,14,Premium
DEV001832,Android,13,Mid-range
DEV001833,Android,14,Mid-range
DEV001834,Android,13,Mid-range
DEV001835,iOS,17.2,Budget
DEV001836,Android,11,Mid-range
DEV001837,Android,11,Budget
DEV001838,Android,12,Budget
DEV001839,Android,12,Mid-range
DEV001840,Android,11,Mid-range
DEV001841,Android,12,Budget
DEV001842,Android,13,Budget
DEV001843,Android,11,Budget
DEV001844,Android,11,Premium
DEV001845,Android,13,Mid-range
DEV001846,Android,12,Mid-range
DEV001847,Android,12,Mid-range
DEV001848,Android,12,Budget
DEV001849,Android,11,Budget
DEV001850,Android,12,Mid-range
DEV001851,Android,12,Budget
DEV001852,Android,11,Budget
DEV001853,Android,12,Budget
DEV001854,Android,11,Mid-range
DEV001855,Android,12,Premium
DEV001856,Android,14,Premium
DEV001857,Android,11,Mid-range
DEV001858,Android,12,Premium
DEV001859,Android,13,Mid-range
DEV001860,iOS,17.2,Mid-range
DEV001861,Android,12,Premium
DEV001862,iOS,16.5,Budget
DEV001863,Android,12,Budget
DEV001864,iOS,16.5,Mid-range
DEV001865,Android,12,Mid-range
DEV001866,Android,12,Budget
DEV001867,iOS,16.5,Budget
DEV001868,Android,12,Premium
DEV001869,Android,11,Premium
DEV001870,Android,12,Budget
DEV001871,Android,11,Mid-range
DEV001872,Android,14,Premium
DEV001873,Android,12,Budget
DEV001874,Android,12,Mid-range
DEV001875,iOS,17.2,Mid-range
DEV001876,Android,13,Premium
DEV001877,Android,13,Budget
DEV001878,Android,12,Budget
DEV001879,Android,11,Budget
DEV001880,Android,14,Mid-range
DEV001881,Android,13,Budget
DEV001882,Android,12,Budget
DEV001883,Android,13,Mid-range
DEV001884,Android,11,Mid-range
DEV001885,Android,12,Mid-range
DEV001886,Android,13,Mid-range
DEV001887,Android,13,Mid-range
DEV001888,Android,11,Premium
DEV001889,Android,11,Mid-range
DEV001890,Android,12,Budget
DEV001891,Android,14,Mid-range
DEV001892,Android,12,Mid-range
DEV001893,Android,12,Mid-range
DEV001894,Android,11,Budget
DEV001895,Android,14,Mid-range
DEV001896,iOS,17.2,Budget
DEV001897,Android,13,Premium
DEV001898,Android,14,Mid-range
DEV001899,Android,12,Premium
DEV001900,Android,13,Mid-range
DEV001901,Android,11,Budget
DEV001902,Android,13,Mid-range
DEV001903,iOS,16.5,Budget
DEV001904,Android,13,Premium
DEV001905,Android,12,Mid-range
DEV001906,Android,13,Mid-range
DEV001907,Android,11,Budget
DEV001908,Android,14,Budget
DEV001909,Android,11,Mid-range
DEV001910,iOS,16.5,Premium
DEV001911,iOS,16.5,Premium
DEV001912,Android,12,Mid-range
DEV001913,Android,12,Budget
DEV001914,Android,11,Mid-range
DEV001915,Android,12,Budget
DEV001916,Android,11,Mid-range
DEV001917,Android,11,Mid-range
DEV001918,iOS,16.5,Budget
DEV001919,Android,12,Mid-range
DEV001920,Android,12,Mid-range
DEV001921,Android,13,Budget
DEV001922,Android,12,Mid-range
DEV001923,Android,11,Budget
DEV001924,Android,11,Mid-range
DEV001925,Android,12,Mid-range
DEV001926,Android,11,Mid-range
DEV001927,iOS,16.5,Mid-range
DEV001928,Android,12,Budget
DEV001929,Android,13,Budget
DEV001930,Android,13,Mid-range
DEV001931,iOS,16.5,Budget
DEV001932,Android,12,Budget
DEV001933,iOS,16.5,Budget
DEV001934,Android,11,Budget
DEV001935,Android,12,Budget
DEV001936,Android,13,Mid-range
DEV001937,Android,13,Premium
DEV001938,Android,13,Mid-range
DEV001939,iOS,17.2,Mid-range
DEV001940,Android,14,Budget
DEV001941,Android,11,Mid-range
DEV001942,Android,13,Budget
DEV001943,Android,12,Mid-range
DEV001944,Android,12,Mid-range
DEV001945,Android,13,Mid-range
DEV001946,Android,14,Mid-range
DEV001947,Android,11,Mid-range
DEV001948,Android,12,Budget
DEV001949,iOS,16.5,Mid-range
DEV001950,iOS,17.2,Mid-range
DEV001951,Android,12,Budget
DEV001952,Android,11,Mid-range
DEV001953,Android,11,Budget
DEV001954,Android,11,Budget
DEV001955,iOS,16.5,Budget
DEV001956,Android,12,Mid-range
DEV001957,Android,11,Premium
DEV001958,Android,12,Mid-range
DEV001959,Android,12,Mid-range
DEV001960,Android,14,Budget
DEV001961,Android,12,Budget
DEV001962,Android,13,Budget
DEV001963,Android,13,Mid-range
DEV001964,Android,12,Budget
DEV001965,iOS,16.5,Mid-range
DEV001966,Android,12,Premium
DEV001967,Android,12,Mid-range
DEV001968,Android,13,Mid-range
DEV001969,Android,11,Budget
DEV001970,Android,11,Mid-range
DEV001971,Android,11,Budget
DEV001972,Android,12,Mid-range
DEV001973,Android,11,Budget
DEV001974,Android,14,Mid-range
DEV001975,Android,12,Mid-range
DEV001976,Android,11,Budget
DEV001977,Android,14,Budget
DEV001978,Android,11,Mid-range
DEV001979,Android,11,Mid-range
DEV001980,Android,11,Mid-range
DEV001981,Android,11,Budget
DEV001982,Android,11,Premium
DEV001983,Android,13,Mid-range
DEV001984,Android,11,Mid-range
DEV001985,Android,13,Budget
DEV001986,Android,11,Mid-range
DEV001987,iOS,17.2,Premium
DEV001988,Android,11,Mid-range
DEV001989,Android,13,Mid-range
DEV001990,Android,14,Budget
DEV001991,Android,13,Budget
DEV001992,Android,13,Budget
DEV001993,Android,12,Mid-range
DEV001994,Android,11,Budget
DEV001995,Android,11,Budget
DEV001996,iOS,16.5,Mid-range
DEV001997,Android,12,Budget
DEV001998,Android,11,Mid-range
DEV001999,Android,13,Budget
DEV002000,Android,14,Mid-range
DEV002001,Android,11,Mid-range
DEV002002,Android,11,Mid-range
DEV002003,Android,14,Premium
DEV002004,Android,14,Mid-range
DEV002005,Android,12,Budget
DEV002006,Android,11,Mid-range
DEV002007,Android,11,Mid-range
DEV002008,Android,14,Budget
DEV002009,Android,13,Mid-range
DEV002010,Android,14,Mid-range
DEV002011,Android,11,Budget
DEV002012,Android,12,Budget
DEV002013,iOS,16.5,Budget
DEV002014,iOS,16.5,Mid-range
DEV002015,Android,11,Mid-range
DEV002016,Android,14,Mid-range
DEV002017,Android,11,Budget
DEV002018,Android,13,Mid-range
DEV002019,Android,12,Budget
DEV002020,Android,11,Mid-range
DEV002021,Android,12,Premium
DEV002022,Android,12,Budget
DEV002023,Android,12,Mid-range
DEV002024,Android,14,Mid-range
DEV002025,Android,14,Mid-range
DEV002026,Android,12,Mid-range
DEV002027,Android,12,Budget
DEV002028,Android,12,Mid-range
DEV002029,Android,13,Premium
DEV002030,Android,13,Mid-range
DEV002031,Android,12,Mid-range
DEV002032,Android,11,Budget
DEV002033,Android,12,Budget
DEV002034,Android,13,Mid-range
DEV002035,Android,13,Budget
DEV002036,iOS,17.2,Budget
DEV002037,Android,11,Budget
DEV002038,iOS,16.5,Mid-range
DEV002039,Android,11,Budget
DEV002040,Android,11,Budget
DEV002041,Android,12,Premium
DEV002042,Android,13,Mid-range
DEV002043,Android,13,Mid-range
DEV002044,iOS,16.5,Mid-range
DEV002045,Android,13,Mid-range
DEV002046,Android,11,Mid-range
DEV002047,Android,14,Budget
DEV002048,Android,11,Mid-range
DEV002049,Android,12,Budget
DEV002050,Android,11,Budget
DEV002051,Android,11,Budget
DEV002052,Android,11,Premium
DEV002053,Android,14,Budget
DEV002054,Android,12,Mid-range
DEV002055,Android,12,Mid-range
DEV002056,Android,11,Budget
DEV002057,Android,12,Mid-range
DEV002058,iOS,16.5,Budget
DEV002059,iOS,17.2,Budget
DEV002060,Android,13,Budget
DEV002061,iOS,16.5,Mid-range
DEV002062,Android,12,Mid-range
DEV002063,Android,11,Budget
DEV002064,Android,12,Premium
DEV002065,Android,14,Premium
DEV002066,iOS,16.5,Mid-range
DEV002067,Android,13,Mid-range
DEV002068,iOS,17.2,Mid-range
DEV002069,Android,14,Mid-range
DEV002070,iOS,17.2,Mid-range
DEV002071,Android,12,Mid-range
DEV002072,Android,11,Budget
DEV002073,Android,11,Mid-range
DEV002074,iOS,17.2,Mid-range
DEV002075,Android,11,Budget
DEV002076,iOS,17.2,Mid-range
DEV002077,Android,11,Mid-range
DEV002078,Android,11,Budget
DEV002079,Android,13,Mid-range
DEV002080,Android,11,Premium
DEV002081,Android,12,Budget
DEV002082,iOS,16.5,Budget
DEV002083,iOS,16.5,Mid-range
DEV002084,iOS,16.5,Mid-range
DEV002085,Android,11,Mid-range
DEV002086,iOS,16.5,Budget
DEV002087,Android,11,Budget
DEV002088,Android,13,Budget
DEV002089,Android,11,Premium
DEV002090,Android,13,Mid-range
DEV002091,Android,13,Mid-range
DEV002092,Android,12,Budget
DEV002093,Android,12,Mid-range
DEV002094,Android,12,Premium
DEV002095,iOS,16.5,Premium
DEV002096,Android,12,Premium
DEV002097,iOS,16.5,Budget
DEV002098,Android,11,Mid-range
DEV002099,Android,11,Mid-range
DEV002100,Android,12,Mid-range
DEV002101,Android,12,Budget
DEV002102,Android,13,Budget
DEV002103,iOS,17.2,Mid-range
DEV002104,Android,12,Mid-range
DEV002105,Android,11,Budget
DEV002106,Android,13,Budget
DEV002107,Android,13,Budget
DEV002108,Android,12,Budget
DEV002109,Android,12,Mid-range
DEV002110,Android,12,Mid-range
DEV002111,Android,11,Mid-range
DEV002112,Android,12,Premium
DEV002113,Android,12,Budget
DEV002114,Android,11,Mid-range
DEV002115,Android,11,Budget
DEV002116,Android,12,Budget
DEV002117,Android,12,Budget
DEV002118,Android,11,Premium
DEV002119,Android,11,Mid-range
DEV002120,Android,11,Mid-range
DEV002121,iOS,17.2,Mid-range
DEV002122,Android,12,Mid-range
DEV002123,Android,14,Budget
DEV002124,Android,13,Mid-range
DEV002125,Android,12,Mid-range
DEV002126,Android,11,Mid-range
DEV002127,Android,12,Mid-range
DEV002128,Android,12,Budget
DEV002129,Android,12,Mid-range
DEV002130,iOS,16.5,Budget
DEV002131,Android,11,Budget
DEV002132,iOS,16.5,Premium
DEV002133,Android,11,Mid-range
DEV002134,Android,13,Budget
DEV002135,Android,14,Budget
DEV002136,Android,13,Mid-range
DEV002137,Android,13,Premium
DEV002138,Android,12,Budget
DEV002139,Android,13,Budget
DEV002140,Android,11,Mid-range
DEV002141,Android,12,Mid-range
DEV002142,Android,13,Mid-range
DEV002143,Android,11,Budget
DEV002144,Android,11,Budget
DEV002145,Android,12,Budget
DEV002146,Android,13,Budget
DEV002147,Android,12,Premium
DEV002148,Android,12,Mid-range
DEV002149,iOS,17.2,Mid-range
DEV002150,Android,11,Budget
DEV002151,Android,13,Mid-range
DEV002152,iOS,16.5,Mid-range
DEV002153,Android,11,Budget
DEV002154,Android,11,Budget
DEV002155,iOS,16.5,Mid-range
DEV002156,Android,11,Budget
DEV002157,Android,14,Budget
DEV002158,Android,12,Budget
DEV002159,Android,13,Premium
DEV002160,Android,12,Budget
DEV002161,Android,12,Mid-range
DEV002162,Android,11,Mid-range
DEV002163,Android,11,Mid-range
DEV002164,iOS,16.5,Budget
DEV002165,Android,12,Premium
DEV002166,Android,12,Budget
DEV002167,Android,12,Premium
DEV002168,Android,13,Budget
DEV002169,Android,13,Mid-range
DEV002170,Android,13,Mid-range
DEV002171,Android,12,Mid-range
DEV002172,Android,12,Budget
DEV002173,Android,12,Mid-range
DEV002174,Android,12,Budget
DEV002175,Android,12,Budget
DEV002176,Android,11,Mid-range
DEV002177,Android,14,Budget
DEV002178,Android,12,Budget
DEV002179,iOS,16.5,Premium
DEV002180,Android,12,Budget
DEV002181,Android,12,Budget
DEV002182,Android,11,Budget
DEV002183,Android,12,Mid-range
DEV002184,Android,13,Budget
DEV002185,Android,11,Mid-range
DEV002186,Android,12,Budget
DEV002187,Android,12,Mid-range
DEV002188,Android,11,Mid-range
DEV002189,iOS,16.5,Mid-range
DEV002190,Android,13,Budget
DEV002191,Android,13,Mid-range
DEV002192,Android,12,Premium
DEV002193,Android,11,Budget
DEV002194,Android,13,Mid-range
DEV002195,Android,12,Mid-range
DEV002196,Android,11,Budget
DEV002197,Android,11,Mid-range
DEV002198,Android,11,Budget
DEV002199,Android,12,Mid-range
DEV002200,Android,13,Budget
DEV002201,Android,11,Mid-range
DEV002202,Android,12,Budget
DEV002203,Android,14,Premium
DEV002204,Android,12,Mid-range
DEV002205,Android,12,Mid-range
DEV002206,iOS,17.2,Budget
DEV002207,Android,14,Budget
DEV002208,Android,12,Budget
DEV002209,Android,14,Mid-range
DEV002210,Android,14,Budget
DEV002211,Android,14,Budget
DEV002212,Android,14,Mid-range
DEV002213,Android,13,Budget
DEV002214,Android,12,Mid-range
DEV002215,Android,12,Premium
DEV002216,Android,12,Mid-range
DEV002217,Android,12,Budget
DEV002218,Android,13,Budget
DEV002219,iOS,16.5,Mid-range
DEV002220,Android,12,Mid-range
DEV002221,Android,11,Premium
DEV002222,iOS,16.5,Budget
DEV002223,Android,11,Mid-range
DEV002224,Android,12,Budget
DEV002225,Android,12,Budget
DEV002226,Android,14,Budget
DEV002227,Android,11,Mid-range
DEV002228,Android,12,Mid-range
DEV002229,Android,12,Budget
DEV002230,Android,11,Budget
DEV002231,Android,13,Premium
DEV002232,iOS,17.2,Mid-range
DEV002233,Android,11,Mid-range
DEV002234,Android,13,Mid-range
DEV002235,Android,11,Budget
DEV002236,iOS,17.2,Mid-range
DEV002237,Android,14,Mid-range
DEV002238,Android,12,Budget
DEV002239,Android,13,Budget
DEV002240,Android,11,Premium
DEV002241,Android,12,Mid-range
DEV002242,Android,12,Mid-range
DEV002243,Android,11,Budget
DEV002244,Android,12,Mid-range
DEV002245,Android,12,Mid-range
DEV002246,iOS,16.5,Mid-range
DEV002247,Android,11,Budget
DEV002248,Android,12,Budget
DEV002249,Android,12,Budget
DEV002250,Android,13,Budget
DEV002251,Android,11,Budget
DEV002252,iOS,16.5,Mid-range
DEV002253,Android,11,Mid-range
DEV002254,Android,13,Mid-range
DEV002255,Android,12,Mid-range
DEV002256,Android,12,Mid-range
DEV002257,Android,13,Budget
DEV002258,Android,13,Budget
DEV002259,Android,12,Budget
DEV002260,Android,14,Budget
DEV002261,iOS,16.5,Budget
DEV002262,Android,12,Budget
DEV002263,Android,13,Mid-range
DEV002264,Android,13,Mid-range
DEV002265,Android,13,Budget
DEV002266,Android,12,Mid-range
DEV002267,Android,11,Premium
DEV002268,Android,11,Mid-range
DEV002269,iOS,16.5,Budget
DEV002270,Android,14,Budget
DEV002271,Android,13,Premium
DEV002272,Android,12,Budget
DEV002273,Android,13,Mid-range
DEV002274,Android,12,Budget
DEV002275,Android,11,Budget
DEV002276,iOS,16.5,Premium
DEV002277,Android,11,Mid-range
DEV002278,Android,12,Budget
DEV002279,Android,12,Budget
DEV002280,Android,13,Budget
DEV002281,Android,13,Mid-range
DEV002282,Android,11,Mid-range
DEV002283,Android,12,Mid-range
DEV002284,Android,13,Premium
DEV002285,Android,11,Budget
DEV002286,Android,12,Budget
DEV002287,Android,11,Premium
DEV002288,Android,12,Budget
DEV002289,Android,12,Premium
DEV002290,Android,12,Budget
DEV002291,Android,14,Mid-range
DEV002292,Android,13,Mid-range
DEV002293,Android,13,Budget
DEV002294,Android,14,Premium
DEV002295,Android,12,Premium
DEV002296,Android,12,Budget
DEV002297,Android,13,Premium
DEV002298,Android,13,Mid-range
DEV002299,iOS,17.2,Budget
DEV002300,Android,12,Budget
DEV002301,iOS,16.5,Budget
DEV002302,Android,14,Mid-range
DEV002303,Android,12,Mid-range
DEV002304,Android,13,Premium
DEV002305,Android,11,Budget
DEV002306,Android,12,Budget
DEV002307,Android,12,Mid-range
DEV002308,Android,11,Mid-range
DEV002309,Android,11,Budget
DEV002310,iOS,16.5,Mid-range
DEV002311,Android,13,Mid-range
DEV002312,Android,11,Mid-range
DEV002313,Android,13,Mid-range
DEV002314,iOS,16.5,Mid-range
DEV002315,Android,12,Mid-range
DEV002316,Android,13,Budget
DEV002317,Android,11,Mid-range
DEV002318,Android,12,Mid-range
DEV002319,Android,12,Premium
DEV002320,iOS,16.5,Budget
DEV002321,Android,13,Mid-range
DEV002322,Android,11,Mid-range
DEV002323,Android,12,Budget
DEV002324,Android,11,Mid-range
DEV002325,Android,11,Mid-range
DEV002326,Android,11,Budget
DEV002327,Android,13,Budget
DEV002328,Android,12,Mid-range
DEV002329,Android,12,Budget
DEV002330,Android,12,Budget
DEV002331,Android,11,Budget
DEV002332,Android,13,Budget
DEV002333,Android,12,Budget
DEV002334,Android,12,Mid-range
DEV002335,Android,11,Budget
DEV002336,Android,13,Mid-range
DEV002337,Android,13,Budget
DEV002338,Android,13,Mid-range
DEV002339,Android,11,Budget
DEV002340,Android,14,Budget
DEV002341,iOS,16.5,Budget
DEV002342,Android,13,Mid-range
DEV002343,Android,12,Budget
DEV002344,Android,13,Budget
DEV002345,Android,12,Premium
DEV002346,Android,13,Premium
DEV002347,Android,12,Budget
DEV002348,Android,11,Mid-range
DEV002349,Android,11,Budget
DEV002350,Android,14,Premium
DEV002351,Android,11,Budget
DEV002352,iOS,16.5,Premium
DEV002353,iOS,16.5,Mid-range
DEV002354,Android,11,Mid-range
DEV002355,Android,11,Mid-range
DEV002356,Android,11,Budget
DEV002357,Android,12,Budget
DEV002358,Android,12,Budget
DEV002359,Android,12,Mid-range
DEV002360,Android,11,Mid-range
DEV002361,Android,11,Mid-range
DEV002362,Android,13,Budget
DEV002363,Android,11,Budget
DEV002364,Android,14,Mid-range
DEV002365,Android,11,Mid-range
DEV002366,Android,11,Budget
DEV002367,Android,12,Premium
DEV002368,Android,13,Premium
DEV002369,Android,11,Premium
DEV002370,Android,13,Budget
DEV002371,Android,12,Premium
DEV002372,Android,11,Budget
DEV002373,iOS,16.5,Mid-range
DEV002374,Android,11,Mid-range
DEV002375,Android,12,Premium
DEV002376,Android,11,Budget
DEV002377,Android,12,Budget
DEV002378,Android,12,Budget
DEV002379,Android,12,Budget
DEV002380,Android,13,Budget
DEV002381,iOS,17.2,Mid-range
DEV002382,Android,14,Mid-range
DEV002383,iOS,16.5,Premium
DEV002384,Android,14,Budget
DEV002385,Android,13,Budget
DEV002386,Android,11,Premium
DEV002387,Android,13,Budget
DEV002388,Android,12,Premium
DEV002389,Android,13,Mid-range
DEV002390,Android,11,Budget
DEV002391,Android,11,Premium
DEV002392,iOS,16.5,Budget
DEV002393,Android,12,Budget
DEV002394,Android,11,Mid-range
DEV002395,Android,14,Premium
DEV002396,Android,12,Mid-range
DEV002397,Android,12,Budget
DEV002398,iOS,17.2,Premium
DEV002399,Android,11,Premium
DEV002400,iOS,16.5,Budget
DEV002401,Android,13,Premium
DEV002402,Android,11,Budget
DEV002403,iOS,16.5,Mid-range
DEV002404,Android,14,Premium
DEV002405,Android,12,Mid-range
DEV002406,Android,12,Premium
DEV002407,iOS,16.5,Premium
DEV002408,Android,12,Mid-range
DEV002409,Android,11,Budget
DEV002410,Android,14,Mid-range
DEV002411,Android,12,Mid-range
DEV002412,Android,11,Budget
DEV002413,Android,13,Budget
DEV002414,Android,13,Mid-range
DEV002415,Android,12,Mid-range
DEV002416,Android,13,Budget
DEV002417,iOS,16.5,Mid-range
DEV002418,Android,11,Budget
DEV002419,Android,11,Mid-range
DEV002420,Android,11,Budget
DEV002421,Android,12,Mid-range
DEV002422,iOS,17.2,Mid-range
DEV002423,Android,11,Premium
DEV002424,iOS,17.2,Premium
DEV002425,Android,12,Budget
DEV002426,Android,12,Budget
DEV002427,Android,12,Budget
DEV002428,Android,13,Budget
DEV002429,Android,12,Mid-range
DEV002430,Android,13,Mid-range
DEV002431,Android,12,Premium
DEV002432,Android,14,Mid-range
DEV002433,Android,12,Mid-range
DEV002434,Android,11,Premium
DEV002435,Android,12,Budget
DEV002436,Android,13,Mid-range
DEV002437,Android,12,Mid-range
DEV002438,Android,11,Budget
DEV002439,Android,12,Budget
DEV002440,Android,14,Mid-range
DEV002441,Android,12,Mid-range
DEV002442,Android,11,Mid-range
DEV002443,Android,11,Mid-range
DEV002444,Android,12,Mid-range
DEV002445,Android,11,Mid-range
DEV002446,iOS,16.5,Mid-range
DEV002447,Android,11,Mid-range
DEV002448,Android,12,Budget
DEV002449,Android,13,Mid-range
DEV002450,Android,11,Mid-range
DEV002451,Android,12,Mid-range
DEV002452,iOS,16.5,Mid-range
DEV002453,Android,13,Budget
DEV002454,Android,11,Mid-range
DEV002455,Android,12,Mid-range
DEV002456,Android,12,Mid-range
DEV002457,Android,12,Premium
DEV002458,Android,12,Budget
DEV002459,Android,14,Premium
DEV002460,Android,13,Mid-range
DEV002461,Android,11,Premium
DEV002462,Android,11,Mid-range
DEV002463,Android,12,Budget
DEV002464,Android,14,Mid-range
DEV002465,Android,13,Budget
DEV002466,Android,11,Budget
DEV002467,Android,13,Budget
DEV002468,Android,12,Premium
DEV002469,Android,12,Budget
DEV002470,iOS,16.5,Budget
DEV002471,Android,13,Mid-range
DEV002472,Android,12,Budget
DEV002473,Android,13,Budget
DEV002474,Android,12,Mid-range
DEV002475,Android,13,Mid-range
DEV002476,Android,11,Budget
DEV002477,Android,13,Budget
DEV002478,iOS,16.5,Mid-range
DEV002479,Android,14,Budget
DEV002480,iOS,16.5,Budget
DEV002481,Android,12,Budget
DEV002482,Android,13,Mid-range
DEV002483,Android,13,Mid-range
DEV002484,Android,14,Budget
DEV002485,Android,12,Mid-range
DEV002486,iOS,16.5,Budget
DEV002487,Android,12,Budget
DEV002488,Android,12,Budget
DEV002489,Android,12,Mid-range
DEV002490,Android,12,Budget
DEV002491,Android,13,Budget
DEV002492,Android,12,Mid-range
DEV002493,Android,13,Mid-range
DEV002494,Android,11,Mid-range
DEV002495,Android,13,Premium
DEV002496,Android,12,Mid-range
DEV002497,iOS,16.5,Premium
DEV002498,Android,12,Mid-range
DEV002499,Android,12,Mid-range
DEV002500,iOS,17.2,Budget
DEV002501,Android,11,Mid-range
DEV002502,Android,12,Mid-range
DEV002503,Android,12,Budget
DEV002504,Android,13,Mid-range
DEV002505,iOS,17.2,Budget
DEV002506,Android,11,Mid-range
DEV002507,Android,11,Mid-range
DEV002508,Android,14,Premium
DEV002509,Android,12,Budget
DEV002510,Android,13,Mid-range
DEV002511,Android,11,Budget
DEV002512,Android,12,Mid-range
DEV002513,Android,12,Mid-range
DEV002514,Android,12,Budget
DEV002515,Android,13,Budget
DEV002516,Android,13,Mid-range
DEV002517,Android,11,Budget
DEV002518,Android,12,Budget
DEV002519,Android,13,Premium
DEV002520,Android,14,Mid-range
DEV002521,Android,12,Mid-range
DEV002522,iOS,16.5,Mid-range
DEV002523,Android,12,Mid-range
DEV002524,Android,12,Mid-range
DEV002525,Android,14,Budget
DEV002526,Android,13,Budget
DEV002527,Android,12,Budget
DEV002528,Android,13,Mid-range
DEV002529,iOS,16.5,Budget
DEV002530,iOS,17.2,Budget
DEV002531,Android,11,Premium
DEV002532,Android,13,Mid-range
DEV002533,Android,13,Budget
DEV002534,Android,13,Premium
DEV002535,Android,14,Mid-range
DEV002536,Android,12,Budget
DEV002537,Android,12,Mid-range
DEV002538,Android,11,Mid-range
DEV002539,iOS,17.2,Budget
DEV002540,Android,12,Budget
DEV002541,Android,14,Mid-range
DEV002542,iOS,16.5,Mid-range
DEV002543,Android,11,Mid-range
DEV002544,Android,12,Budget
DEV002545,iOS,16.5,Mid-range
DEV002546,Android,12,Mid-range
DEV002547,Android,11,Premium
DEV002548,Android,14,Premium
DEV002549,Android,13,Budget
DEV002550,Android,13,Mid-range
DEV002551,Android,13,Mid-range
DEV002552,Android,11,Premium
DEV002553,Android,13,Mid-range
DEV002554,Android,11,Mid-range
DEV002555,Android,11,Mid-range
DEV002556,Android,13,Budget
DEV002557,Android,13,Budget
DEV002558,iOS,16.5,Budget
DEV002559,Android,11,Budget
DEV002560,Android,12,Mid-range
DEV002561,Android,11,Budget
DEV002562,Android,12,Budget
DEV002563,Android,13,Mid-range
DEV002564,Android,11,Budget
DEV002565,Android,12,Budget
DEV002566,Android,13,Budget
DEV002567,Android,11,Budget
DEV002568,Android,13,Budget
DEV002569,Android,12,Budget
DEV002570,Android,12,Mid-range
DEV002571,Android,11,Budget
DEV002572,Android,12,Budget
DEV002573,Android,13,Mid-range
DEV002574,Android,14,Mid-range
DEV002575,Android,13,Budget
DEV002576,Android,14,Mid-range
DEV002577,Android,13,Mid-range
DEV002578,iOS,17.2,Mid-range
DEV002579,Android,12,Budget
DEV002580,Android,14,Premium
DEV002581,Android,12,Mid-range
DEV002582,Android,13,Mid-range
DEV002583,Android,12,Budget
DEV002584,Android,11,Premium
DEV002585,Android,13,Premium
DEV002586,Android,12,Mid-range
DEV002587,Android,13,Mid-range
DEV002588,iOS,16.5,Mid-range
DEV002589,Android,11,Mid-range
DEV002590,Android,12,Mid-range
DEV002591,Android,11,Mid-range
DEV002592,Android,13,Budget
DEV002593,Android,11,Mid-range
DEV002594,Android,14,Budget
DEV002595,Android,13,Mid-range
DEV002596,Android,12,Mid-range
DEV002597,Android,12,Mid-range
DEV002598,Android,12,Premium
DEV002599,Android,12,Budget
DEV002600,Android,14,Mid-range
DEV002601,Android,14,Mid-range
DEV002602,Android,14,Mid-range
DEV002603,Android,11,Mid-range
DEV002604,Android,11,Premium
DEV002605,Android,13,Mid-range
DEV002606,Android,13,Mid-range
DEV002607,Android,13,Mid-range
DEV002608,Android,11,Premium
DEV002609,Android,11,Budget
DEV002610,Android,14,Mid-range
DEV002611,Android,12,Mid-range
DEV002612,Android,13,Budget
DEV002613,Android,14,Premium
DEV002614,iOS,16.5,Mid-range
DEV002615,Android,11,Budget
DEV002616,Android,11,Mid-range
DEV002617,Android,12,Mid-range
DEV002618,Android,11,Mid-range
DEV002619,Android,12,Mid-range
DEV002620,iOS,16.5,Budget
DEV002621,iOS,16.5,Mid-range
DEV002622,iOS,17.2,Budget
DEV002623,Android,11,Budget
DEV002624,iOS,17.2,Mid-range
DEV002625,Android,11,Budget
DEV002626,Android,12,Mid-range
DEV002627,Android,11,Mid-range
DEV002628,Android,14,Budget
DEV002629,iOS,16.5,Premium
DEV002630,Android,11,Mid-range
DEV002631,Android,12,Budget
DEV002632,Android,12,Budget
DEV002633,Android,12,Mid-range
DEV002634,Android,12,Budget
DEV002635,Android,12,Premium
DEV002636,Android,14,Budget
DEV002637,iOS,17.2,Mid-range
DEV002638,Android,11,Budget
DEV002639,Android,11,Mid-range
DEV002640,Android,12,Mid-range
DEV002641,iOS,17.2,Budget
DEV002642,Android,13,Mid-range
DEV002643,Android,12,Mid-range
DEV002644,Android,13,Mid-range
DEV002645,Android,11,Mid-range
DEV002646,Android,13,Mid-range
DEV002647,Android,12,Budget
DEV002648,Android,13,Mid-range
DEV002649,Android,14,Budget
DEV002650,Android,12,Mid-range
DEV002651,Android,12,Budget
DEV002652,iOS,17.2,Mid-range
DEV002653,Android,13,Budget
DEV002654,Android,12,Mid-range
DEV002655,Android,11,Mid-range
DEV002656,iOS,17.2,Premium
DEV002657,Android,14,Mid-range
DEV002658,Android,11,Premium
DEV002659,Android,11,Mid-range
DEV002660,Android,13,Premium
DEV002661,Android,11,Mid-range
DEV002662,Android,14,Budget
DEV002663,Android,11,Budget
DEV002664,Android,14,Mid-range
DEV002665,Android,12,Mid-range
DEV002666,Android,13,Mid-range
DEV002667,iOS,17.2,Mid-range
DEV002668,Android,12,Budget
DEV002669,iOS,16.5,Mid-range
DEV002670,Android,13,Mid-range
DEV002671,Android,11,Mid-range
DEV002672,Android,11,Budget
DEV002673,iOS,17.2,Mid-range
DEV002674,Android,13,Budget
DEV002675,Android,11,Mid-range
DEV002676,iOS,16.5,Budget
DEV002677,Android,11,Budget
DEV002678,iOS,16.5,Budget
DEV002679,Android,11,Budget
DEV002680,Android,13,Budget
DEV002681,Android,12,Mid-range
DEV002682,Android,12,Mid-range
DEV002683,Android,12,Mid-range
DEV002684,iOS,16.5,Budget
DEV002685,Android,11,Budget
DEV002686,iOS,16.5,Budget
DEV002687,Android,12,Premium
DEV002688,Android,14,Budget
DEV002689,Android,12,Mid-range
DEV002690,Android,11,Mid-range
DEV002691,Android,12,Mid-range
DEV002692,Android,14,Budget
DEV002693,Android,11,Budget
DEV002694,Android,12,Mid-range
DEV002695,Android,14,Mid-range
DEV002696,Android,12,Mid-range
DEV002697,Android,12,Budget
DEV002698,iOS,16.5,Budget
DEV002699,iOS,16.5,Mid-range
DEV002700,Android,13,Premium
DEV002701,Android,13,Budget
DEV002702,iOS,16.5,Mid-range
DEV002703,iOS,17.2,Mid-range
DEV002704,iOS,16.5,Premium
DEV002705,Android,12,Budget
DEV002706,Android,11,Mid-range
DEV002707,Android,12,Mid-range
DEV002708,Android,13,Mid-range
DEV002709,Android,13,Budget
DEV002710,Android,12,Mid-range
DEV002711,Android,11,Mid-range
DEV002712,Android,13,Mid-range
DEV002713,Android,11,Budget
DEV002714,Android,11,Mid-range
DEV002715,Android,11,Budget
DEV002716,Android,11,Budget
DEV002717,Android,11,Premium
DEV002718,Android,13,Mid-range
DEV002719,iOS,17.2,Mid-range
DEV002720,Android,13,Budget
DEV002721,iOS,16.5,Budget
DEV002722,Android,13,Premium
DEV002723,Android,13,Premium
DEV002724,iOS,16.5,Mid-range
DEV002725,Android,12,Mid-range
DEV002726,iOS,16.5,Mid-range
DEV002727,iOS,16.5,Budget
DEV002728,Android,12,Premium
DEV002729,Android,14,Budget
DEV002730,Android,11,Budget
DEV002731,Android,14,Budget
DEV002732,Android,12,Budget
DEV002733,iOS,17.2,Budget
DEV002734,Android,12,Mid-range
DEV002735,iOS,16.5,Mid-range
DEV002736,Android,11,Mid-range
DEV002737,Android,11,Mid-range
DEV002738,Android,11,Mid-range
DEV002739,iOS,16.5,Mid-range
DEV002740,Android,11,Budget
DEV002741,Android,13,Budget
DEV002742,Android,12,Premium
DEV002743,Android,11,Mid-range
DEV002744,iOS,16.5,Mid-range
DEV002745,Android,12,Mid-range
DEV002746,iOS,16.5,Mid-range
DEV002747,Android,12,Premium
DEV002748,Android,12,Mid-range
DEV002749,Android,14,Mid-range
DEV002750,Android,14,Mid-range
DEV002751,Android,11,Premium
DEV002752,Android,14,Mid-range
DEV002753,Android,13,Premium
DEV002754,Android,12,Mid-range
DEV002755,Android,12,Mid-range
DEV002756,iOS,17.2,Budget
DEV002757,Android,12,Premium
DEV002758,Android,11,Mid-range
DEV002759,Android,14,Mid-range
DEV002760,Android,11,Budget
DEV002761,Android,12,Budget
DEV002762,Android,13,Premium
DEV002763,Android,13,Budget
DEV002764,Android,11,Mid-range
DEV002765,Android,13,Budget
DEV002766,Android,11,Mid-range
DEV002767,Android,13,Mid-range
DEV002768,Android,11,Mid-range
DEV002769,Android,12,Mid-range
DEV002770,Android,14,Mid-range
DEV002771,iOS,17.2,Budget
DEV002772,Android,11,Mid-range
DEV002773,Android,11,Budget
DEV002774,Android,14,Mid-range
DEV002775,Android,12,Mid-range
DEV002776,iOS,16.5,Budget
DEV002777,Android,13,Premium
DEV002778,Android,11,Budget
DEV002779,Android,13,Mid-range
DEV002780,iOS,16.5,Budget
DEV002781,Android,13,Budget
DEV002782,Android,11,Budget
DEV002783,Android,12,Mid-range
DEV002784,Android,12,Budget
DEV002785,Android,13,Mid-range
DEV002786,Android,11,Mid-range
DEV002787,Android,14,Budget
DEV002788,Android,14,Mid-range
DEV002789,Android,14,Premium
DEV002790,Android,13,Budget
DEV002791,iOS,17.2,Mid-range
DEV002792,Android,11,Mid-range
DEV002793,Android,14,Mid-range
DEV002794,Android,13,Budget
DEV002795,Android,11,Budget
DEV002796,Android,12,Mid-range
DEV002797,Android,13,Mid-range
DEV002798,iOS,16.5,Budget
DEV002799,Android,11,Mid-range
DEV002800,Android,13,Mid-range
DEV002801,Android,11,Mid-range
DEV002802,Android,11,Budget
DEV002803,Android,11,Mid-range
DEV002804,iOS,16.5,Mid-range
DEV002805,Android,14,Mid-range
DEV002806,Android,13,Budget
DEV002807,Android,13,Mid-range
DEV002808,Android,12,Premium
DEV002809,Android,13,Budget
DEV002810,Android,11,Mid-range
DEV002811,iOS,17.2,Mid-range
DEV002812,Android,14,Budget
DEV002813,Android,11,Budget
DEV002814,Android,11,Mid-range
DEV002815,Android,11,Budget
DEV002816,Android,14,Mid-range
DEV002817,Android,11,Mid-range
DEV002818,Android,13,Budget
DEV002819,Android,11,Mid-range
DEV002820,Android,13,Premium
DEV002821,Android,12,Budget
DEV002822,Android,13,Budget
DEV002823,Android,13,Budget
DEV002824,Android,12,Budget
DEV002825,Android,14,Mid-range
DEV002826,Android,11,Mid-range
DEV002827,iOS,16.5,Budget
DEV002828,Android,14,Mid-range
DEV002829,Android,11,Premium
DEV002830,Android,13,Mid-range
DEV002831,Android,12,Budget
DEV002832,Android,13,Budget
DEV002833,Android,14,Budget
DEV002834,Android,11,Mid-range
DEV002835,iOS,16.5,Budget
DEV002836,Android,11,Mid-range
DEV002837,Android,12,Premium
DEV002838,Android,11,Premium
DEV002839,Android,12,Budget
DEV002840,Android,11,Mid-range
DEV002841,Android,13,Premium
DEV002842,Android,11,Budget
DEV002843,Android,13,Budget
DEV002844,Android,11,Premium
DEV002845,Android,12,Budget
DEV002846,Android,12,Premium
DEV002847,Android,13,Mid-range
DEV002848,Android,13,Mid-range
DEV002849,Android,11,Premium
DEV002850,iOS,16.5,Budget
DEV002851,iOS,16.5,Mid-range
DEV002852,iOS,17.2,Mid-range
DEV002853,Android,14,Budget
DEV002854,Android,13,Mid-range
DEV002855,Android,11,Budget
DEV002856,Android,13,Premium
DEV002857,Android,13,Budget
DEV002858,Android,13,Budget
DEV002859,iOS,17.2,Budget
DEV002860,Android,12,Mid-range
DEV002861,Android,11,Mid-range
DEV002862,Android,12,Mid-range
DEV002863,Android,14,Mid-range
DEV002864,Android,11,Mid-range
DEV002865,Android,11,Mid-range
DEV002866,iOS,16.5,Budget
DEV002867,Android,12,Mid-range
DEV002868,Android,11,Mid-range
DEV002869,Android,12,Mid-range
DEV002870,iOS,16.5,Mid-range
DEV002871,Android,11,Mid-range
DEV002872,Android,14,Premium
DEV002873,Android,12,Mid-range
DEV002874,Android,12,Mid-range
DEV002875,Android,13,Premium
DEV002876,Android,11,Premium
DEV002877,Android,12,Budget
DEV002878,Android,12,Budget
DEV002879,iOS,16.5,Mid-range
DEV002880,Android,14,Mid-range
DEV002881,Android,11,Premium
DEV002882,Android,13,Budget
DEV002883,iOS,16.5,Mid-range
DEV002884,iOS,16.5,Budget
DEV002885,Android,12,Mid-range
DEV002886,Android,12,Budget
DEV002887,Android,13,Budget
DEV002888,Android,13,Budget
DEV002889,iOS,17.2,Budget
DEV002890,Android,11,Mid-range
DEV002891,iOS,16.5,Mid-range
DEV002892,iOS,17.2,Budget
DEV002893,Android,13,Budget
DEV002894,Android,12,Budget
DEV002895,Android,13,Budget
DEV002896,Android,11,Budget
DEV002897,Android,12,Mid-range
DEV002898,Android,11,Mid-range
DEV002899,Android,13,Mid-range
DEV002900,Android,12,Mid-range
DEV002901,Android,14,Premium
DEV002902,Android,14,Premium
DEV002903,Android,11,Premium
DEV002904,Android,12,Budget
DEV002905,iOS,16.5,Budget
DEV002906,iOS,17.2,Budget
DEV002907,Android,12,Mid-range
DEV002908,Android,12,Premium
DEV002909,Android,12,Mid-range
DEV002910,Android,12,Premium
DEV002911,Android,12,Budget
DEV002912,Android,12,Mid-range
DEV002913,Android,13,Budget
DEV002914,Android,11,Premium
DEV002915,Android,11,Premium
DEV002916,Android,13,Mid-range
DEV002917,Android,12,Mid-range
DEV002918,Android,12,Mid-range
DEV002919,Android,13,Mid-range
DEV002920,Android,12,Budget
DEV002921,Android,11,Mid-range
DEV002922,Android,11,Budget
DEV002923,Android,12,Premium
DEV002924,Android,14,Budget
DEV002925,Android,12,Mid-range
DEV002926,Android,11,Premium
DEV002927,Android,13,Budget
DEV002928,iOS,17.2,Mid-range
DEV002929,Android,13,Mid-range
DEV002930,Android,11,Budget
DEV002931,Android,11,Budget
DEV002932,Android,11,Budget
DEV002933,Android,11,Mid-range
DEV002934,Android,11,Budget
DEV002935,Android,12,Budget
DEV002936,Android,12,Budget
DEV002937,Android,12,Premium
DEV002938,Android,12,Mid-range
DEV002939,Android,11,Mid-range
DEV002940,Android,12,Budget
DEV002941,Android,13,Premium
DEV002942,Android,12,Mid-range
DEV002943,Android,12,Budget
DEV002944,iOS,16.5,Premium
DEV002945,Android,13,Budget
DEV002946,Android,13,Premium
DEV002947,Android,12,Mid-range
DEV002948,Android,13,Premium
DEV002949,Android,11,Mid-range
DEV002950,Android,12,Mid-range
DEV002951,Android,14,Mid-range
DEV002952,Android,11,Budget
DEV002953,Android,13,Mid-range
DEV002954,Android,11,Premium
DEV002955,Android,12,Budget
DEV002956,Android,12,Mid-range
DEV002957,Android,13,Budget
DEV002958,Android,12,Budget
DEV002959,Android,12,Mid-range
DEV002960,iOS,16.5,Premium
DEV002961,Android,12,Budget
DEV002962,iOS,16.5,Budget
DEV002963,Android,12,Budget
DEV002964,Android,12,Premium
DEV002965,iOS,16.5,Budget
DEV002966,Android,13,Mid-range
DEV002967,iOS,17.2,Mid-range
DEV002968,Android,12,Mid-range
DEV002969,iOS,17.2,Mid-range
DEV002970,iOS,16.5,Budget
DEV002971,Android,13,Budget
DEV002972,Android,11,Mid-range
DEV002973,iOS,16.5,Premium
DEV002974,Android,11,Premium
DEV002975,Android,14,Budget
DEV002976,Android,12,Premium
DEV002977,Android,12,Mid-range
DEV002978,Android,13,Mid-range
DEV002979,Android,11,Budget
DEV002980,Android,12,Mid-range
DEV002981,Android,11,Mid-range
DEV002982,Android,14,Budget
DEV002983,Android,13,Mid-range
DEV002984,Android,11,Budget
DEV002985,Android,12,Premium
DEV002986,Android,14,Mid-range
DEV002987,Android,13,Premium
DEV002988,Android,12,Mid-range
DEV002989,Android,13,Budget
DEV002990,Android,11,Budget
DEV002991,iOS,17.2,Budget
DEV002992,Android,13,Mid-range
DEV002993,Android,13,Premium
DEV002994,Android,13,Mid-range
DEV002995,Android,13,Budget
DEV002996,Android,12,Mid-range
DEV002997,Android,14,Budget
DEV002998,Android,11,Budget
DEV002999,iOS,16.5,Budget
DEV003000,Android,11,Budget
DEV003001,Android,12,Premium
DEV003002,Android,12,Budget
DEV003003,Android,12,Premium
DEV003004,Android,12,Mid-range
DEV003005,Android,11,Budget
DEV003006,Android,14,Mid-range
DEV003007,iOS,16.5,Mid-range
DEV003008,Android,13,Budget
DEV003009,Android,13,Mid-range
DEV003010,Android,11,Mid-range
DEV003011,Android,14,Budget
DEV003012,Android,12,Budget
DEV003013,Android,12,Budget
DEV003014,iOS,16.5,Budget
DEV003015,Android,11,Budget
DEV003016,Android,11,Premium
DEV003017,Android,13,Mid-range
DEV003018,Android,12,Mid-range
DEV003019,Android,13,Mid-range
DEV003020,Android,11,Mid-range
DEV003021,Android,11,Mid-range
DEV003022,iOS,16.5,Mid-range
DEV003023,Android,12,Budget
DEV003024,Android,14,Premium
DEV003025,Android,13,Mid-range
DEV003026,Android,12,Mid-range
DEV003027,Android,11,Mid-range
DEV003028,Android,11,Premium
DEV003029,Android,11,Budget
DEV003030,Android,11,Budget
DEV003031,Android,11,Mid-range
DEV003032,Android,14,Budget
DEV003033,Android,14,Mid-range
DEV003034,Android,11,Budget
DEV003035,Android,14,Mid-range
DEV003036,Android,11,Budget
DEV003037,Android,12,Budget
DEV003038,Android,13,Mid-range
DEV003039,Android,14,Premium
DEV003040,Android,11,Premium
DEV003041,Android,11,Budget
DEV003042,Android,11,Mid-range
DEV003043,iOS,16.5,Premium
DEV003044,Android,12,Budget
DEV003045,Android,12,Mid-range
DEV003046,Android,11,Mid-range
DEV003047,Android,11,Mid-range
DEV003048,Android,11,Budget
DEV003049,Android,11,Budget
DEV003050,iOS,16.5,Mid-range
DEV003051,iOS,17.2,Budget
DEV003052,Android,11,Mid-range
DEV003053,Android,13,Budget
DEV003054,Android,13,Mid-range
DEV003055,iOS,17.2,Budget
DEV003056,Android,12,Budget
DEV003057,Android,11,Budget
DEV003058,Android,11,Premium
DEV003059,Android,11,Budget
DEV003060,Android,11,Mid-range
DEV003061,Android,13,Mid-range
DEV003062,Android,11,Budget
DEV003063,Android,11,Budget
DEV003064,Android,13,Budget
DEV003065,iOS,17.2,Mid-range
DEV003066,Android,13,Budget
DEV003067,iOS,16.5,Budget
DEV003068,Android,11,Mid-range
DEV003069,Android,12,Mid-range
DEV003070,Android,11,Premium
DEV003071,Android,12,Budget
DEV003072,Android,12,Mid-range
DEV003073,Android,11,Budget
DEV003074,Android,12,Mid-range
DEV003075,Android,11,Premium
DEV003076,iOS,17.2,Budget
DEV003077,iOS,17.2,Budget
DEV003078,Android,13,Premium
DEV003079,Android,11,Mid-range
DEV003080,Android,13,Budget
DEV003081,Android,13,Mid-range
DEV003082,Android,12,Mid-range
DEV003083,Android,13,Mid-range
DEV003084,Android,12,Mid-range
DEV003085,Android,12,Mid-range
DEV003086,Android,12,Mid-range
DEV003087,Android,11,Budget
DEV003088,Android,12,Mid-range
DEV003089,Android,11,Budget
DEV003090,Android,11,Budget
DEV003091,Android,13,Premium
DEV003092,Android,12,Mid-range
DEV003093,Android,11,Mid-range
DEV003094,Android,11,Budget
DEV003095,Android,14,Mid-range
DEV003096,Android,14,Budget
DEV003097,Android,13,Mid-range
DEV003098,Android,12,Budget
DEV003099,iOS,16.5,Mid-range
DEV003100,iOS,17.2,Budget
DEV003101,Android,12,Premium
DEV003102,Android,12,Budget
DEV003103,Android,12,Mid-range
DEV003104,Android,11,Mid-range
DEV003105,iOS,16.5,Budget
DEV003106,Android,13,Mid-range
DEV003107,Android,11,Mid-range
DEV003108,Android,12,Budget
DEV003109,Android,13,Mid-range
DEV003110,Android,13,Mid-range
DEV003111,Android,12,Premium
DEV003112,Android,12,Budget
DEV003113,Android,12,Premium
DEV003114,Android,13,Budget
DEV003115,iOS,17.2,Budget
DEV003116,Android,11,Budget
DEV003117,Android,14,Budget
DEV003118,Android,13,Budget
DEV003119,iOS,16.5,Budget
DEV003120,Android,11,Budget
DEV003121,Android,12,Budget
DEV003122,Android,13,Budget
DEV003123,Android,13,Mid-range
DEV003124,iOS,16.5,Budget
DEV003125,Android,12,Budget
DEV003126,Android,11,Budget
DEV003127,Android,12,Premium
DEV003128,Android,13,Premium
DEV003129,Android,12,Mid-range
DEV003130,Android,13,Premium
DEV003131,Android,12,Budget
DEV003132,Android,13,Mid-range
DEV003133,Android,11,Mid-range
DEV003134,Android,12,Mid-range
DEV003135,Android,14,Budget
DEV003136,Android,13,Budget
DEV003137,Android,12,Mid-range
DEV003138,Android,14,Mid-range
DEV003139,Android,14,Mid-range
DEV003140,Android,12,Budget
DEV003141,iOS,17.2,Mid-range
DEV003142,Android,11,Mid-range
DEV003143,Android,11,Mid-range
DEV003144,Android,11,Budget
DEV003145,Android,11,Mid-range
DEV003146,Android,12,Budget
DEV003147,Android,14,Mid-range
DEV003148,Android,12,Mid-range
DEV003149,Android,12,Mid-range
DEV003150,Android,11,Mid-range
DEV003151,Android,13,Mid-range
DEV003152,Android,14,Budget
DEV003153,Android,11,Mid-range
DEV003154,iOS,16.5,Mid-range
DEV003155,Android,11,Premium
DEV003156,Android,13,Mid-range
DEV003157,iOS,16.5,Mid-range
DEV003158,Android,13,Mid-range
DEV003159,Android,12,Mid-range
DEV003160,Android,13,Mid-range
DEV003161,Android,12,Budget
DEV003162,Android,11,Mid-range
DEV003163,Android,12,Mid-range
DEV003164,Android,12,Mid-range
DEV003165,Android,11,Budget
DEV003166,Android,12,Mid-range
DEV003167,Android,13,Budget
DEV003168,Android,13,Mid-range
DEV003169,Android,11,Budget
DEV003170,Android,11,Mid-range
DEV003171,Android,12,Mid-range
DEV003172,Android,12,Mid-range
DEV003173,Android,11,Budget
DEV003174,Android,11,Budget
DEV003175,Android,14,Mid-range
DEV003176,Android,11,Premium
DEV003177,iOS,17.2,Mid-range
DEV003178,Android,11,Premium
DEV003179,Android,11,Mid-range
DEV003180,iOS,16.5,Premium
DEV003181,Android,12,Budget
DEV003182,Android,13,Budget
DEV003183,iOS,16.5,Mid-range
DEV003184,Android,11,Budget
DEV003185,Android,13,Premium
DEV003186,Android,12,Mid-range
DEV003187,iOS,16.5,Premium
DEV003188,Android,12,Premium
DEV003189,Android,11,Budget
DEV003190,Android,14,Budget
DEV003191,Android,13,Budget
DEV003192,Android,13,Budget
DEV003193,Android,12,Budget
DEV003194,Android,11,Premium
DEV003195,Android,12,Budget
DEV003196,Android,13,Mid-range
DEV003197,Android,12,Premium
DEV003198,Android,12,Mid-range
DEV003199,Android,13,Premium
DEV003200,iOS,16.5,Premium
DEV003201,Android,12,Mid-range
DEV003202,Android,14,Budget
DEV003203,iOS,17.2,Mid-range
DEV003204,Android,14,Mid-range
DEV003205,iOS,16.5,Mid-range
DEV003206,Android,14,Budget
DEV003207,Android,13,Budget
DEV003208,iOS,17.2,Budget
DEV003209,Android,14,Budget
DEV003210,iOS,16.5,Premium
DEV003211,Android,12,Premium
DEV003212,Android,12,Premium
DEV003213,Android,12,Budget
DEV003214,Android,14,Budget
DEV003215,Android,11,Premium
DEV003216,iOS,16.5,Mid-range
DEV003217,iOS,16.5,Mid-range
DEV003218,Android,12,Budget
DEV003219,iOS,16.5,Mid-range
DEV003220,iOS,16.5,Mid-range
DEV003221,Android,12,Mid-range
DEV003222,Android,13,Premium
DEV003223,Android,14,Mid-range
DEV003224,Android,13,Mid-range
DEV003225,Android,12,Mid-range
DEV003226,Android,14,Mid-range
DEV003227,Android,12,Budget
DEV003228,Android,11,Mid-range
DEV003229,Android,13,Mid-range
DEV003230,Android,11,Mid-range
DEV003231,Android,13,Budget
DEV003232,Android,11,Budget
DEV003233,Android,12,Premium
DEV003234,Android,14,Mid-range
DEV003235,Android,14,Mid-range
DEV003236,Android,14,Budget
DEV003237,Android,12,Mid-range
DEV003238,Android,12,Mid-range
DEV003239,Android,14,Mid-range
DEV003240,Android,11,Mid-range
DEV003241,Android,11,Premium
DEV003242,iOS,16.5,Premium
DEV003243,Android,11,Premium
DEV003244,iOS,16.5,Mid-range
DEV003245,Android,13,Premium
DEV003246,iOS,17.2,Budget
DEV003247,Android,13,Budget
DEV003248,Android,12,Mid-range
DEV003249,Android,12,Budget
DEV003250,Android,12,Premium
DEV003251,Android,11,Mid-range
DEV003252,Android,12,Premium
DEV003253,Android,12,Mid-range
DEV003254,Android,11,Mid-range
DEV003255,Android,11,Premium
DEV003256,Android,14,Budget
DEV003257,Android,12,Budget
DEV003258,iOS,16.5,Mid-range
DEV003259,iOS,17.2,Budget
DEV003260,Android,13,Mid-range
DEV003261,Android,12,Budget
DEV003262,Android,12,Budget
DEV003263,Android,13,Premium
DEV003264,Android,12,Mid-range
DEV003265,Android,12,Budget
DEV003266,Android,11,Budget
DEV003267,Android,13,Mid-range
DEV003268,Android,13,Mid-range
DEV003269,Android,13,Budget
DEV003270,Android,11,Budget
DEV003271,Android,12,Budget
DEV003272,iOS,16.5,Premium
DEV003273,iOS,16.5,Premium
DEV003274,Android,13,Mid-range
DEV003275,Android,11,Budget
DEV003276,Android,13,Budget
DEV003277,Android,12,Budget
DEV003278,iOS,17.2,Mid-range
DEV003279,Android,13,Budget
DEV003280,Android,12,Premium
DEV003281,iOS,16.5,Budget
DEV003282,Android,12,Mid-range
DEV003283,Android,11,Budget
DEV003284,Android,11,Budget
DEV003285,iOS,16.5,Mid-range
DEV003286,Android,13,Premium
DEV003287,Android,12,Premium
DEV003288,Android,13,Mid-range
DEV003289,Android,12,Budget
DEV003290,iOS,16.5,Budget
DEV003291,iOS,17.2,Mid-range
DEV003292,Android,11,Premium
DEV003293,Android,13,Mid-range
DEV003294,Android,11,Budget
DEV003295,Android,11,Budget
DEV003296,Android,12,Mid-range
DEV003297,Android,12,Premium
DEV003298,iOS,16.5,Budget
DEV003299,Android,12,Mid-range
DEV003300,Android,12,Mid-range
DEV003301,Android,14,Premium
DEV003302,Android,11,Budget
DEV003303,iOS,16.5,Budget
DEV003304,Android,11,Mid-range
DEV003305,Android,12,Premium
DEV003306,Android,13,Mid-range
DEV003307,iOS,17.2,Mid-range
DEV003308,Android,13,Mid-range
DEV003309,Android,11,Mid-range
DEV003310,Android,13,Premium
DEV003311,Android,11,Mid-range
DEV003312,Android,13,Budget
DEV003313,Android,13,Premium
DEV003314,Android,14,Budget
DEV003315,Android,11,Mid-range
DEV003316,Android,13,Mid-range
DEV003317,iOS,17.2,Mid-range
DEV003318,Android,11,Premium
DEV003319,Android,13,Premium
DEV003320,Android,12,Mid-range
DEV003321,Android,13,Premium
DEV003322,Android,13,Budget
DEV003323,Android,11,Mid-range
DEV003324,Android,12,Budget
DEV003325,Android,11,Premium
DEV003326,Android,12,Budget
DEV003327,Android,11,Premium
DEV003328,iOS,16.5,Budget
DEV003329,iOS,16.5,Budget
DEV003330,Android,14,Budget
DEV003331,Android,14,Mid-range
DEV003332,Android,11,Mid-range
DEV003333,Android,12,Mid-range
DEV003334,Android,12,Mid-range
DEV003335,Android,11,Mid-range
DEV003336,Android,14,Mid-range
DEV003337,Android,12,Premium
DEV003338,Android,12,Mid-range
DEV003339,Android,12,Mid-range
DEV003340,Android,14,Mid-range
DEV003341,Android,12,Mid-range
DEV003342,Android,11,Budget
DEV003343,Android,12,Budget
DEV003344,Android,13,Budget
DEV003345,Android,12,Mid-range
DEV003346,Android,12,Budget
DEV003347,Android,12,Premium
DEV003348,Android,12,Budget
DEV003349,Android,11,Premium
DEV003350,Android,14,Mid-range
DEV003351,Android,12,Budget
DEV003352,Android,11,Budget
DEV003353,Android,11,Mid-range
DEV003354,Android,11,Mid-range
DEV003355,Android,13,Budget
DEV003356,Android,12,Budget
DEV003357,Android,12,Budget
DEV003358,Android,13,Budget
DEV003359,Android,11,Budget
DEV003360,Android,11,Premium
DEV003361,Android,12,Mid-range
DEV003362,Android,12,Mid-range
DEV003363,Android,13,Budget
DEV003364,iOS,17.2,Premium
DEV003365,Android,11,Budget
DEV003366,Android,13,Mid-range
DEV003367,iOS,16.5,Budget
DEV003368,Android,12,Budget
DEV003369,Android,11,Budget
DEV003370,Android,12,Mid-range
DEV003371,iOS,16.5,Premium
DEV003372,Android,13,Mid-range
DEV003373,Android,13,Premium
DEV003374,Android,12,Mid-range
DEV003375,Android,13,Budget
DEV003376,Android,12,Budget
DEV003377,Android,11,Budget
DEV003378,Android,11,Premium
DEV003379,iOS,16.5,Budget
DEV003380,Android,13,Mid-range
DEV003381,Android,12,Mid-range
DEV003382,Android,14,Budget
DEV003383,Android,12,Mid-range
DEV003384,Android,12,Budget
DEV003385,Android,11,Budget
DEV003386,Android,13,Premium
DEV003387,Android,12,Premium
DEV003388,Android,13,Budget
DEV003389,Android,13,Mid-range
DEV003390,Android,11,Budget
DEV003391,Android,13,Mid-range
DEV003392,iOS,17.2,Mid-range
DEV003393,Android,13,Mid-range
DEV003394,Android,13,Budget
DEV003395,Android,12,Mid-range
DEV003396,Android,13,Mid-range
DEV003397,Android,13,Mid-range
DEV003398,Android,12,Mid-range
DEV003399,Android,12,Mid-range
DEV003400,Android,12,Budget
DEV003401,iOS,16.5,Mid-range
DEV003402,Android,12,Mid-range
DEV003403,iOS,16.5,Budget
DEV003404,Android,13,Budget
DEV003405,Android,12,Budget
DEV003406,Android,12,Budget
DEV003407,Android,11,Premium
DEV003408,Android,12,Mid-range
DEV003409,Android,14,Mid-range
DEV003410,Android,11,Budget
DEV003411,Android,13,Premium
DEV003412,Android,14,Mid-range
DEV003413,Android,13,Mid-range
DEV003414,Android,14,Mid-range
DEV003415,Android,13,Budget
DEV003416,Android,13,Mid-range
DEV003417,Android,11,Budget
DEV003418,Android,13,Budget
DEV003419,Android,12,Premium
DEV003420,Android,12,Budget
DEV003421,Android,11,Budget
DEV003422,iOS,16.5,Budget
DEV003423,Android,11,Mid-range
DEV003424,iOS,16.5,Budget
DEV003425,Android,11,Mid-range
DEV003426,Android,13,Budget
DEV003427,Android,11,Budget
DEV003428,Android,12,Budget
DEV003429,Android,11,Premium
DEV003430,Android,12,Budget
DEV003431,Android,13,Mid-range
DEV003432,Android,13,Mid-range
DEV003433,iOS,16.5,Mid-range
DEV003434,Android,12,Mid-range
DEV003435,Android,11,Budget
DEV003436,Android,13,Mid-range
DEV003437,iOS,16.5,Mid-range
DEV003438,Android,11,Budget
DEV003439,Android,13,Premium
DEV003440,iOS,16.5,Budget
DEV003441,Android,12,Mid-range
DEV003442,Android,12,Mid-range
DEV003443,Android,11,Mid-range
DEV003444,Android,12,Budget
DEV003445,Android,14,Mid-range
DEV003446,Android,12,Mid-range
DEV003447,Android,11,Mid-range
DEV003448,Android,12,Mid-range
DEV003449,Android,11,Budget
DEV003450,Android,14,Budget
DEV003451,Android,13,Budget
DEV003452,Android,14,Mid-range
DEV003453,Android,11,Mid-range
DEV003454,Android,12,Mid-range
DEV003455,Android,12,Premium
DEV003456,Android,14,Budget
DEV003457,Android,11,Budget
DEV003458,Android,11,Mid-range
DEV003459,iOS,16.5,Budget
DEV003460,Android,12,Premium
DEV003461,Android,11,Budget
DEV003462,Android,14,Mid-range
DEV003463,Android,13,Premium
DEV003464,Android,11,Mid-range
DEV003465,Android,13,Mid-range
DEV003466,Android,12,Budget
DEV003467,Android,12,Mid-range
DEV003468,Android,13,Budget
DEV003469,Android,13,Premium
DEV003470,Android,11,Budget
DEV003471,Android,12,Premium
DEV003472,Android,13,Mid-range
DEV003473,Android,11,Mid-range
DEV003474,Android,14,Mid-range
DEV003475,Android,13,Premium
DEV003476,Android,14,Mid-range
DEV003477,Android,11,Budget
DEV003478,Android,11,Budget
DEV003479,Android,13,Mid-range
DEV003480,Android,11,Premium
DEV003481,Android,12,Budget
DEV003482,Android,13,Mid-range
DEV003483,Android,14,Budget
DEV003484,Android,11,Mid-range
DEV003485,Android,13,Budget
DEV003486,Android,14,Mid-range
DEV003487,iOS,17.2,Budget
DEV003488,Android,11,Budget
DEV003489,Android,13,Budget
DEV003490,Android,11,Mid-range
DEV003491,Android,11,Budget
DEV003492,Android,13,Mid-range
DEV003493,iOS,17.2,Mid-range
DEV003494,iOS,17.2,Mid-range
DEV003495,iOS,16.5,Mid-range
DEV003496,Android,12,Mid-range
DEV003497,Android,12,Budget
DEV003498,Android,14,Mid-range
DEV003499,Android,13,Mid-range
DEV003500,Android,12,Budget
DEV003501,Android,12,Mid-range
DEV003502,Android,14,Budget
DEV003503,Android,11,Mid-range
DEV003504,Android,14,Budget
DEV003505,Android,11,Premium
DEV003506,Android,12,Mid-range
DEV003507,Android,12,Mid-range
DEV003508,Android,13,Mid-range
DEV003509,Android,12,Budget
DEV003510,Android,12,Mid-range
DEV003511,Android,12,Premium
DEV003512,Android,12,Premium
DEV003513,Android,14,Budget
DEV003514,Android,11,Mid-range
DEV003515,Android,11,Mid-range
DEV003516,iOS,16.5,Budget
DEV003517,Android,11,Mid-range
DEV003518,Android,13,Premium
DEV003519,Android,12,Premium
DEV003520,Android,13,Mid-range
DEV003521,Android,11,Mid-range
DEV003522,Android,11,Budget
DEV003523,Android,12,Premium
DEV003524,Android,12,Mid-range
DEV003525,Android,14,Budget
DEV003526,Android,13,Budget
DEV003527,iOS,16.5,Premium
DEV003528,Android,11,Mid-range
DEV003529,Android,12,Budget
DEV003530,Android,12,Premium
DEV003531,Android,12,Mid-range
DEV003532,Android,13,Premium
DEV003533,Android,14,Mid-range
DEV003534,Android,13,Mid-range
DEV003535,Android,14,Mid-range
DEV003536,Android,12,Mid-range
DEV003537,Android,12,Premium
DEV003538,Android,12,Mid-range
DEV003539,Android,13,Mid-range
DEV003540,Android,11,Budget
DEV003541,Android,12,Premium
DEV003542,iOS,16.5,Mid-range
DEV003543,Android,13,Premium
DEV003544,Android,13,Mid-range
DEV003545,Android,14,Mid-range
DEV003546,Android,13,Budget
DEV003547,Android,13,Budget
DEV003548,Android,13,Mid-range
DEV003549,Android,11,Mid-range
DEV003550,Android,11,Mid-range
DEV003551,iOS,16.5,Budget
DEV003552,iOS,16.5,Budget
DEV003553,Android,11,Mid-range
DEV003554,Android,11,Mid-range
DEV003555,iOS,16.5,Mid-range
DEV003556,Android,14,Mid-range
DEV003557,Android,12,Budget
DEV003558,iOS,16.5,Budget
DEV003559,Android,12,Mid-range
DEV003560,iOS,16.5,Budget
DEV003561,Android,12,Budget
DEV003562,Android,11,Budget
DEV003563,Android,11,Budget
DEV003564,Android,11,Budget
DEV003565,Android,12,Budget
DEV003566,Android,13,Budget
DEV003567,Android,11,Budget
DEV003568,Android,12,Budget
DEV003569,Android,12,Budget
DEV003570,Android,12,Mid-range
DEV003571,Android,11,Budget
DEV003572,Android,14,Mid-range
DEV003573,Android,12,Mid-range
DEV003574,Android,12,Budget
DEV003575,Android,11,Mid-range
DEV003576,Android,12,Mid-range
DEV003577,Android,12,Budget
DEV003578,iOS,16.5,Budget
DEV003579,iOS,17.2,Mid-range
DEV003580,Android,11,Mid-range
DEV003581,Android,14,Budget
DEV003582,Android,12,Budget
DEV003583,Android,13,Budget
DEV003584,iOS,17.2,Budget
DEV003585,iOS,17.2,Mid-range
DEV003586,Android,12,Mid-range
DEV003587,iOS,16.5,Mid-range
DEV003588,Android,11,Mid-range
DEV003589,Android,14,Budget
DEV003590,iOS,17.2,Budget
DEV003591,iOS,16.5,Mid-range
DEV003592,Android,13,Mid-range
DEV003593,Android,12,Budget
DEV003594,Android,13,Mid-range
DEV003595,Android,12,Budget
DEV003596,Android,13,Mid-range
DEV003597,Android,12,Budget
DEV003598,Android,11,Budget
DEV003599,Android,13,Budget
DEV003600,Android,12,Mid-range
DEV003601,iOS,17.2,Budget
DEV003602,Android,13,Budget
DEV003603,Android,12,Mid-range
DEV003604,Android,12,Budget
DEV003605,iOS,17.2,Budget
DEV003606,Android,12,Mid-range
DEV003607,Android,11,Mid-range
DEV003608,Android,13,Budget
DEV003609,Android,12,Premium
DEV003610,Android,13,Mid-range
DEV003611,iOS,16.5,Mid-range
DEV003612,Android,14,Mid-range
DEV003613,Android,14,Mid-range
DEV003614,Android,11,Budget
DEV003615,Android,14,Mid-range
DEV003616,Android,13,Budget
DEV003617,Android,14,Mid-range
DEV003618,Android,12,Budget
DEV003619,Android,14,Mid-range
DEV003620,Android,11,Mid-range
DEV003621,iOS,16.5,Mid-range
DEV003622,Android,11,Budget
DEV003623,Android,12,Premium
DEV003624,Android,12,Budget
DEV003625,Android,13,Budget
DEV003626,Android,13,Budget
DEV003627,Android,12,Budget
DEV003628,Android,12,Premium
DEV003629,Android,13,Budget
DEV003630,Android,11,Mid-range
DEV003631,Android,12,Premium
DEV003632,Android,13,Mid-range
DEV003633,Android,13,Mid-range
DEV003634,Android,13,Mid-range
DEV003635,Android,13,Budget
DEV003636,Android,11,Budget
DEV003637,Android,12,Mid-range
DEV003638,Android,11,Mid-range
DEV003639,Android,14,Budget
DEV003640,Android,13,Premium
DEV003641,Android,13,Mid-range
DEV003642,Android,12,Mid-range
DEV003643,Android,12,Premium
DEV003644,Android,13,Premium
DEV003645,Android,11,Premium
DEV003646,Android,12,Premium
DEV003647,Android,12,Mid-range
DEV003648,Android,12,Budget
DEV003649,Android,14,Premium
DEV003650,Android,11,Budget
DEV003651,Android,12,Mid-range
DEV003652,Android,11,Budget
DEV003653,Android,11,Mid-range
DEV003654,Android,11,Mid-range
DEV003655,iOS,17.2,Mid-range
DEV003656,Android,11,Budget
DEV003657,Android,11,Budget
DEV003658,Android,13,Budget
DEV003659,Android,12,Mid-range
DEV003660,Android,13,Mid-range
DEV003661,Android,12,Budget
DEV003662,Android,11,Budget
DEV003663,Android,12,Budget
DEV003664,Android,12,Mid-range
DEV003665,iOS,16.5,Mid-range
DEV003666,Android,13,Mid-range
DEV003667,Android,13,Mid-range
DEV003668,Android,11,Budget
DEV003669,Android,11,Budget
DEV003670,Android,14,Budget
DEV003671,Android,11,Premium
DEV003672,Android,12,Budget
DEV003673,Android,13,Budget
DEV003674,Android,13,Mid-range
DEV003675,Android,12,Budget
DEV003676,Android,11,Mid-range
DEV003677,Android,11,Mid-range
DEV003678,Android,13,Budget
DEV003679,Android,12,Mid-range
DEV003680,iOS,16.5,Mid-range
DEV003681,Android,12,Premium
DEV003682,Android,14,Mid-range
DEV003683,Android,12,Budget
DEV003684,Android,11,Mid-range
DEV003685,Android,11,Mid-range
DEV003686,Android,11,Mid-range
DEV003687,Android,13,Budget
DEV003688,Android,12,Mid-range
DEV003689,Android,12,Budget
DEV003690,Android,14,Budget
DEV003691,Android,12,Mid-range
DEV003692,iOS,17.2,Mid-range
DEV003693,Android,12,Premium
DEV003694,Android,14,Budget
DEV003695,Android,12,Budget
DEV003696,Android,12,Budget
DEV003697,Android,13,Mid-range
DEV003698,Android,11,Mid-range
DEV003699,Android,14,Premium
DEV003700,Android,12,Budget
DEV003701,Android,11,Premium
DEV003702,Android,14,Budget
DEV003703,Android,13,Mid-range
DEV003704,iOS,17.2,Mid-range
DEV003705,Android,12,Mid-range
DEV003706,iOS,17.2,Mid-range
DEV003707,Android,12,Budget
DEV003708,Android,12,Mid-range
DEV003709,Android,11,Budget
DEV003710,Android,11,Budget
DEV003711,Android,11,Mid-range
DEV003712,Android,11,Mid-range
DEV003713,iOS,17.2,Budget
DEV003714,Android,13,Budget
DEV003715,Android,11,Premium
DEV003716,Android,12,Budget
DEV003717,Android,11,Budget
DEV003718,Android,12,Budget
DEV003719,Android,13,Mid-range
DEV003720,Android,11,Budget
DEV003721,Android,11,Budget
DEV003722,iOS,16.5,Mid-range
DEV003723,Android,12,Mid-range
DEV003724,Android,11,Budget
DEV003725,Android,14,Premium
DEV003726,Android,11,Mid-range
DEV003727,Android,12,Mid-range
DEV003728,Android,11,Premium
DEV003729,Android,12,Budget
DEV003730,Android,14,Mid-range
DEV003731,iOS,16.5,Premium
DEV003732,iOS,17.2,Premium
DEV003733,iOS,16.5,Budget
DEV003734,Android,11,Premium
DEV003735,Android,14,Budget
DEV003736,Android,12,Budget
DEV003737,Android,13,Premium
DEV003738,Android,11,Budget
DEV003739,Android,13,Budget
DEV003740,Android,12,Mid-range
DEV003741,Android,12,Budget
DEV003742,Android,14,Premium
DEV003743,iOS,16.5,Premium
DEV003744,iOS,16.5,Budget
DEV003745,Android,11,Mid-range
DEV003746,Android,13,Budget
DEV003747,Android,12,Mid-range
DEV003748,Android,13,Mid-range
DEV003749,Android,12,Mid-range
DEV003750,Android,12,Budget
DEV003751,Android,13,Mid-range
DEV003752,Android,12,Budget
DEV003753,Android,12,Premium
DEV003754,Android,13,Budget
DEV003755,Android,11,Budget
DEV003756,iOS,16.5,Budget
DEV003757,Android,12,Premium
DEV003758,Android,13,Premium
DEV003759,Android,12,Mid-range
DEV003760,Android,11,Budget
DEV003761,Android,12,Budget
DEV003762,Android,13,Mid-range
DEV003763,Android,13,Mid-range
DEV003764,Android,12,Mid-range
DEV003765,Android,14,Budget
DEV003766,Android,12,Budget
DEV003767,Android,11,Mid-range
DEV003768,Android,12,Budget
DEV003769,Android,14,Mid-range
DEV003770,Android,13,Mid-range
DEV003771,iOS,16.5,Budget
DEV003772,Android,11,Budget
DEV003773,Android,11,Budget
DEV003774,Android,12,Budget
DEV003775,Android,14,Mid-range
DEV003776,Android,12,Mid-range
DEV003777,iOS,17.2,Premium
DEV003778,Android,14,Mid-range
DEV003779,iOS,16.5,Budget
DEV003780,Android,12,Mid-range
DEV003781,Android,14,Mid-range
DEV003782,Android,12,Mid-range
DEV003783,Android,13,Mid-range
DEV003784,Android,12,Mid-range
DEV003785,Android,11,Budget
DEV003786,Android,11,Mid-range
DEV003787,Android,12,Mid-range
DEV003788,Android,14,Mid-range
DEV003789,Android,13,Mid-range
DEV003790,Android,14,Budget
DEV003791,Android,11,Mid-range
DEV003792,Android,13,Budget
DEV003793,Android,12,Mid-range
DEV003794,Android,12,Mid-range
DEV003795,Android,11,Premium
DEV003796,Android,11,Mid-range
DEV003797,Android,14,Budget
DEV003798,Android,12,Mid-range
DEV003799,Android,12,Mid-range
DEV003800,Android,12,Budget
DEV003801,Android,11,Mid-range
DEV003802,iOS,16.5,Budget
DEV003803,iOS,17.2,Budget
DEV003804,Android,13,Mid-range
DEV003805,Android,13,Premium
DEV003806,iOS,17.2,Budget
DEV003807,Android,12,Mid-range
DEV003808,Android,11,Budget
DEV003809,Android,13,Mid-range
DEV003810,iOS,16.5,Budget
DEV003811,Android,11,Mid-range
DEV003812,Android,11,Mid-range
DEV003813,Android,12,Budget
DEV003814,Android,11,Premium
DEV003815,Android,12,Budget
DEV003816,Android,13,Budget
DEV003817,Android,11,Mid-range
DEV003818,Android,11,Premium
DEV003819,Android,12,Budget
DEV003820,Android,11,Mid-range
DEV003821,Android,12,Budget
DEV003822,iOS,17.2,Premium
DEV003823,Android,11,Budget
DEV003824,Android,12,Mid-range
DEV003825,Android,12,Mid-range
DEV003826,iOS,16.5,Mid-range
DEV003827,Android,12,Mid-range
DEV003828,Android,12,Budget
DEV003829,Android,11,Budget
DEV003830,Android,12,Mid-range
DEV003831,Android,12,Premium
DEV003832,iOS,16.5,Mid-range
DEV003833,Android,13,Mid-range
DEV003834,Android,12,Premium
DEV003835,Android,12,Mid-range
DEV003836,Android,13,Budget
DEV003837,Android,13,Mid-range
DEV003838,Android,11,Budget
DEV003839,iOS,16.5,Mid-range
DEV003840,Android,12,Premium
DEV003841,Android,11,Mid-range
DEV003842,Android,12,Premium
DEV003843,Android,11,Premium
DEV003844,Android,12,Mid-range
DEV003845,Android,12,Premium
DEV003846,Android,13,Mid-range
DEV003847,Android,11,Mid-range
DEV003848,iOS,17.2,Mid-range
DEV003849,iOS,17.2,Budget
DEV003850,Android,11,Mid-range
DEV003851,Android,12,Mid-range
DEV003852,Android,12,Mid-range
DEV003853,Android,12,Budget
DEV003854,Android,13,Mid-range
DEV003855,Android,12,Mid-range
DEV003856,iOS,16.5,Budget
DEV003857,Android,11,Budget
DEV003858,iOS,16.5,Budget
DEV003859,Android,13,Mid-range
DEV003860,Android,11,Mid-range
DEV003861,Android,11,Premium
DEV003862,Android,11,Mid-range
DEV003863,Android,14,Budget
DEV003864,Android,11,Budget
DEV003865,Android,12,Mid-range
DEV003866,Android,12,Budget
DEV003867,Android,14,Mid-range
DEV003868,Android,11,Budget
DEV003869,Android,11,Budget
DEV003870,Android,13,Budget
DEV003871,Android,13,Mid-range
DEV003872,Android,14,Mid-range
DEV003873,Android,13,Premium
DEV003874,Android,12,Budget
DEV003875,Android,11,Budget
DEV003876,Android,14,Mid-range
DEV003877,iOS,16.5,Budget
DEV003878,Android,11,Budget
DEV003879,Android,12,Premium
DEV003880,Android,12,Budget
DEV003881,Android,13,Budget
DEV003882,iOS,16.5,Mid-range
DEV003883,Android,14,Budget
DEV003884,Android,11,Mid-range
DEV003885,Android,11,Budget
DEV003886,Android,13,Budget
DEV003887,Android,11,Mid-range
DEV003888,iOS,16.5,Budget
DEV003889,Android,11,Budget
DEV003890,Android,11,Mid-range
DEV003891,Android,12,Budget
DEV003892,Android,12,Budget
DEV003893,Android,14,Mid-range
DEV003894,Android,12,Budget
DEV003895,Android,11,Budget
DEV003896,Android,13,Premium
DEV003897,Android,11,Mid-range
DEV003898,iOS,17.2,Premium
DEV003899,Android,11,Premium
DEV003900,Android,13,Premium
DEV003901,Android,13,Mid-range
DEV003902,iOS,17.2,Mid-range
DEV003903,Android,12,Mid-range
DEV003904,iOS,16.5,Budget
DEV003905,iOS,16.5,Mid-range
DEV003906,Android,12,Mid-range
DEV003907,Android,13,Budget
DEV003908,Android,13,Budget
DEV003909,Android,13,Premium
DEV003910,Android,11,Mid-range
DEV003911,iOS,16.5,Budget
DEV003912,Android,13,Mid-range
DEV003913,Android,13,Budget
DEV003914,Android,12,Budget
DEV003915,Android,11,Budget
DEV003916,Android,11,Premium
DEV003917,Android,13,Premium
DEV003918,Android,13,Budget
DEV003919,Android,12,Mid-range
DEV003920,Android,14,Mid-range
DEV003921,iOS,17.2,Mid-range
DEV003922,Android,12,Budget
DEV003923,Android,14,Budget
DEV003924,Android,11,Mid-range
DEV003925,iOS,16.5,Mid-range
DEV003926,Android,11,Mid-range
DEV003927,Android,13,Mid-range
DEV003928,Android,12,Budget
DEV003929,Android,12,Budget
DEV003930,iOS,16.5,Budget
DEV003931,Android,11,Mid-range
DEV003932,Android,11,Budget
DEV003933,Android,11,Mid-range
DEV003934,Android,14,Premium
DEV003935,Android,11,Budget
DEV003936,Android,13,Budget
DEV003937,Android,13,Budget
DEV003938,Android,11,Budget
DEV003939,Android,12,Mid-range
DEV003940,Android,13,Budget
DEV003941,Android,14,Budget
DEV003942,iOS,17.2,Budget
DEV003943,Android,11,Mid-range
DEV003944,Android,12,Mid-range
DEV003945,Android,14,Mid-range
DEV003946,Android,14,Budget
DEV003947,Android,12,Premium
DEV003948,Android,14,Premium
DEV003949,Android,13,Budget
DEV003950,Android,13,Budget
DEV003951,Android,12,Mid-range
DEV003952,Android,12,Mid-range
DEV003953,Android,11,Budget
DEV003954,Android,12,Budget
DEV003955,Android,11,Budget
DEV003956,Android,12,Mid-range
DEV003957,Android,12,Premium
DEV003958,iOS,16.5,Premium
DEV003959,Android,12,Mid-range
DEV003960,Android,13,Mid-range
DEV003961,Android,12,Budget
DEV003962,iOS,16.5,Budget
DEV003963,Android,13,Budget
DEV003964,Android,12,Budget
DEV003965,iOS,16.5,Mid-range
DEV003966,Android,12,Mid-range
DEV003967,Android,13,Mid-range
DEV003968,Android,13,Premium
DEV003969,Android,13,Budget
DEV003970,Android,11,Mid-range
DEV003971,Android,13,Mid-range
DEV003972,Android,13,Mid-range
DEV003973,Android,12,Mid-range
DEV003974,Android,13,Budget
DEV003975,Android,13,Premium
DEV003976,Android,14,Budget
DEV003977,Android,14,Mid-range
DEV003978,iOS,16.5,Budget
DEV003979,Android,13,Premium
DEV003980,Android,12,Budget
DEV003981,Android,12,Mid-range
DEV003982,Android,12,Budget
DEV003983,iOS,17.2,Mid-range
DEV003984,Android,12,Budget
DEV003985,Android,12,Premium
DEV003986,Android,13,Budget
DEV003987,Android,13,Mid-range
DEV003988,Android,12,Budget
DEV003989,Android,13,Premium
DEV003990,Android,12,Budget
DEV003991,iOS,17.2,Mid-range
DEV003992,Android,11,Budget
DEV003993,Android,13,Mid-range
DEV003994,Android,13,Mid-range
DEV003995,Android,11,Budget
DEV003996,Android,13,Budget
DEV003997,Android,11,Premium
DEV003998,Android,12,Mid-range
DEV003999,Android,11,Budget
DEV004000,Android,11,Mid-range
DEV004001,Android,12,Premium
DEV004002,Android,12,Mid-range
DEV004003,Android,13,Premium
DEV004004,Android,11,Budget
DEV004005,Android,12,Budget
DEV004006,Android,12,Mid-range
DEV004007,Android,12,Mid-range
DEV004008,Android,11,Budget
DEV004009,Android,14,Budget
DEV004010,Android,13,Premium
DEV004011,Android,11,Mid-range
DEV004012,Android,11,Mid-range
DEV004013,iOS,17.2,Mid-range
DEV004014,iOS,16.5,Mid-range
DEV004015,Android,12,Mid-range
DEV004016,Android,12,Premium
DEV004017,iOS,17.2,Mid-range
DEV004018,iOS,16.5,Mid-range
DEV004019,Android,12,Budget
DEV004020,Android,12,Budget
DEV004021,Android,11,Mid-range
DEV004022,Android,13,Mid-range
DEV004023,iOS,16.5,Budget
DEV004024,Android,13,Premium
DEV004025,Android,12,Mid-range
DEV004026,Android,14,Budget
DEV004027,Android,13,Mid-range
DEV004028,Android,12,Mid-range
DEV004029,Android,11,Premium
DEV004030,iOS,17.2,Mid-range
DEV004031,Android,11,Budget
DEV004032,Android,11,Mid-range
DEV004033,Android,12,Mid-range
DEV004034,Android,13,Mid-range
DEV004035,Android,13,Budget
DEV004036,Android,12,Premium
DEV004037,iOS,16.5,Premium
DEV004038,iOS,16.5,Premium
DEV004039,Android,13,Budget
DEV004040,Android,11,Budget
DEV004041,Android,12,Mid-range
DEV004042,iOS,16.5,Mid-range
DEV004043,Android,11,Mid-range
DEV004044,Android,12,Mid-range
DEV004045,Android,12,Premium
DEV004046,Android,11,Mid-range
DEV004047,Android,11,Mid-range
DEV004048,Android,11,Budget
DEV004049,Android,14,Mid-range
DEV004050,Android,11,Mid-range
DEV004051,Android,13,Budget
DEV004052,iOS,16.5,Premium
DEV004053,Android,14,Budget
DEV004054,Android,12,Mid-range
DEV004055,iOS,16.5,Budget
DEV004056,Android,11,Mid-range
DEV004057,Android,13,Budget
DEV004058,Android,13,Premium
DEV004059,iOS,16.5,Mid-range
DEV004060,Android,13,Mid-range
DEV004061,Android,12,Mid-range
DEV004062,Android,13,Budget
DEV004063,Android,13,Mid-range
DEV004064,iOS,16.5,Mid-range
DEV004065,Android,11,Budget
DEV004066,Android,11,Budget
DEV004067,Android,13,Premium
DEV004068,Android,13,Budget
DEV004069,Android,12,Premium
DEV004070,iOS,17.2,Mid-range
DEV004071,Android,11,Budget
DEV004072,Android,12,Mid-range
DEV004073,iOS,17.2,Budget
DEV004074,Android,12,Mid-range
DEV004075,Android,14,Mid-range
DEV004076,Android,13,Budget
DEV004077,Android,12,Mid-range
DEV004078,Android,12,Budget
DEV004079,iOS,16.5,Mid-range
DEV004080,Android,12,Mid-range
DEV004081,Android,13,Budget
DEV004082,Android,13,Mid-range
DEV004083,Android,13,Mid-range
DEV004084,Android,12,Premium
DEV004085,Android,11,Premium
DEV004086,Android,13,Mid-range
DEV004087,Android,14,Mid-range
DEV004088,Android,13,Budget
DEV004089,iOS,17.2,Budget
DEV004090,Android,14,Budget
DEV004091,Android,13,Mid-range
DEV004092,Android,13,Budget
DEV004093,iOS,16.5,Budget
DEV004094,Android,12,Budget
DEV004095,iOS,17.2,Mid-range
DEV004096,Android,14,Premium
DEV004097,Android,12,Budget
DEV004098,Android,13,Premium
DEV004099,Android,14,Budget
DEV004100,Android,12,Budget
DEV004101,Android,13,Budget
DEV004102,iOS,16.5,Budget
DEV004103,Android,11,Mid-range
DEV004104,Android,13,Mid-range
DEV004105,Android,14,Mid-range
DEV004106,Android,12,Budget
DEV004107,Android,11,Mid-range
DEV004108,Android,12,Budget
DEV004109,Android,11,Mid-range
DEV004110,Android,13,Budget
DEV004111,Android,13,Mid-range
DEV004112,Android,13,Premium
DEV004113,Android,11,Premium
DEV004114,Android,12,Mid-range
DEV004115,iOS,16.5,Budget
DEV004116,iOS,17.2,Budget
DEV004117,Android,11,Premium
DEV004118,Android,13,Mid-range
DEV004119,iOS,17.2,Mid-range
DEV004120,Android,12,Budget
DEV004121,Android,11,Mid-range
DEV004122,Android,13,Premium
DEV004123,Android,13,Budget
DEV004124,Android,13,Mid-range
DEV004125,Android,13,Mid-range
DEV004126,iOS,16.5,Mid-range
DEV004127,Android,12,Mid-range
DEV004128,Android,12,Budget
DEV004129,Android,11,Mid-range
DEV004130,Android,13,Mid-range
DEV004131,Android,11,Mid-range
DEV004132,Android,13,Budget
DEV004133,Android,13,Mid-range
DEV004134,Android,11,Mid-range
DEV004135,Android,13,Mid-range
DEV004136,Android,13,Budget
DEV004137,Android,11,Premium
DEV004138,Android,14,Budget
DEV004139,Android,14,Budget
DEV004140,Android,13,Mid-range
DEV004141,Android,14,Mid-range
DEV004142,Android,12,Mid-range
DEV004143,Android,13,Mid-range
DEV004144,Android,11,Mid-range
DEV004145,iOS,17.2,Premium
DEV004146,Android,11,Mid-range
DEV004147,Android,11,Mid-range
DEV004148,Android,14,Budget
DEV004149,Android,11,Budget
DEV004150,Android,11,Mid-range
DEV004151,iOS,16.5,Budget
DEV004152,iOS,17.2,Mid-range
DEV004153,Android,12,Mid-range
DEV004154,Android,12,Premium
DEV004155,Android,11,Budget
DEV004156,iOS,16.5,Mid-range
DEV004157,Android,14,Mid-range
DEV004158,Android,12,Mid-range
DEV004159,Android,13,Mid-range
DEV004160,iOS,17.2,Budget
DEV004161,Android,12,Budget
DEV004162,Android,11,Mid-range
DEV004163,Android,11,Budget
DEV004164,Android,12,Mid-range
DEV004165,iOS,17.2,Mid-range
DEV004166,Android,11,Budget
DEV004167,Android,11,Mid-range
DEV004168,Android,11,Budget
DEV004169,Android,12,Premium
DEV004170,Android,12,Budget
DEV004171,Android,12,Mid-range
DEV004172,Android,13,Mid-range
DEV004173,Android,11,Mid-range
DEV004174,iOS,17.2,Mid-range
DEV004175,Android,11,Budget
DEV004176,Android,13,Mid-range
DEV004177,Android,13,Mid-range
DEV004178,Android,11,Premium
DEV004179,Android,12,Budget
DEV004180,Android,13,Budget
DEV004181,Android,11,Budget
DEV004182,Android,12,Budget
DEV004183,Android,13,Budget
DEV004184,Android,12,Budget
DEV004185,iOS,16.5,Budget
DEV004186,Android,11,Budget
DEV004187,iOS,17.2,Budget
DEV004188,Android,11,Premium
DEV004189,Android,11,Mid-range
DEV004190,Android,12,Mid-range
DEV004191,Android,12,Mid-range
DEV004192,Android,13,Premium
DEV004193,Android,13,Mid-range
DEV004194,iOS,16.5,Budget
DEV004195,iOS,16.5,Budget
DEV004196,Android,12,Mid-range
DEV004197,iOS,17.2,Mid-range
DEV004198,Android,13,Mid-range
DEV004199,Android,12,Budget
DEV004200,Android,11,Mid-range
DEV004201,Android,11,Budget
DEV004202,Android,12,Mid-range
DEV004203,Android,11,Mid-range
DEV004204,iOS,17.2,Mid-range
DEV004205,Android,11,Mid-range
DEV004206,Android,13,Budget
DEV004207,iOS,17.2,Mid-range
DEV004208,Android,12,Budget
DEV004209,Android,12,Premium
DEV004210,iOS,16.5,Mid-range
DEV004211,Android,12,Premium
DEV004212,iOS,16.5,Mid-range
DEV004213,Android,12,Budget
DEV004214,Android,11,Mid-range
DEV004215,iOS,16.5,Budget
DEV004216,Android,11,Mid-range
DEV004217,Android,13,Mid-range
DEV004218,iOS,16.5,Premium
DEV004219,Android,12,Mid-range
DEV004220,Android,13,Mid-range
DEV004221,Android,12,Premium
DEV004222,iOS,16.5,Mid-range
DEV004223,Android,12,Mid-range
DEV004224,iOS,16.5,Mid-range
DEV004225,Android,13,Mid-range
DEV004226,Android,13,Budget
DEV004227,Android,13,Premium
DEV004228,Android,14,Premium
DEV004229,Android,12,Mid-range
DEV004230,Android,13,Premium
DEV004231,Android,13,Premium
DEV004232,Android,12,Budget
DEV004233,Android,11,Mid-range
DEV004234,Android,12,Premium
DEV004235,Android,12,Budget
DEV004236,Android,12,Budget
DEV004237,iOS,16.5,Budget
DEV004238,Android,12,Mid-range
DEV004239,Android,11,Budget
DEV004240,Android,12,Budget
DEV004241,Android,13,Mid-range
DEV004242,Android,11,Budget
DEV004243,iOS,16.5,Mid-range
DEV004244,Android,14,Budget
DEV004245,Android,12,Mid-range
DEV004246,Android,12,Budget
DEV004247,Android,13,Budget
DEV004248,Android,12,Budget
DEV004249,iOS,16.5,Budget
DEV004250,Android,12,Budget
DEV004251,Android,12,Budget
DEV004252,Android,12,Budget
DEV004253,Android,11,Mid-range
DEV004254,Android,11,Mid-range
DEV004255,Android,11,Budget
DEV004256,Android,12,Mid-range
DEV004257,Android,11,Mid-range
DEV004258,Android,11,Mid-range
DEV004259,Android,14,Budget
DEV004260,Android,12,Mid-range
DEV004261,Android,12,Premium
DEV004262,Android,11,Budget
DEV004263,Android,11,Budget
DEV004264,Android,13,Premium
DEV004265,Android,11,Budget
DEV004266,Android,12,Mid-range
DEV004267,Android,12,Mid-range
DEV004268,Android,13,Mid-range
DEV004269,Android,13,Budget
DEV004270,Android,14,Premium
DEV004271,Android,12,Premium
DEV004272,Android,14,Budget
DEV004273,Android,11,Budget
DEV004274,Android,11,Budget
DEV004275,Android,12,Mid-range
DEV004276,Android,11,Mid-range
DEV004277,Android,12,Premium
DEV004278,Android,13,Mid-range
DEV004279,Android,12,Mid-range
DEV004280,Android,14,Budget
DEV004281,Android,11,Mid-range
DEV004282,Android,11,Mid-range
DEV004283,iOS,16.5,Premium
DEV004284,Android,11,Mid-range
DEV004285,Android,11,Mid-range
DEV004286,Android,14,Mid-range
DEV004287,Android,12,Budget
DEV004288,iOS,17.2,Mid-range
DEV004289,Android,13,Budget
DEV004290,Android,11,Budget
DEV004291,iOS,17.2,Premium
DEV004292,Android,12,Mid-range
DEV004293,Android,11,Budget
DEV004294,Android,12,Budget
DEV004295,Android,13,Budget
DEV004296,Android,12,Mid-range
DEV004297,Android,12,Mid-range
DEV004298,Android,12,Budget
DEV004299,Android,12,Budget
DEV004300,Android,12,Budget
DEV004301,Android,11,Budget
DEV004302,Android,11,Mid-range
DEV004303,Android,11,Mid-range
DEV004304,iOS,16.5,Budget
DEV004305,Android,11,Premium
DEV004306,Android,12,Budget
DEV004307,Android,11,Budget
DEV004308,Android,13,Premium
DEV004309,Android,12,Mid-range
DEV004310,Android,12,Mid-range
DEV004311,Android,12,Budget
DEV004312,Android,13,Budget
DEV004313,Android,12,Premium
DEV004314,Android,11,Mid-range
DEV004315,Android,11,Mid-range
DEV004316,iOS,16.5,Mid-range
DEV004317,Android,11,Mid-range
DEV004318,iOS,16.5,Budget
DEV004319,Android,12,Budget
DEV004320,Android,13,Premium
DEV004321,Android,11,Mid-range
DEV004322,Android,11,Budget
DEV004323,Android,13,Budget
DEV004324,iOS,16.5,Premium
DEV004325,iOS,16.5,Premium
DEV004326,iOS,16.5,Mid-range
DEV004327,Android,13,Premium
DEV004328,Android,11,Mid-range
DEV004329,iOS,16.5,Mid-range
DEV004330,Android,11,Mid-range
DEV004331,Android,13,Budget
DEV004332,Android,11,Mid-range
DEV004333,Android,14,Mid-range
DEV004334,Android,13,Budget
DEV004335,Android,13,Premium
DEV004336,iOS,17.2,Budget
DEV004337,Android,14,Budget
DEV004338,Android,14,Mid-range
DEV004339,Android,12,Budget
DEV004340,Android,11,Budget
DEV004341,Android,13,Premium
DEV004342,Android,14,Mid-range
DEV004343,Android,13,Mid-range
DEV004344,Android,12,Budget
DEV004345,Android,13,Mid-range
DEV004346,Android,11,Budget
DEV004347,Android,11,Budget
DEV004348,Android,11,Premium
DEV004349,iOS,16.5,Budget
DEV004350,Android,14,Mid-range
DEV004351,Android,11,Mid-range
DEV004352,Android,12,Budget
DEV004353,Android,12,Mid-range
DEV004354,Android,12,Budget
DEV004355,Android,13,Mid-range
DEV004356,Android,13,Mid-range
DEV004357,Android,13,Budget
DEV004358,Android,11,Mid-range
DEV004359,Android,14,Budget
DEV004360,iOS,17.2,Budget
DEV004361,iOS,17.2,Mid-range
DEV004362,iOS,17.2,Mid-range
DEV004363,Android,14,Budget
DEV004364,Android,13,Budget
DEV004365,Android,13,Premium
DEV004366,Android,13,Mid-range
DEV004367,Android,14,Budget
DEV004368,Android,12,Mid-range
DEV004369,Android,14,Mid-range
DEV004370,Android,11,Budget
DEV004371,Android,13,Budget
DEV004372,iOS,16.5,Budget
DEV004373,Android,11,Budget
DEV004374,iOS,16.5,Budget
DEV004375,Android,12,Mid-range
DEV004376,Android,13,Budget
DEV004377,Android,11,Budget
DEV004378,Android,12,Mid-range
DEV004379,Android,11,Budget
DEV004380,Android,11,Premium
DEV004381,iOS,17.2,Budget
DEV004382,Android,12,Mid-range
DEV004383,Android,14,Mid-range
DEV004384,Android,12,Budget
DEV004385,Android,14,Mid-range
DEV004386,Android,13,Budget
DEV004387,Android,11,Budget
DEV004388,Android,11,Mid-range
DEV004389,Android,11,Premium
DEV004390,iOS,17.2,Budget
DEV004391,Android,13,Budget
DEV004392,Android,13,Budget
DEV004393,Android,12,Mid-range
DEV004394,Android,12,Budget
DEV004395,Android,12,Budget
DEV004396,Android,11,Mid-range
DEV004397,Android,13,Budget
DEV004398,Android,14,Budget
DEV004399,Android,12,Mid-range
DEV004400,Android,14,Budget
DEV004401,iOS,16.5,Budget
DEV004402,Android,12,Budget
DEV004403,Android,13,Budget
DEV004404,iOS,16.5,Budget
DEV004405,iOS,16.5,Mid-range
DEV004406,Android,11,Budget
DEV004407,Android,11,Budget
DEV004408,iOS,17.2,Budget
DEV004409,Android,13,Budget
DEV004410,iOS,16.5,Premium
DEV004411,iOS,16.5,Mid-range
DEV004412,Android,11,Mid-range
DEV004413,Android,13,Mid-range
DEV004414,Android,11,Mid-range
DEV004415,Android,12,Mid-range
DEV004416,Android,12,Budget
DEV004417,iOS,16.5,Mid-range
DEV004418,iOS,16.5,Mid-range
DEV004419,Android,13,Budget
DEV004420,Android,11,Premium
DEV004421,Android,11,Mid-range
DEV004422,Android,12,Budget
DEV004423,Android,13,Mid-range
DEV004424,Android,12,Budget
DEV004425,Android,13,Premium
DEV004426,Android,12,Budget
DEV004427,iOS,17.2,Budget
DEV004428,Android,12,Budget
DEV004429,Android,12,Mid-range
DEV004430,Android,12,Mid-range
DEV004431,Android,12,Mid-range
DEV004432,Android,13,Budget
DEV004433,Android,12,Mid-range
DEV004434,Android,12,Mid-range
DEV004435,Android,14,Budget
DEV004436,Android,13,Mid-range
DEV004437,Android,13,Mid-range
DEV004438,Android,13,Mid-range
DEV004439,Android,11,Budget
DEV004440,iOS,17.2,Budget
DEV004441,Android,13,Premium
DEV004442,iOS,16.5,Budget
DEV004443,Android,12,Mid-range
DEV004444,iOS,16.5,Mid-range
DEV004445,Android,12,Budget
DEV004446,iOS,16.5,Premium
DEV004447,iOS,16.5,Budget
DEV004448,Android,14,Budget
DEV004449,Android,11,Premium
DEV004450,Android,13,Budget
DEV004451,Android,11,Premium
DEV004452,Android,12,Mid-range
DEV004453,Android,13,Budget
DEV004454,Android,14,Premium
DEV004455,Android,11,Budget
DEV004456,Android,11,Budget
DEV004457,Android,13,Mid-range
DEV004458,Android,11,Budget
DEV004459,Android,13,Mid-range
DEV004460,Android,13,Budget
DEV004461,Android,12,Budget
DEV004462,Android,14,Mid-range
DEV004463,Android,12,Budget
DEV004464,iOS,16.5,Budget
DEV004465,Android,14,Mid-range
DEV004466,Android,11,Mid-range
DEV004467,Android,13,Premium
DEV004468,Android,13,Mid-range
DEV004469,iOS,16.5,Mid-range
DEV004470,Android,13,Mid-range
DEV004471,Android,11,Premium
DEV004472,Android,12,Premium
DEV004473,Android,11,Budget
DEV004474,Android,13,Budget
DEV004475,Android,11,Mid-range
DEV004476,Android,13,Mid-range
DEV004477,Android,14,Mid-range
DEV004478,Android,12,Mid-range
DEV004479,Android,14,Budget
DEV004480,Android,14,Mid-range
DEV004481,Android,11,Budget
DEV004482,Android,11,Mid-range
DEV004483,Android,14,Budget
DEV004484,Android,12,Mid-range
DEV004485,Android,11,Mid-range
DEV004486,Android,14,Budget
DEV004487,Android,13,Mid-range
DEV004488,Android,11,Budget
DEV004489,iOS,17.2,Mid-range
DEV004490,Android,13,Mid-range
DEV004491,Android,11,Budget
DEV004492,iOS,16.5,Budget
DEV004493,Android,12,Budget
DEV004494,Android,12,Budget
DEV004495,Android,14,Mid-range
DEV004496,iOS,17.2,Mid-range
DEV004497,Android,11,Mid-range
DEV004498,Android,13,Budget
DEV004499,Android,14,Budget
DEV004500,Android,13,Budget
DEV004501,Android,13,Premium
DEV004502,Android,12,Budget
DEV004503,Android,12,Premium
DEV004504,Android,11,Mid-range
DEV004505,iOS,16.5,Mid-range
DEV004506,Android,13,Mid-range
DEV004507,Android,11,Premium
DEV004508,Android,12,Mid-range
DEV004509,Android,13,Premium
DEV004510,Android,12,Mid-range
DEV004511,Android,12,Budget
DEV004512,iOS,16.5,Mid-range
DEV004513,iOS,16.5,Mid-range
DEV004514,Android,12,Budget
DEV004515,Android,13,Budget
DEV004516,Android,11,Mid-range
DEV004517,Android,12,Mid-range
DEV004518,Android,11,Premium
DEV004519,Android,12,Premium
DEV004520,Android,14,Budget
DEV004521,Android,11,Budget
DEV004522,iOS,16.5,Budget
DEV004523,Android,12,Budget
DEV004524,Android,11,Budget
DEV004525,Android,14,Budget
DEV004526,Android,12,Budget
DEV004527,iOS,16.5,Mid-range
DEV004528,Android,11,Budget
DEV004529,Android,13,Budget
DEV004530,iOS,16.5,Mid-range
DEV004531,iOS,16.5,Premium
DEV004532,Android,11,Budget
DEV004533,Android,14,Premium
DEV004534,Android,12,Mid-range
DEV004535,Android,12,Budget
DEV004536,iOS,16.5,Mid-range
DEV004537,Android,13,Mid-range
DEV004538,Android,13,Budget
DEV004539,Android,14,Budget
DEV004540,iOS,16.5,Budget
DEV004541,Android,11,Budget
DEV004542,Android,11,Budget
DEV004543,Android,12,Budget
DEV004544,Android,12,Mid-range
DEV004545,iOS,16.5,Mid-range
DEV004546,Android,11,Mid-range
DEV004547,iOS,16.5,Premium
DEV004548,Android,14,Budget
DEV004549,Android,12,Budget
DEV004550,iOS,17.2,Mid-range
DEV004551,Android,13,Mid-range
DEV004552,Android,12,Budget
DEV004553,Android,11,Mid-range
DEV004554,Android,13,Budget
DEV004555,Android,11,Mid-range
DEV004556,Android,12,Premium
DEV004557,Android,12,Mid-range
DEV004558,Android,12,Budget
DEV004559,iOS,16.5,Premium
DEV004560,Android,13,Budget
DEV004561,Android,13,Budget
DEV004562,Android,11,Mid-range
DEV004563,Android,12,Mid-range
DEV004564,iOS,16.5,Mid-range
DEV004565,Android,13,Budget
DEV004566,Android,14,Budget
DEV004567,iOS,16.5,Budget
DEV004568,Android,14,Budget
DEV004569,Android,12,Mid-range
DEV004570,Android,12,Mid-range
DEV004571,Android,11,Mid-range
DEV004572,Android,12,Mid-range
DEV004573,Android,12,Budget
DEV004574,Android,14,Mid-range
DEV004575,Android,11,Mid-range
DEV004576,Android,13,Budget
DEV004577,iOS,17.2,Premium
DEV004578,Android,13,Mid-range
DEV004579,Android,12,Budget
DEV004580,Android,12,Budget
DEV004581,iOS,16.5,Budget
DEV004582,iOS,17.2,Mid-range
DEV004583,Android,12,Budget
DEV004584,Android,12,Mid-range
DEV004585,Android,11,Mid-range
DEV004586,iOS,17.2,Budget
DEV004587,Android,11,Premium
DEV004588,Android,12,Mid-range
DEV004589,Android,11,Budget
DEV004590,Android,12,Premium
DEV004591,iOS,17.2,Mid-range
DEV004592,Android,11,Mid-range
DEV004593,Android,11,Premium
DEV004594,Android,12,Premium
DEV004595,Android,13,Mid-range
DEV004596,Android,12,Mid-range
DEV004597,Android,12,Mid-range
DEV004598,Android,12,Mid-range
DEV004599,Android,11,Budget
DEV004600,Android,12,Budget
DEV004601,Android,13,Mid-range
DEV004602,Android,12,Mid-range
DEV004603,Android,13,Mid-range
DEV004604,Android,12,Mid-range
DEV004605,iOS,16.5,Premium
DEV004606,iOS,17.2,Mid-range
DEV004607,Android,11,Mid-range
DEV004608,Android,13,Mid-range
DEV004609,Android,12,Mid-range
DEV004610,iOS,16.5,Budget
DEV004611,Android,12,Mid-range
DEV004612,Android,11,Budget
DEV004613,Android,12,Budget
DEV004614,Android,12,Budget
DEV004615,Android,11,Mid-range
DEV004616,Android,11,Premium
DEV004617,iOS,16.5,Mid-range
DEV004618,Android,14,Mid-range
DEV004619,Android,13,Budget
DEV004620,Android,12,Budget
DEV004621,Android,12,Premium
DEV004622,Android,12,Mid-range
DEV004623,Android,14,Mid-range
DEV004624,Android,11,Premium
DEV004625,Android,12,Budget
DEV004626,Android,11,Budget
DEV004627,Android,14,Mid-range
DEV004628,Android,13,Budget
DEV004629,iOS,17.2,Premium
DEV004630,Android,11,Premium
DEV004631,Android,11,Mid-range
DEV004632,Android,14,Mid-range
DEV004633,Android,13,Budget
DEV004634,Android,13,Premium
DEV004635,Android,11,Premium
DEV004636,Android,12,Mid-range
DEV004637,Android,11,Mid-range
DEV004638,Android,12,Mid-range
DEV004639,Android,14,Mid-range
DEV004640,Android,13,Budget
DEV004641,Android,13,Premium
DEV004642,Android,11,Budget
DEV004643,Android,12,Mid-range
DEV004644,Android,13,Budget
DEV004645,Android,13,Premium
DEV004646,Android,11,Budget
DEV004647,Android,13,Budget
DEV004648,Android,12,Mid-range
DEV004649,Android,12,Budget
DEV004650,iOS,16.5,Budget
DEV004651,Android,12,Budget
DEV004652,Android,14,Mid-range
DEV004653,Android,14,Mid-range
DEV004654,Android,12,Premium
DEV004655,Android,13,Mid-range
DEV004656,Android,13,Budget
DEV004657,Android,12,Mid-range
DEV004658,Android,11,Budget
DEV004659,iOS,16.5,Budget
DEV004660,Android,12,Budget
DEV004661,Android,14,Budget
DEV004662,Android,12,Budget
DEV004663,Android,11,Premium
DEV004664,Android,11,Mid-range
DEV004665,Android,12,Budget
DEV004666,iOS,16.5,Mid-range
DEV004667,Android,11,Budget
DEV004668,Android,11,Mid-range
DEV004669,Android,13,Budget
DEV004670,iOS,17.2,Premium
DEV004671,Android,12,Mid-range
DEV004672,Android,12,Budget
DEV004673,Android,13,Premium
DEV004674,Android,11,Budget
DEV004675,Android,11,Mid-range
DEV004676,Android,11,Premium
DEV004677,Android,11,Budget
DEV004678,Android,12,Budget
DEV004679,Android,13,Premium
DEV004680,Android,12,Mid-range
DEV004681,iOS,17.2,Budget
DEV004682,Android,13,Budget
DEV004683,Android,13,Mid-range
DEV004684,Android,12,Budget
DEV004685,Android,11,Budget
DEV004686,Android,13,Premium
DEV004687,Android,12,Budget
DEV004688,Android,13,Mid-range
DEV004689,Android,12,Mid-range
DEV004690,iOS,17.2,Mid-range
DEV004691,iOS,16.5,Mid-range
DEV004692,Android,13,Mid-range
DEV004693,Android,13,Mid-range
DEV004694,Android,12,Mid-range
DEV004695,Android,12,Mid-range
DEV004696,Android,11,Budget
DEV004697,Android,11,Mid-range
DEV004698,Android,13,Budget
DEV004699,Android,14,Mid-range
DEV004700,iOS,17.2,Budget
DEV004701,Android,11,Budget
DEV004702,Android,12,Mid-range
DEV004703,Android,12,Budget
DEV004704,Android,13,Budget
DEV004705,Android,14,Budget
DEV004706,Android,12,Budget
DEV004707,Android,12,Mid-range
DEV004708,Android,14,Premium
DEV004709,Android,13,Budget
DEV004710,Android,13,Mid-range
DEV004711,Android,11,Budget
DEV004712,Android,13,Premium
DEV004713,iOS,16.5,Budget
DEV004714,iOS,16.5,Mid-range
DEV004715,Android,14,Budget
DEV004716,Android,12,Budget
DEV004717,Android,14,Mid-range
DEV004718,iOS,17.2,Mid-range
DEV004719,Android,11,Budget
DEV004720,Android,12,Budget
DEV004721,Android,13,Budget
DEV004722,Android,13,Premium
DEV004723,iOS,17.2,Premium
DEV004724,Android,12,Mid-range
DEV004725,Android,12,Premium
DEV004726,iOS,16.5,Budget
DEV004727,Android,13,Budget
DEV004728,Android,11,Mid-range
DEV004729,Android,13,Budget
DEV004730,Android,14,Mid-range
DEV004731,Android,13,Budget
DEV004732,Android,13,Budget
DEV004733,Android,13,Mid-range
DEV004734,Android,14,Premium
DEV004735,Android,11,Budget
DEV004736,Android,13,Budget
DEV004737,Android,11,Budget
DEV004738,Android,11,Budget
DEV004739,Android,13,Mid-range
DEV004740,Android,11,Budget
DEV004741,iOS,16.5,Budget
DEV004742,iOS,16.5,Premium
DEV004743,iOS,16.5,Premium
DEV004744,Android,12,Mid-range
DEV004745,Android,11,Premium
DEV004746,Android,11,Budget
DEV004747,Android,13,Mid-range
DEV004748,Android,12,Budget
DEV004749,Android,11,Mid-range
DEV004750,Android,11,Premium
DEV004751,Android,14,Premium
DEV004752,iOS,17.2,Mid-range
DEV004753,Android,12,Budget
DEV004754,Android,12,Mid-range
DEV004755,Android,13,Premium
DEV004756,Android,12,Mid-range
DEV004757,Android,11,Budget
DEV004758,Android,12,Budget
DEV004759,Android,13,Premium
DEV004760,Android,13,Mid-range
DEV004761,Android,11,Budget
DEV004762,iOS,17.2,Budget
DEV004763,Android,11,Budget
DEV004764,Android,14,Budget
DEV004765,Android,11,Budget
DEV004766,Android,13,Mid-range
DEV004767,iOS,16.5,Mid-range
DEV004768,Android,12,Mid-range
DEV004769,Android,11,Mid-range
DEV004770,iOS,16.5,Budget
DEV004771,Android,12,Premium
DEV004772,iOS,16.5,Mid-range
DEV004773,Android,14,Budget
DEV004774,Android,12,Budget
DEV004775,Android,12,Premium
DEV004776,Android,13,Budget
DEV004777,iOS,16.5,Mid-range
DEV004778,Android,11,Premium
DEV004779,Android,11,Budget
DEV004780,Android,13,Mid-range
DEV004781,Android,12,Premium
DEV004782,Android,11,Mid-range
DEV004783,Android,11,Mid-range
DEV004784,Android,12,Budget
DEV004785,Android,12,Budget
DEV004786,Android,13,Mid-range
DEV004787,Android,12,Budget
DEV004788,Android,12,Mid-range
DEV004789,Android,12,Mid-range
DEV004790,Android,12,Mid-range
DEV004791,Android,13,Premium
DEV004792,Android,11,Budget
DEV004793,Android,11,Budget
DEV004794,Android,11,Budget
DEV004795,Android,11,Mid-range
DEV004796,Android,13,Budget
DEV004797,Android,11,Mid-range
DEV004798,iOS,16.5,Budget
DEV004799,Android,11,Mid-range
DEV004800,Android,12,Budget
DEV004801,Android,13,Mid-range
DEV004802,Android,11,Mid-range
DEV004803,Android,13,Mid-range
DEV004804,Android,12,Premium
DEV004805,Android,11,Budget
DEV004806,Android,11,Budget
DEV004807,iOS,16.5,Budget
DEV004808,Android,11,Mid-range
DEV004809,Android,12,Budget
DEV004810,Android,12,Budget
DEV004811,Android,13,Premium
DEV004812,Android,13,Premium
DEV004813,Android,13,Mid-range
DEV004814,Android,11,Budget
DEV004815,Android,14,Mid-range
DEV004816,iOS,17.2,Mid-range
DEV004817,Android,12,Budget
DEV004818,Android,11,Budget
DEV004819,Android,12,Mid-range
DEV004820,Android,12,Mid-range
DEV004821,iOS,17.2,Budget
DEV004822,Android,12,Budget
DEV004823,Android,11,Budget
DEV004824,Android,13,Premium
DEV004825,Android,14,Premium
DEV004826,iOS,16.5,Mid-range
DEV004827,Android,11,Mid-range
DEV004828,Android,13,Budget
DEV004829,iOS,17.2,Premium
DEV004830,Android,13,Budget
DEV004831,Android,12,Budget
DEV004832,Android,13,Premium
DEV004833,Android,12,Mid-range
DEV004834,Android,11,Premium
DEV004835,Android,13,Premium
DEV004836,iOS,16.5,Mid-range
DEV004837,iOS,16.5,Mid-range
DEV004838,iOS,17.2,Mid-range
DEV004839,Android,12,Mid-range
DEV004840,iOS,16.5,Budget
DEV004841,Android,12,Premium
DEV004842,Android,12,Budget
DEV004843,Android,12,Budget
DEV004844,Android,13,Mid-range
DEV004845,Android,12,Premium
DEV004846,Android,14,Budget
DEV004847,iOS,17.2,Mid-range
DEV004848,Android,13,Mid-range
DEV004849,Android,11,Premium
DEV004850,Android,13,Mid-range
DEV004851,Android,12,Budget
DEV004852,Android,14,Budget
DEV004853,Android,11,Budget
DEV004854,Android,13,Budget
DEV004855,Android,12,Mid-range
DEV004856,Android,13,Budget
DEV004857,Android,12,Budget
DEV004858,Android,12,Premium
DEV004859,Android,13,Mid-range
DEV004860,Android,11,Budget
DEV004861,Android,12,Premium
DEV004862,Android,11,Mid-range
DEV004863,Android,11,Budget
DEV004864,Android,12,Budget
DEV004865,Android,14,Mid-range
DEV004866,Android,12,Premium
DEV004867,Android,11,Budget
DEV004868,Android,12,Budget
DEV004869,Android,13,Mid-range
DEV004870,Android,12,Mid-range
DEV004871,Android,13,Budget
DEV004872,Android,11,Mid-range
DEV004873,Android,12,Budget
DEV004874,Android,13,Mid-range
DEV004875,Android,12,Budget
DEV004876,iOS,16.5,Mid-range
DEV004877,Android,11,Mid-range
DEV004878,Android,12,Premium
DEV004879,Android,13,Mid-range
DEV004880,Android,12,Mid-range
DEV004881,Android,12,Budget
DEV004882,Android,13,Premium
DEV004883,Android,12,Mid-range
DEV004884,Android,13,Budget
DEV004885,Android,11,Mid-range
DEV004886,Android,11,Mid-range
DEV004887,Android,13,Budget
DEV004888,Android,14,Budget
DEV004889,Android,12,Budget
DEV004890,Android,14,Premium
DEV004891,Android,12,Budget
DEV004892,Android,11,Mid-range
DEV004893,Android,13,Budget
DEV004894,Android,11,Budget
DEV004895,Android,12,Budget
DEV004896,Android,11,Mid-range
DEV004897,Android,13,Mid-range
DEV004898,Android,11,Budget
DEV004899,Android,11,Mid-range
DEV004900,Android,12,Budget
DEV004901,Android,13,Premium
DEV004902,Android,12,Budget
DEV004903,iOS,17.2,Budget
DEV004904,Android,12,Mid-range
DEV004905,Android,11,Budget
DEV004906,Android,13,Budget
DEV004907,Android,11,Budget
DEV004908,Android,12,Mid-range
DEV004909,Android,12,Budget
DEV004910,Android,11,Mid-range
DEV004911,iOS,17.2,Mid-range
DEV004912,Android,14,Mid-range
DEV004913,Android,14,Mid-range
DEV004914,iOS,16.5,Mid-range
DEV004915,Android,12,Mid-range
DEV004916,Android,11,Mid-range
DEV004917,Android,13,Budget
DEV004918,Android,13,Mid-range
DEV004919,Android,12,Budget
DEV004920,Android,13,Premium
DEV004921,Android,12,Mid-range
DEV004922,Android,12,Mid-range
DEV004923,Android,11,Mid-range
DEV004924,Android,12,Budget
DEV004925,Android,12,Mid-range
DEV004926,Android,11,Budget
DEV004927,Android,13,Premium
DEV004928,Android,13,Budget
DEV004929,iOS,16.5,Premium
DEV004930,Android,12,Mid-range
DEV004931,Android,12,Premium
DEV004932,Android,12,Premium
DEV004933,Android,12,Budget
DEV004934,Android,13,Budget
DEV004935,Android,11,Mid-range
DEV004936,Android,12,Mid-range
DEV004937,Android,12,Mid-range
DEV004938,Android,14,Budget
DEV004939,Android,14,Budget
DEV004940,Android,12,Premium
DEV004941,Android,13,Budget
DEV004942,Android,12,Mid-range
DEV004943,Android,13,Premium
DEV004944,Android,14,Mid-range
DEV004945,Android,11,Budget
DEV004946,iOS,17.2,Budget
DEV004947,Android,13,Mid-range
DEV004948,Android,11,Premium
DEV004949,Android,11,Budget
DEV004950,Android,11,Premium
DEV004951,Android,12,Mid-range
DEV004952,iOS,17.2,Mid-range
DEV004953,Android,13,Budget
DEV004954,iOS,16.5,Budget
DEV004955,iOS,16.5,Mid-range
DEV004956,Android,12,Budget
DEV004957,Android,13,Budget
DEV004958,Android,14,Budget
DEV004959,Android,14,Mid-range
DEV004960,Android,14,Premium
DEV004961,Android,12,Mid-range
DEV004962,Android,12,Premium
DEV004963,Android,13,Budget
DEV004964,Android,12,Mid-range
DEV004965,Android,12,Budget
DEV004966,Android,11,Mid-range
DEV004967,Android,14,Budget
DEV004968,Android,13,Mid-range
DEV004969,Android,13,Budget
DEV004970,Android,14,Premium
DEV004971,Android,12,Mid-range
DEV004972,Android,12,Budget
DEV004973,Android,11,Mid-range
DEV004974,iOS,16.5,Mid-range
DEV004975,Android,12,Mid-range
DEV004976,Android,13,Mid-range
DEV004977,Android,12,Mid-range
DEV004978,Android,13,Budget
DEV004979,Android,11,Mid-range
DEV004980,Android,12,Budget
DEV004981,Android,11,Mid-range
DEV004982,Android,12,Budget
DEV004983,Android,11,Mid-range
DEV004984,Android,12,Budget
DEV004985,iOS,16.5,Premium
DEV004986,Android,12,Mid-range
DEV004987,Android,11,Premium
DEV004988,iOS,17.2,Budget
DEV004989,Android,13,Premium
DEV004990,iOS,16.5,Mid-range
DEV004991,Android,12,Budget
DEV004992,Android,13,Budget
DEV004993,Android,12,Premium
DEV004994,Android,12,Budget
DEV004995,Android,12,Budget
DEV004996,Android,12,Mid-range
DEV004997,Android,11,Mid-range
DEV004998,Android,13,Premium
DEV004999,Android,13,Premium
DEV005000,Android,11,Budget
