user_id,signup_date,user_segment,state,age_group,tenure_days
USR000001,2026-02-28,Power,Maharashtra,25-34,181
USR000002,2023-05-25,Power,Haryana,35-44,1191
USR000003,2023-06-15,Power,West Bengal,45-59,1170
USR000004,2024-07-08,Frequent,Karnataka,18-24,781
USR000005,2025-11-05,Occasional,Gujarat,25-34,296
USR000006,2024-09-13,Frequent,Tamil Nadu,18-24,714
USR000007,2023-04-24,New,Tamil Nadu,25-34,1222
USR000008,2025-02-15,Frequent,Maharashtra,25-34,559
USR000009,2023-04-17,Occasional,Telangana,25-34,1229
USR000010,2025-05-30,Frequent,Rajasthan,18-24,455
USR000011,2025-06-15,New,Haryana,60+,439
USR000012,2025-01-23,Occasional,Gujarat,25-34,582
USR000013,2023-04-29,Occasional,Karnataka,25-34,1217
USR000014,2024-04-10,Occasional,Rajasthan,25-34,870
USR000015,2023-01-31,Power,Tamil Nadu,35-44,1305
USR000016,2023-06-06,New,West Bengal,18-24,1179
USR000017,2023-03-31,Occasional,Haryana,25-34,1246
USR000018,2024-05-15,Power,Delhi,25-34,835
USR000019,2025-09-07,Frequent,Karnataka,18-24,355
USR000020,2026-01-18,Occasional,Gujarat,45-59,222
USR000021,2024-03-27,Occasional,Uttar Pradesh,45-59,884
USR000022,2026-02-03,Occasional,Tamil Nadu,25-34,206
USR000023,2024-07-01,Occasional,Rajasthan,25-34,788
USR000024,2023-04-21,Occasional,Telangana,35-44,1225
USR000025,2025-09-22,Occasional,Tamil Nadu,45-59,340
USR000026,2025-12-02,Occasional,Rajasthan,18-24,269
USR000027,2025-02-01,Frequent,Delhi,18-24,573
USR000028,2024-04-26,Frequent,West Bengal,45-59,854
USR000029,2023-02-13,Frequent,Maharashtra,18-24,1292
USR000030,2025-02-25,Occasional,Karnataka,18-24,549
USR000031,2025-02-25,Frequent,Telangana,25-34,549
USR000032,2023-04-01,Occasional,Telangana,18-24,1245
USR000033,2025-06-01,Frequent,Uttar Pradesh,18-24,453
USR000034,2024-12-13,Power,Haryana,35-44,623
USR000035,2024-11-19,Power,Uttar Pradesh,35-44,647
USR000036,2024-03-19,Frequent,Gujarat,35-44,892
USR000037,2025-06-07,Power,Maharashtra,35-44,447
USR000038,2026-02-07,Occasional,Uttar Pradesh,35-44,202
USR000039,2025-12-31,Frequent,Haryana,35-44,240
USR000040,2025-11-28,Occasional,Telangana,25-34,273
USR000041,2024-05-02,New,Maharashtra,18-24,848
USR000042,2024-07-15,New,Tamil Nadu,35-44,774
USR000043,2024-08-28,Occasional,Telangana,18-24,730
USR000044,2024-07-15,Occasional,Uttar Pradesh,35-44,774
USR000045,2023-01-26,New,Haryana,25-34,1310
USR000046,2024-06-25,Power,West Bengal,25-34,794
USR000047,2025-06-19,New,Maharashtra,45-59,435
USR000048,2025-09-10,Frequent,Rajasthan,18-24,352
USR000049,2023-04-30,Frequent,Karnataka,18-24,1216
USR000050,2026-02-03,Occasional,Karnataka,25-34,206
USR000051,2024-06-12,Frequent,Uttar Pradesh,18-24,807
USR000052,2025-10-10,New,Delhi,18-24,322
USR000053,2023-04-12,Occasional,Maharashtra,18-24,1234
USR000054,2025-11-03,Power,Haryana,25-34,298
USR000055,2026-02-07,Frequent,Maharashtra,45-59,202
USR000056,2024-06-14,Power,Maharashtra,25-34,805
USR000057,2024-12-24,Frequent,Maharashtra,25-34,612
USR000058,2024-12-17,New,Rajasthan,25-34,619
USR000059,2025-11-12,New,Tamil Nadu,25-34,289
USR000060,2025-01-30,Power,Telangana,18-24,575
USR000061,2025-05-23,Power,Delhi,18-24,462
USR000062,2025-01-07,Occasional,Telangana,45-59,598
USR000063,2025-02-06,Frequent,Uttar Pradesh,25-34,568
USR000064,2023-11-25,Occasional,Uttar Pradesh,45-59,1007
USR000065,2023-02-22,New,Tamil Nadu,35-44,1283
USR000066,2025-11-12,Frequent,Rajasthan,35-44,289
USR000067,2024-12-05,Power,Telangana,35-44,631
USR000068,2023-03-08,Frequent,Delhi,25-34,1269
USR000069,2023-06-10,Power,Tamil Nadu,25-34,1175
USR000070,2026-03-22,Frequent,Telangana,25-34,159
USR000071,2023-09-06,Power,Rajasthan,35-44,1087
USR000072,2025-08-25,Frequent,Rajasthan,25-34,368
USR000073,2024-07-05,Occasional,Haryana,18-24,784
USR000074,2024-05-14,Occasional,Gujarat,18-24,836
USR000075,2024-10-06,Frequent,Karnataka,25-34,691
USR000076,2025-06-30,Frequent,Telangana,25-34,424
USR000077,2024-12-21,Frequent,Karnataka,45-59,615
USR000078,2025-09-18,Frequent,West Bengal,35-44,344
USR000079,2024-04-15,Frequent,Delhi,45-59,865
USR000080,2024-05-16,Frequent,Telangana,25-34,834
USR000081,2023-10-10,Frequent,Uttar Pradesh,25-34,1053
USR000082,2023-08-30,New,Telangana,25-34,1094
USR000083,2023-10-31,Frequent,Tamil Nadu,45-59,1032
USR000084,2025-07-18,New,Karnataka,25-34,406
USR000085,2026-02-09,Frequent,West Bengal,35-44,200
USR000086,2023-09-16,Power,Telangana,18-24,1077
USR000087,2023-12-08,Power,Delhi,25-34,994
USR000088,2025-12-20,Power,Telangana,25-34,251
USR000089,2025-04-03,Frequent,Tamil Nadu,35-44,512
USR000090,2023-09-01,Occasional,Gujarat,25-34,1092
USR000091,2023-08-09,Power,Maharashtra,18-24,1115
USR000092,2024-12-27,Power,Telangana,25-34,609
USR000093,2025-06-11,Occasional,West Bengal,35-44,443
USR000094,2024-01-11,Frequent,Haryana,45-59,960
USR000095,2025-11-09,New,Maharashtra,25-34,292
USR000096,2025-01-27,Frequent,West Bengal,25-34,578
USR000097,2025-06-17,Occasional,Haryana,18-24,437
USR000098,2023-07-18,Occasional,West Bengal,25-34,1137
USR000099,2026-03-01,Frequent,Rajasthan,25-34,180
USR000100,2025-05-23,Occasional,Telangana,25-34,462
USR000101,2024-01-01,Power,Maharashtra,35-44,970
USR000102,2024-03-07,Occasional,Uttar Pradesh,25-34,904
USR000103,2024-10-05,New,Uttar Pradesh,18-24,692
USR000104,2024-08-12,Occasional,West Bengal,18-24,746
USR000105,2023-12-13,Occasional,Uttar Pradesh,60+,989
USR000106,2023-08-06,Power,Uttar Pradesh,18-24,1118
USR000107,2024-02-28,Frequent,Rajasthan,35-44,912
USR000108,2023-02-26,Frequent,Maharashtra,45-59,1279
USR000109,2026-01-10,Frequent,Tamil Nadu,18-24,230
USR000110,2023-02-22,Occasional,Uttar Pradesh,45-59,1283
USR000111,2026-03-15,Occasional,West Bengal,25-34,166
USR000112,2025-07-18,Occasional,Karnataka,35-44,406
USR000113,2023-09-03,Occasional,Telangana,25-34,1090
USR000114,2023-06-27,Power,Uttar Pradesh,35-44,1158
USR000115,2023-08-27,Power,Karnataka,35-44,1097
USR000116,2024-03-31,Frequent,Gujarat,18-24,880
USR000117,2024-11-17,Occasional,Rajasthan,25-34,649
USR000118,2023-06-01,Frequent,Gujarat,45-59,1184
USR000119,2023-03-20,Occasional,Rajasthan,25-34,1257
USR000120,2026-02-17,Frequent,Maharashtra,45-59,192
USR000121,2023-01-17,Occasional,Haryana,25-34,1319
USR000122,2024-03-26,Frequent,Uttar Pradesh,25-34,885
USR000123,2025-09-19,Power,West Bengal,18-24,343
USR000124,2024-02-11,Frequent,Karnataka,45-59,929
USR000125,2024-03-14,New,Karnataka,25-34,897
USR000126,2024-03-03,Frequent,Maharashtra,25-34,908
USR000127,2024-06-22,Frequent,Haryana,18-24,797
USR000128,2024-12-15,Frequent,Delhi,35-44,621
USR000129,2024-04-19,Power,West Bengal,25-34,861
USR000130,2025-03-14,Frequent,Rajasthan,25-34,532
USR000131,2023-07-17,Occasional,Uttar Pradesh,25-34,1138
USR000132,2025-07-04,Occasional,Telangana,18-24,420
USR000133,2025-08-09,Power,Karnataka,25-34,384
USR000134,2025-03-26,Frequent,West Bengal,35-44,520
USR000135,2025-09-28,Frequent,Tamil Nadu,18-24,334
USR000136,2024-07-02,Frequent,Telangana,18-24,787
USR000137,2024-10-23,Occasional,Gujarat,25-34,674
USR000138,2025-06-24,Occasional,Uttar Pradesh,45-59,430
USR000139,2024-07-03,Frequent,Tamil Nadu,25-34,786
USR000140,2023-04-04,Occasional,Telangana,18-24,1242
USR000141,2023-12-08,Frequent,Karnataka,45-59,994
USR000142,2024-11-06,New,Rajasthan,18-24,660
USR000143,2023-02-13,Power,Karnataka,35-44,1292
USR000144,2024-11-13,Power,Rajasthan,18-24,653
USR000145,2023-04-11,Frequent,Gujarat,25-34,1235
USR000146,2023-11-18,Power,Telangana,35-44,1014
USR000147,2024-04-14,Occasional,Delhi,45-59,866
USR000148,2024-11-09,Occasional,Rajasthan,35-44,657
USR000149,2023-01-28,New,Maharashtra,35-44,1308
USR000150,2025-12-14,New,Telangana,35-44,257
USR000151,2023-03-28,Occasional,Uttar Pradesh,18-24,1249
USR000152,2024-05-21,New,Karnataka,35-44,829
USR000153,2025-02-12,Frequent,Delhi,35-44,562
USR000154,2024-07-06,Power,Karnataka,18-24,783
USR000155,2025-04-30,New,Rajasthan,25-34,485
USR000156,2023-11-07,New,Haryana,35-44,1025
USR000157,2024-02-02,Power,Uttar Pradesh,35-44,938
USR000158,2025-05-20,Frequent,Maharashtra,25-34,465
USR000159,2025-07-28,Occasional,Uttar Pradesh,45-59,396
USR000160,2026-03-26,Frequent,Uttar Pradesh,25-34,155
USR000161,2024-03-31,Power,Rajasthan,18-24,880
USR000162,2024-08-05,Power,Rajasthan,25-34,753
USR000163,2025-02-22,New,West Bengal,35-44,552
USR000164,2025-02-02,Frequent,Karnataka,25-34,572
USR000165,2026-03-29,Power,Telangana,35-44,152
USR000166,2025-07-04,Occasional,Haryana,18-24,420
USR000167,2024-09-28,Occasional,Karnataka,18-24,699
USR000168,2023-12-13,Occasional,West Bengal,25-34,989
USR000169,2023-06-21,New,Haryana,35-44,1164
USR000170,2025-12-07,Frequent,Haryana,35-44,264
USR000171,2023-05-01,Frequent,Uttar Pradesh,25-34,1215
USR000172,2024-11-22,Power,Maharashtra,25-34,644
USR000173,2026-03-03,Frequent,Maharashtra,18-24,178
USR000174,2024-03-04,Frequent,West Bengal,25-34,907
USR000175,2024-10-03,Power,Tamil Nadu,25-34,694
USR000176,2025-09-16,Frequent,Karnataka,45-59,346
USR000177,2025-05-21,Frequent,Telangana,18-24,464
USR000178,2023-01-28,Occasional,Karnataka,18-24,1308
USR000179,2025-06-15,Power,Karnataka,18-24,439
USR000180,2025-05-18,Frequent,Rajasthan,25-34,467
USR000181,2026-01-25,Occasional,Maharashtra,18-24,215
USR000182,2025-06-10,Power,Uttar Pradesh,25-34,444
USR000183,2025-01-31,Frequent,Delhi,18-24,574
USR000184,2025-12-07,Frequent,Haryana,45-59,264
USR000185,2025-01-30,Frequent,Uttar Pradesh,25-34,575
USR000186,2024-03-07,Power,Delhi,18-24,904
USR000187,2025-08-28,New,Telangana,18-24,365
USR000188,2025-08-21,New,Maharashtra,25-34,372
USR000189,2024-01-20,Occasional,Karnataka,25-34,951
USR000190,2024-11-08,New,Haryana,25-34,658
USR000191,2023-11-17,New,Rajasthan,45-59,1015
USR000192,2024-12-07,Frequent,Tamil Nadu,18-24,629
USR000193,2025-05-22,Frequent,Uttar Pradesh,25-34,463
USR000194,2025-04-05,Power,Rajasthan,25-34,510
USR000195,2024-02-19,New,Delhi,18-24,921
USR000196,2024-03-19,Occasional,Uttar Pradesh,25-34,892
USR000197,2023-09-17,Frequent,Haryana,25-34,1076
USR000198,2025-02-23,Occasional,Haryana,25-34,551
USR000199,2025-08-27,Occasional,Maharashtra,35-44,366
USR000200,2024-03-19,New,Haryana,18-24,892
USR000201,2023-12-04,Frequent,Maharashtra,25-34,998
USR000202,2023-04-17,New,West Bengal,25-34,1229
USR000203,2025-08-24,Occasional,Rajasthan,35-44,369
USR000204,2024-05-08,Frequent,Telangana,35-44,842
USR000205,2025-08-29,Occasional,Rajasthan,25-34,364
USR000206,2023-06-10,Power,Tamil Nadu,45-59,1175
USR000207,2024-07-22,Frequent,Telangana,25-34,767
USR000208,2025-09-30,Frequent,Uttar Pradesh,25-34,332
USR000209,2026-02-16,Power,Gujarat,18-24,193
USR000210,2025-01-18,Power,Gujarat,35-44,587
USR000211,2024-03-13,Frequent,Tamil Nadu,25-34,898
USR000212,2024-01-02,Power,Maharashtra,18-24,969
USR000213,2025-01-09,Frequent,Maharashtra,25-34,596
USR000214,2024-11-03,New,Gujarat,45-59,663
USR000215,2025-10-26,Power,Haryana,18-24,306
USR000216,2024-07-17,Frequent,Telangana,18-24,772
USR000217,2024-06-02,Occasional,Maharashtra,60+,817
USR000218,2023-03-04,Power,West Bengal,60+,1273
USR000219,2025-07-19,Frequent,West Bengal,35-44,405
USR000220,2026-01-22,Power,Maharashtra,25-34,218
USR000221,2023-11-10,Frequent,Delhi,35-44,1022
USR000222,2023-09-27,New,Karnataka,18-24,1066
USR000223,2023-05-08,Occasional,Rajasthan,18-24,1208
USR000224,2024-02-02,Frequent,Maharashtra,25-34,938
USR000225,2024-10-10,Power,Delhi,45-59,687
USR000226,2025-01-20,Frequent,Telangana,25-34,585
USR000227,2023-05-06,New,Rajasthan,18-24,1210
USR000228,2024-06-30,New,West Bengal,18-24,789
USR000229,2024-02-11,Frequent,Telangana,18-24,929
USR000230,2023-01-07,Occasional,Rajasthan,25-34,1329
USR000231,2024-11-30,Frequent,Karnataka,25-34,636
USR000232,2025-08-06,New,Karnataka,18-24,387
USR000233,2023-06-26,Occasional,Haryana,25-34,1159
USR000234,2023-02-11,Frequent,Maharashtra,18-24,1294
USR000235,2025-02-06,Frequent,Tamil Nadu,25-34,568
USR000236,2024-01-27,Frequent,Delhi,25-34,944
USR000237,2025-02-15,Frequent,Delhi,18-24,559
USR000238,2026-03-03,Occasional,Tamil Nadu,35-44,178
USR000239,2024-07-12,Power,Delhi,60+,777
USR000240,2024-06-15,Frequent,Uttar Pradesh,18-24,804
USR000241,2024-12-28,Frequent,Gujarat,35-44,608
USR000242,2025-12-07,Occasional,Delhi,18-24,264
USR000243,2026-04-13,Occasional,Rajasthan,25-34,137
USR000244,2025-06-07,Occasional,Uttar Pradesh,18-24,447
USR000245,2025-10-28,Frequent,Uttar Pradesh,18-24,304
USR000246,2024-03-07,Occasional,West Bengal,18-24,904
USR000247,2023-08-25,Frequent,Delhi,25-34,1099
USR000248,2025-08-14,Frequent,Gujarat,25-34,379
USR000249,2023-03-11,Occasional,Karnataka,25-34,1266
USR000250,2023-01-17,Occasional,West Bengal,25-34,1319
USR000251,2023-07-25,Occasional,Gujarat,25-34,1130
USR000252,2025-08-14,Frequent,Maharashtra,25-34,379
USR000253,2025-07-23,Frequent,Telangana,35-44,401
USR000254,2025-08-27,Power,Uttar Pradesh,35-44,366
USR000255,2024-11-22,Frequent,Telangana,25-34,644
USR000256,2024-04-24,Frequent,Rajasthan,18-24,856
USR000257,2025-05-22,Frequent,Haryana,25-34,463
USR000258,2023-02-28,Occasional,Delhi,45-59,1277
USR000259,2025-12-09,Occasional,Haryana,35-44,262
USR000260,2023-09-24,Frequent,Maharashtra,60+,1069
USR000261,2024-09-25,Frequent,Delhi,35-44,702
USR000262,2025-07-28,Occasional,West Bengal,18-24,396
USR000263,2023-10-30,Occasional,Delhi,25-34,1033
USR000264,2023-06-14,Occasional,Tamil Nadu,25-34,1171
USR000265,2024-05-16,Occasional,Rajasthan,35-44,834
USR000266,2025-02-05,New,Delhi,25-34,569
USR000267,2025-08-22,Frequent,Telangana,25-34,371
USR000268,2025-08-25,Frequent,West Bengal,35-44,368
USR000269,2023-07-16,Occasional,Gujarat,35-44,1139
USR000270,2023-10-01,Occasional,Gujarat,45-59,1062
USR000271,2025-05-19,Frequent,Rajasthan,18-24,466
USR000272,2025-09-27,Frequent,Haryana,18-24,335
USR000273,2023-12-31,Frequent,Gujarat,25-34,971
USR000274,2025-10-23,Power,Haryana,25-34,309
USR000275,2025-03-26,Power,Tamil Nadu,18-24,520
USR000276,2024-01-20,New,Uttar Pradesh,25-34,951
USR000277,2024-11-26,Occasional,Delhi,25-34,640
USR000278,2024-08-06,Occasional,West Bengal,18-24,752
USR000279,2025-05-13,Occasional,Telangana,25-34,472
USR000280,2023-08-06,Frequent,Karnataka,25-34,1118
USR000281,2023-07-27,Frequent,Telangana,35-44,1128
USR000282,2023-01-26,Occasional,Delhi,25-34,1310
USR000283,2025-02-25,Frequent,Maharashtra,25-34,549
USR000284,2025-04-02,Occasional,Maharashtra,25-34,513
USR000285,2024-06-13,Frequent,Karnataka,25-34,806
USR000286,2025-07-11,Frequent,West Bengal,35-44,413
USR000287,2025-12-31,Power,Karnataka,35-44,240
USR000288,2025-05-18,Frequent,Telangana,35-44,467
USR000289,2023-06-13,Occasional,Gujarat,45-59,1172
USR000290,2024-06-12,Occasional,Haryana,35-44,807
USR000291,2025-07-20,Occasional,West Bengal,18-24,404
USR000292,2023-09-06,Power,West Bengal,25-34,1087
USR000293,2025-01-26,Occasional,Gujarat,25-34,579
USR000294,2023-02-18,Frequent,Delhi,18-24,1287
USR000295,2025-05-04,New,Gujarat,18-24,481
USR000296,2023-03-14,Frequent,Gujarat,35-44,1263
USR000297,2025-12-24,Frequent,Tamil Nadu,18-24,247
USR000298,2025-12-31,New,Delhi,25-34,240
USR000299,2025-06-01,Power,Gujarat,60+,453
USR000300,2024-05-14,Power,Rajasthan,25-34,836
USR000301,2023-03-25,New,Gujarat,18-24,1252
USR000302,2023-07-27,Occasional,Karnataka,25-34,1128
USR000303,2024-09-10,Occasional,Maharashtra,18-24,717
USR000304,2024-06-10,Frequent,Karnataka,35-44,809
USR000305,2025-06-06,Power,Tamil Nadu,25-34,448
USR000306,2024-09-12,Frequent,Rajasthan,35-44,715
USR000307,2024-05-14,Frequent,Maharashtra,25-34,836
USR000308,2025-08-26,Occasional,Telangana,18-24,367
USR000309,2024-01-16,Occasional,Maharashtra,25-34,955
USR000310,2024-01-07,Frequent,Uttar Pradesh,18-24,964
USR000311,2024-02-29,New,Telangana,25-34,911
USR000312,2024-07-16,Occasional,Haryana,35-44,773
USR000313,2024-10-13,New,Tamil Nadu,18-24,684
USR000314,2024-10-26,Occasional,Haryana,18-24,671
USR000315,2025-08-01,Frequent,Haryana,25-34,392
USR000316,2025-03-07,Frequent,Rajasthan,18-24,539
USR000317,2024-11-28,Occasional,West Bengal,18-24,638
USR000318,2025-10-18,Occasional,Delhi,25-34,314
USR000319,2024-06-07,Occasional,Haryana,45-59,812
USR000320,2025-09-23,Frequent,Gujarat,18-24,339
USR000321,2025-12-20,Occasional,Uttar Pradesh,35-44,251
USR000322,2025-07-13,Frequent,Maharashtra,18-24,411
USR000323,2026-04-12,Occasional,Gujarat,25-34,138
USR000324,2025-04-30,Power,Maharashtra,35-44,485
USR000325,2024-08-04,Frequent,West Bengal,60+,754
USR000326,2025-02-07,Power,Delhi,25-34,567
USR000327,2023-09-10,New,Tamil Nadu,18-24,1083
USR000328,2023-08-15,Frequent,Delhi,35-44,1109
USR000329,2025-04-01,Frequent,Gujarat,35-44,514
USR000330,2025-05-06,Power,Uttar Pradesh,25-34,479
USR000331,2025-01-13,Frequent,Gujarat,25-34,592
USR000332,2025-12-26,Occasional,Telangana,25-34,245
USR000333,2025-08-08,Occasional,West Bengal,18-24,385
USR000334,2023-12-30,Occasional,Maharashtra,25-34,972
USR000335,2024-11-15,Frequent,Delhi,25-34,651
USR000336,2023-07-21,Occasional,Telangana,60+,1134
USR000337,2025-04-20,Occasional,Maharashtra,25-34,495
USR000338,2023-10-11,Frequent,Rajasthan,60+,1052
USR000339,2026-03-14,Frequent,Maharashtra,25-34,167
USR000340,2024-05-26,Occasional,West Bengal,25-34,824
USR000341,2025-01-28,New,Haryana,45-59,577
USR000342,2025-03-08,Frequent,Tamil Nadu,35-44,538
USR000343,2023-11-27,Frequent,Tamil Nadu,18-24,1005
USR000344,2024-02-14,Occasional,Uttar Pradesh,18-24,926
USR000345,2023-03-05,Occasional,West Bengal,25-34,1272
USR000346,2025-06-27,Power,Delhi,60+,427
USR000347,2025-10-21,Frequent,Haryana,35-44,311
USR000348,2023-11-23,Occasional,Karnataka,18-24,1009
USR000349,2023-03-08,Frequent,Telangana,35-44,1269
USR000350,2025-08-20,Power,Karnataka,35-44,373
USR000351,2024-06-16,Power,Rajasthan,18-24,803
USR000352,2025-12-29,Frequent,West Bengal,25-34,242
USR000353,2023-05-03,Occasional,Telangana,35-44,1213
USR000354,2023-03-23,Occasional,Rajasthan,25-34,1254
USR000355,2025-06-20,Occasional,Karnataka,18-24,434
USR000356,2024-06-21,Frequent,Haryana,35-44,798
USR000357,2023-08-17,Frequent,Gujarat,25-34,1107
USR000358,2024-11-26,New,Tamil Nadu,35-44,640
USR000359,2024-03-06,Occasional,Gujarat,25-34,905
USR000360,2023-06-01,Frequent,West Bengal,35-44,1184
USR000361,2024-06-16,Occasional,West Bengal,25-34,803
USR000362,2025-07-11,Frequent,Haryana,18-24,413
USR000363,2023-03-15,Frequent,Delhi,25-34,1262
USR000364,2023-02-23,Occasional,Gujarat,25-34,1282
USR000365,2024-08-19,Occasional,Delhi,25-34,739
USR000366,2024-09-16,Frequent,West Bengal,25-34,711
USR000367,2023-11-13,Frequent,Delhi,18-24,1019
USR000368,2024-08-21,Power,Uttar Pradesh,25-34,737
USR000369,2023-02-27,Power,Haryana,25-34,1278
USR000370,2026-04-11,New,Gujarat,35-44,139
USR000371,2025-11-24,Occasional,Haryana,45-59,277
USR000372,2024-12-05,Frequent,Haryana,35-44,631
USR000373,2024-10-05,Frequent,Telangana,35-44,692
USR000374,2025-09-20,Frequent,Rajasthan,25-34,342
USR000375,2025-09-18,Power,Maharashtra,25-34,344
USR000376,2023-05-13,Occasional,Uttar Pradesh,18-24,1203
USR000377,2023-11-04,Occasional,Karnataka,25-34,1028
USR000378,2024-12-31,Frequent,Haryana,45-59,605
USR000379,2023-01-25,Power,Rajasthan,45-59,1311
USR000380,2024-02-19,Occasional,Maharashtra,25-34,921
USR000381,2023-07-22,Power,Rajasthan,18-24,1133
USR000382,2026-02-07,Power,Rajasthan,35-44,202
USR000383,2023-04-25,Occasional,Rajasthan,18-24,1221
USR000384,2024-06-08,Frequent,Delhi,25-34,811
USR000385,2024-05-16,Occasional,West Bengal,18-24,834
USR000386,2024-06-28,Frequent,Karnataka,35-44,791
USR000387,2023-05-11,Power,Delhi,25-34,1205
USR000388,2023-05-05,Occasional,Tamil Nadu,25-34,1211
USR000389,2026-04-05,Frequent,Karnataka,25-34,145
USR000390,2023-04-15,Occasional,Karnataka,18-24,1231
USR000391,2023-08-27,Occasional,West Bengal,18-24,1097
USR000392,2026-01-15,Frequent,Haryana,25-34,225
USR000393,2026-03-11,New,Telangana,35-44,170
USR000394,2023-08-17,Frequent,West Bengal,35-44,1107
USR000395,2024-02-03,Frequent,Haryana,35-44,937
USR000396,2023-01-02,Occasional,Telangana,25-34,1334
USR000397,2025-10-05,Frequent,Gujarat,25-34,327
USR000398,2025-11-19,Occasional,Uttar Pradesh,18-24,282
USR000399,2025-12-25,Occasional,Uttar Pradesh,25-34,246
USR000400,2025-10-27,Occasional,West Bengal,18-24,305
USR000401,2024-01-09,Frequent,Gujarat,45-59,962
USR000402,2025-11-09,Frequent,Delhi,18-24,292
USR000403,2025-06-03,Frequent,Karnataka,45-59,451
USR000404,2025-06-26,Occasional,Rajasthan,35-44,428
USR000405,2024-02-01,Frequent,Tamil Nadu,18-24,939
USR000406,2025-10-24,Occasional,Rajasthan,25-34,308
USR000407,2024-09-06,Power,Tamil Nadu,25-34,721
USR000408,2023-11-13,Occasional,Tamil Nadu,35-44,1019
USR000409,2023-12-18,Power,Haryana,25-34,984
USR000410,2024-10-28,Power,West Bengal,25-34,669
USR000411,2025-05-03,Frequent,Uttar Pradesh,18-24,482
USR000412,2024-06-22,Frequent,Uttar Pradesh,25-34,797
USR000413,2024-09-19,Occasional,Gujarat,35-44,708
USR000414,2024-10-07,Occasional,Telangana,25-34,690
USR000415,2025-05-04,New,Telangana,18-24,481
USR000416,2025-04-17,Occasional,Delhi,60+,498
USR000417,2024-07-15,New,Tamil Nadu,18-24,774
USR000418,2024-06-08,Occasional,Gujarat,18-24,811
USR000419,2025-05-25,Frequent,Gujarat,25-34,460
USR000420,2024-02-13,Frequent,Haryana,25-34,927
USR000421,2024-07-15,New,Tamil Nadu,18-24,774
USR000422,2025-09-09,Power,Haryana,25-34,353
USR000423,2023-04-05,Frequent,Telangana,25-34,1241
USR000424,2025-09-24,Occasional,Haryana,25-34,338
USR000425,2023-05-02,New,Gujarat,18-24,1214
USR000426,2025-01-26,Occasional,Uttar Pradesh,18-24,579
USR000427,2023-10-03,Power,Karnataka,25-34,1060
USR000428,2025-04-27,Power,Delhi,25-34,488
USR000429,2026-03-21,Occasional,Karnataka,25-34,160
USR000430,2024-11-02,Frequent,Uttar Pradesh,25-34,664
USR000431,2024-08-19,Frequent,Delhi,35-44,739
USR000432,2023-05-20,Power,Gujarat,45-59,1196
USR000433,2025-01-09,Power,West Bengal,35-44,596
USR000434,2024-03-15,Occasional,West Bengal,18-24,896
USR000435,2025-01-11,Occasional,Uttar Pradesh,18-24,594
USR000436,2023-02-17,New,Telangana,25-34,1288
USR000437,2025-09-23,Frequent,Rajasthan,18-24,339
USR000438,2025-11-15,Occasional,Haryana,25-34,286
USR000439,2023-03-07,Power,Gujarat,35-44,1270
USR000440,2025-10-04,Occasional,Gujarat,25-34,328
USR000441,2023-06-04,Frequent,Rajasthan,35-44,1181
USR000442,2025-12-25,Occasional,Rajasthan,35-44,246
USR000443,2023-06-29,Frequent,West Bengal,25-34,1156
USR000444,2024-01-26,Frequent,Telangana,35-44,945
USR000445,2025-08-11,Frequent,Delhi,25-34,382
USR000446,2023-05-30,Occasional,Haryana,25-34,1186
USR000447,2025-12-16,Frequent,Telangana,45-59,255
USR000448,2025-04-02,Frequent,Maharashtra,25-34,513
USR000449,2025-03-09,New,Tamil Nadu,25-34,537
USR000450,2023-11-05,Occasional,Tamil Nadu,25-34,1027
USR000451,2024-10-30,Frequent,Tamil Nadu,35-44,667
USR000452,2026-03-22,Power,Haryana,18-24,159
USR000453,2023-10-31,Occasional,Delhi,18-24,1032
USR000454,2025-12-28,Frequent,Maharashtra,35-44,243
USR000455,2026-01-11,Occasional,Karnataka,25-34,229
USR000456,2024-10-07,Power,Tamil Nadu,18-24,690
USR000457,2023-12-01,Occasional,Uttar Pradesh,18-24,1001
USR000458,2024-03-20,Frequent,Maharashtra,18-24,891
USR000459,2025-06-19,New,Telangana,18-24,435
USR000460,2024-03-03,Occasional,West Bengal,25-34,908
USR000461,2024-02-11,Occasional,Telangana,25-34,929
USR000462,2023-09-13,New,Delhi,25-34,1080
USR000463,2026-03-30,Frequent,Karnataka,18-24,151
USR000464,2024-03-05,New,West Bengal,35-44,906
USR000465,2025-01-03,Frequent,Gujarat,25-34,602
USR000466,2024-03-06,Power,Rajasthan,25-34,905
USR000467,2024-06-06,Frequent,West Bengal,18-24,813
USR000468,2025-02-17,Power,Telangana,45-59,557
USR000469,2023-07-24,Occasional,Uttar Pradesh,35-44,1131
USR000470,2025-06-08,Power,Uttar Pradesh,18-24,446
USR000471,2023-06-22,Frequent,Telangana,35-44,1163
USR000472,2023-02-02,Power,Uttar Pradesh,35-44,1303
USR000473,2024-10-24,New,Tamil Nadu,18-24,673
USR000474,2023-01-19,New,Delhi,18-24,1317
USR000475,2025-08-20,Frequent,Maharashtra,25-34,373
USR000476,2024-03-05,Power,Uttar Pradesh,25-34,906
USR000477,2025-04-29,Power,Telangana,18-24,486
USR000478,2025-11-28,Power,Delhi,25-34,273
USR000479,2023-08-13,Frequent,Maharashtra,25-34,1111
USR000480,2024-09-18,Occasional,Gujarat,45-59,709
USR000481,2024-06-27,Frequent,Maharashtra,35-44,792
USR000482,2024-11-10,New,West Bengal,18-24,656
USR000483,2023-10-23,Power,Maharashtra,25-34,1040
USR000484,2025-12-11,Occasional,Karnataka,18-24,260
USR000485,2024-04-01,New,Karnataka,18-24,879
USR000486,2025-09-01,Frequent,Telangana,35-44,361
USR000487,2026-01-04,Occasional,Haryana,35-44,236
USR000488,2023-01-02,Occasional,West Bengal,45-59,1334
USR000489,2024-06-10,New,Rajasthan,25-34,809
USR000490,2023-07-17,Frequent,Haryana,18-24,1138
USR000491,2024-03-25,Frequent,Delhi,18-24,886
USR000492,2023-06-18,Frequent,Telangana,18-24,1167
USR000493,2023-08-04,Occasional,Uttar Pradesh,18-24,1120
USR000494,2024-09-08,Occasional,West Bengal,25-34,719
USR000495,2025-11-30,Frequent,Uttar Pradesh,35-44,271
USR000496,2023-09-27,Occasional,Gujarat,25-34,1066
USR000497,2026-04-01,Frequent,Maharashtra,35-44,149
USR000498,2025-02-27,Frequent,Tamil Nadu,60+,547
USR000499,2023-01-30,New,Maharashtra,35-44,1306
USR000500,2024-05-02,Occasional,Gujarat,18-24,848
USR000501,2025-09-11,Frequent,Gujarat,18-24,351
USR000502,2026-03-28,Occasional,Tamil Nadu,25-34,153
USR000503,2024-06-22,Frequent,Karnataka,35-44,797
USR000504,2025-11-19,Power,Gujarat,60+,282
USR000505,2024-01-17,Occasional,West Bengal,35-44,954
USR000506,2025-07-23,Frequent,Gujarat,35-44,401
USR000507,2024-06-22,New,Gujarat,25-34,797
USR000508,2023-02-22,Power,Delhi,18-24,1283
USR000509,2025-07-25,Power,Karnataka,25-34,399
USR000510,2024-08-28,New,Gujarat,25-34,730
USR000511,2025-06-12,Frequent,Karnataka,45-59,442
USR000512,2025-10-30,Occasional,Rajasthan,18-24,302
USR000513,2024-03-30,Frequent,Tamil Nadu,35-44,881
USR000514,2024-12-25,Frequent,Delhi,25-34,611
USR000515,2025-12-22,Frequent,Rajasthan,25-34,249
USR000516,2024-04-16,Frequent,Rajasthan,18-24,864
USR000517,2023-11-22,New,Delhi,25-34,1010
USR000518,2024-04-08,Power,Delhi,25-34,872
USR000519,2025-05-18,Power,Uttar Pradesh,18-24,467
USR000520,2025-03-31,Occasional,Rajasthan,60+,515
USR000521,2025-09-02,Frequent,Delhi,35-44,360
USR000522,2024-09-06,New,Uttar Pradesh,35-44,721
USR000523,2024-09-30,Occasional,Haryana,25-34,697
USR000524,2023-05-17,New,Telangana,18-24,1199
USR000525,2025-09-11,Power,Tamil Nadu,25-34,351
USR000526,2023-11-23,Frequent,Telangana,25-34,1009
USR000527,2024-05-24,Power,Karnataka,18-24,826
USR000528,2024-07-19,New,Telangana,18-24,770
USR000529,2026-04-14,Power,Delhi,18-24,136
USR000530,2023-10-19,Frequent,Gujarat,18-24,1044
USR000531,2023-08-29,Frequent,Rajasthan,18-24,1095
USR000532,2025-08-22,Occasional,West Bengal,18-24,371
USR000533,2023-09-13,Frequent,Haryana,25-34,1080
USR000534,2023-05-25,Power,Gujarat,35-44,1191
USR000535,2023-03-25,Occasional,Uttar Pradesh,18-24,1252
USR000536,2025-08-13,Occasional,Delhi,35-44,380
USR000537,2025-09-24,Frequent,Tamil Nadu,25-34,338
USR000538,2023-07-01,Power,Haryana,45-59,1154
USR000539,2025-01-12,Occasional,West Bengal,35-44,593
USR000540,2025-06-04,Occasional,Karnataka,35-44,450
USR000541,2024-07-27,Power,Uttar Pradesh,45-59,762
USR000542,2025-11-06,Occasional,Uttar Pradesh,60+,295
USR000543,2023-06-20,New,West Bengal,18-24,1165
USR000544,2025-10-10,Occasional,Telangana,25-34,322
USR000545,2023-08-01,Power,West Bengal,25-34,1123
USR000546,2026-03-04,Occasional,Rajasthan,35-44,177
USR000547,2025-02-22,New,Karnataka,25-34,552
USR000548,2023-07-21,Frequent,Karnataka,45-59,1134
USR000549,2024-05-03,Occasional,Haryana,25-34,847
USR000550,2025-03-17,Frequent,Maharashtra,25-34,529
USR000551,2025-06-20,Power,Haryana,35-44,434
USR000552,2023-03-18,Power,Telangana,25-34,1259
USR000553,2023-02-22,Occasional,Delhi,18-24,1283
USR000554,2024-11-04,New,Telangana,35-44,662
USR000555,2025-07-24,Power,Uttar Pradesh,25-34,400
USR000556,2024-12-05,Occasional,Tamil Nadu,18-24,631
USR000557,2023-04-08,Occasional,Uttar Pradesh,35-44,1238
USR000558,2023-11-25,Occasional,Rajasthan,25-34,1007
USR000559,2025-04-01,Frequent,Delhi,35-44,514
USR000560,2023-07-02,Occasional,Haryana,25-34,1153
USR000561,2024-04-11,Occasional,Uttar Pradesh,18-24,869
USR000562,2023-07-05,Frequent,Gujarat,25-34,1150
USR000563,2024-01-17,Frequent,Tamil Nadu,18-24,954
USR000564,2025-09-21,Occasional,West Bengal,45-59,341
USR000565,2023-11-23,Power,Gujarat,18-24,1009
USR000566,2024-01-24,Frequent,Rajasthan,35-44,947
USR000567,2026-02-21,Occasional,Rajasthan,25-34,188
USR000568,2025-03-26,Frequent,Karnataka,18-24,520
USR000569,2023-07-05,Frequent,Telangana,35-44,1150
USR000570,2023-10-26,Frequent,Rajasthan,25-34,1037
USR000571,2023-09-30,Power,Karnataka,35-44,1063
USR000572,2024-08-24,Frequent,Karnataka,25-34,734
USR000573,2024-04-05,Occasional,Maharashtra,18-24,875
USR000574,2023-11-14,Frequent,Uttar Pradesh,18-24,1018
USR000575,2024-04-04,Power,Tamil Nadu,18-24,876
USR000576,2024-04-07,Occasional,Tamil Nadu,18-24,873
USR000577,2024-08-30,Occasional,Maharashtra,35-44,728
USR000578,2025-09-16,Power,Telangana,25-34,346
USR000579,2026-03-09,Occasional,Delhi,35-44,172
USR000580,2026-04-04,Occasional,Haryana,45-59,146
USR000581,2025-03-03,Frequent,Gujarat,35-44,543
USR000582,2024-06-23,Occasional,Gujarat,45-59,796
USR000583,2024-04-25,Occasional,Gujarat,18-24,855
USR000584,2023-10-03,Occasional,Tamil Nadu,35-44,1060
USR000585,2026-03-31,New,Rajasthan,35-44,150
USR000586,2026-01-01,Occasional,Haryana,18-24,239
USR000587,2024-12-14,Frequent,Rajasthan,35-44,622
USR000588,2024-04-03,Frequent,Haryana,35-44,877
USR000589,2025-07-31,Frequent,West Bengal,25-34,393
USR000590,2023-05-13,Power,Delhi,18-24,1203
USR000591,2025-07-07,Frequent,Maharashtra,45-59,417
USR000592,2025-09-03,Power,Delhi,18-24,359
USR000593,2024-12-26,New,Uttar Pradesh,25-34,610
USR000594,2023-02-26,Frequent,West Bengal,25-34,1279
USR000595,2023-10-01,Power,Tamil Nadu,25-34,1062
USR000596,2024-09-26,Frequent,Uttar Pradesh,25-34,701
USR000597,2026-03-13,Frequent,Rajasthan,45-59,168
USR000598,2023-10-23,Frequent,Haryana,25-34,1040
USR000599,2023-01-14,Power,Maharashtra,35-44,1322
USR000600,2025-01-03,Frequent,Karnataka,25-34,602
USR000601,2025-12-20,Occasional,Delhi,35-44,251
USR000602,2024-05-24,Power,Delhi,35-44,826
USR000603,2023-03-02,Frequent,West Bengal,35-44,1275
USR000604,2024-11-10,New,Telangana,25-34,656
USR000605,2025-03-04,Power,Telangana,25-34,542
USR000606,2023-10-11,Power,Delhi,18-24,1052
USR000607,2024-12-28,Occasional,Telangana,35-44,608
USR000608,2025-10-20,New,Uttar Pradesh,25-34,312
USR000609,2024-04-09,Occasional,Karnataka,25-34,871
USR000610,2023-07-12,Frequent,Maharashtra,35-44,1143
USR000611,2023-05-05,Power,Maharashtra,25-34,1211
USR000612,2023-07-15,Occasional,Rajasthan,18-24,1140
USR000613,2024-10-31,Occasional,Maharashtra,35-44,666
USR000614,2026-03-09,Frequent,Karnataka,45-59,172
USR000615,2024-01-22,Frequent,West Bengal,18-24,949
USR000616,2024-03-23,Power,Karnataka,35-44,888
USR000617,2023-11-13,Frequent,Haryana,18-24,1019
USR000618,2025-06-21,Frequent,Delhi,25-34,433
USR000619,2025-06-30,New,Maharashtra,45-59,424
USR000620,2023-09-04,Power,Uttar Pradesh,45-59,1089
USR000621,2023-08-09,Occasional,Delhi,25-34,1115
USR000622,2023-12-09,Power,West Bengal,18-24,993
USR000623,2023-11-14,Power,Gujarat,45-59,1018
USR000624,2026-01-27,Power,West Bengal,45-59,213
USR000625,2026-02-09,New,Tamil Nadu,25-34,200
USR000626,2024-05-05,Power,West Bengal,18-24,845
USR000627,2025-04-07,New,Maharashtra,45-59,508
USR000628,2025-09-10,Power,Haryana,18-24,352
USR000629,2025-11-30,New,Gujarat,45-59,271
USR000630,2026-02-27,Frequent,Rajasthan,25-34,182
USR000631,2026-01-23,Frequent,Uttar Pradesh,25-34,217
USR000632,2025-07-06,Frequent,Uttar Pradesh,45-59,418
USR000633,2025-05-23,Occasional,Telangana,18-24,462
USR000634,2023-02-18,Frequent,Gujarat,25-34,1287
USR000635,2025-03-07,Occasional,Uttar Pradesh,35-44,539
USR000636,2023-04-23,Frequent,Maharashtra,18-24,1223
USR000637,2023-07-02,Occasional,Haryana,35-44,1153
USR000638,2026-03-15,Frequent,Gujarat,35-44,166
USR000639,2025-12-30,New,Uttar Pradesh,25-34,241
USR000640,2024-12-21,Power,Maharashtra,35-44,615
USR000641,2025-06-07,Frequent,Rajasthan,35-44,447
USR000642,2025-11-07,Occasional,Maharashtra,45-59,294
USR000643,2023-07-22,Frequent,Delhi,45-59,1133
USR000644,2024-10-17,New,Tamil Nadu,25-34,680
USR000645,2026-03-15,Frequent,Maharashtra,18-24,166
USR000646,2025-02-20,Occasional,Karnataka,45-59,554
USR000647,2023-01-10,Power,Gujarat,60+,1326
USR000648,2025-03-09,Power,Gujarat,45-59,537
USR000649,2025-04-03,New,Delhi,25-34,512
USR000650,2024-06-12,Power,Telangana,25-34,807
USR000651,2024-09-26,Occasional,Uttar Pradesh,25-34,701
USR000652,2023-01-21,Occasional,Telangana,25-34,1315
USR000653,2024-01-24,Power,West Bengal,18-24,947
USR000654,2023-01-22,Frequent,Telangana,18-24,1314
USR000655,2025-07-08,New,Tamil Nadu,18-24,416
USR000656,2023-08-23,New,West Bengal,18-24,1101
USR000657,2026-01-04,Occasional,Uttar Pradesh,45-59,236
USR000658,2025-03-26,Occasional,Uttar Pradesh,18-24,520
USR000659,2026-03-13,Occasional,Karnataka,25-34,168
USR000660,2024-02-18,Power,Rajasthan,35-44,922
USR000661,2024-02-16,New,Maharashtra,25-34,924
USR000662,2023-08-12,New,Maharashtra,35-44,1112
USR000663,2024-01-13,New,Karnataka,18-24,958
USR000664,2025-01-29,Occasional,Delhi,25-34,576
USR000665,2023-03-26,Frequent,Rajasthan,35-44,1251
USR000666,2024-01-23,Frequent,Gujarat,18-24,948
USR000667,2023-01-30,Power,Gujarat,35-44,1306
USR000668,2024-05-28,Power,Gujarat,25-34,822
USR000669,2023-04-26,Occasional,Delhi,45-59,1220
USR000670,2025-11-01,New,Delhi,25-34,300
USR000671,2024-11-18,Frequent,West Bengal,18-24,648
USR000672,2025-06-21,New,Tamil Nadu,25-34,433
USR000673,2024-08-12,Frequent,Delhi,25-34,746
USR000674,2024-10-12,New,Karnataka,25-34,685
USR000675,2025-12-30,New,Delhi,35-44,241
USR000676,2024-10-20,Occasional,Delhi,45-59,677
USR000677,2024-04-23,New,Maharashtra,25-34,857
USR000678,2025-03-04,Frequent,Karnataka,35-44,542
USR000679,2023-03-14,Frequent,Karnataka,18-24,1263
USR000680,2025-09-02,Power,Telangana,18-24,360
USR000681,2025-03-03,Occasional,Tamil Nadu,25-34,543
USR000682,2024-05-27,Occasional,West Bengal,25-34,823
USR000683,2023-11-10,Frequent,Gujarat,18-24,1022
USR000684,2024-08-10,Frequent,Delhi,45-59,748
USR000685,2025-03-06,Power,Delhi,25-34,540
USR000686,2023-02-12,Occasional,Uttar Pradesh,18-24,1293
USR000687,2025-07-30,Occasional,Rajasthan,35-44,394
USR000688,2025-04-03,New,Gujarat,18-24,512
USR000689,2025-04-11,Occasional,Telangana,25-34,504
USR000690,2025-07-15,Occasional,Telangana,25-34,409
USR000691,2024-11-22,Occasional,Telangana,18-24,644
USR000692,2025-12-21,Occasional,Tamil Nadu,35-44,250
USR000693,2026-03-10,Occasional,Haryana,25-34,171
USR000694,2025-08-06,Frequent,Telangana,25-34,387
USR000695,2024-09-20,Occasional,Delhi,25-34,707
USR000696,2026-01-16,Frequent,Uttar Pradesh,45-59,224
USR000697,2025-04-24,New,Tamil Nadu,25-34,491
USR000698,2023-11-17,Frequent,Rajasthan,25-34,1015
USR000699,2025-06-26,New,Tamil Nadu,25-34,428
USR000700,2023-12-19,Occasional,Haryana,35-44,983
USR000701,2025-04-03,Frequent,Tamil Nadu,18-24,512
USR000702,2024-10-10,Frequent,Delhi,35-44,687
USR000703,2025-09-23,Occasional,Haryana,25-34,339
USR000704,2023-03-14,Frequent,Karnataka,18-24,1263
USR000705,2023-01-18,Power,Maharashtra,25-34,1318
USR000706,2023-07-04,Occasional,Gujarat,18-24,1151
USR000707,2023-11-05,Power,Uttar Pradesh,35-44,1027
USR000708,2025-01-13,Frequent,Gujarat,25-34,592
USR000709,2025-07-03,Frequent,Delhi,18-24,421
USR000710,2023-07-27,Power,Delhi,45-59,1128
USR000711,2023-11-08,Occasional,Karnataka,25-34,1024
USR000712,2025-04-19,Occasional,Rajasthan,25-34,496
USR000713,2024-07-29,Frequent,Tamil Nadu,60+,760
USR000714,2023-10-28,Power,Karnataka,35-44,1035
USR000715,2023-10-05,Power,West Bengal,25-34,1058
USR000716,2023-12-16,Frequent,Haryana,25-34,986
USR000717,2025-01-12,Power,Haryana,25-34,593
USR000718,2025-07-05,Power,West Bengal,45-59,419
USR000719,2026-03-06,Occasional,Gujarat,60+,175
USR000720,2025-01-27,New,Delhi,25-34,578
USR000721,2025-03-17,Power,Karnataka,60+,529
USR000722,2024-02-08,Power,Gujarat,18-24,932
USR000723,2023-06-20,Occasional,West Bengal,18-24,1165
USR000724,2025-05-05,Power,Gujarat,35-44,480
USR000725,2024-01-29,Frequent,Rajasthan,45-59,942
USR000726,2023-02-18,Frequent,Delhi,18-24,1287
USR000727,2024-05-04,Frequent,Uttar Pradesh,25-34,846
USR000728,2025-06-05,Occasional,Uttar Pradesh,35-44,449
USR000729,2025-07-27,Frequent,Gujarat,25-34,397
USR000730,2023-09-25,Power,Haryana,18-24,1068
USR000731,2026-03-20,New,Telangana,18-24,161
USR000732,2025-08-20,Occasional,Maharashtra,25-34,373
USR000733,2024-07-07,Frequent,Gujarat,25-34,782
USR000734,2025-11-15,Power,Telangana,25-34,286
USR000735,2024-12-01,New,Gujarat,35-44,635
USR000736,2026-02-05,Occasional,Uttar Pradesh,18-24,204
USR000737,2025-07-10,Power,Karnataka,35-44,414
USR000738,2024-10-14,Power,Karnataka,18-24,683
USR000739,2023-09-21,Power,Karnataka,18-24,1072
USR000740,2023-12-29,Occasional,Delhi,25-34,973
USR000741,2024-04-30,Frequent,Karnataka,18-24,850
USR000742,2023-01-28,Frequent,Gujarat,35-44,1308
USR000743,2023-05-25,Occasional,West Bengal,25-34,1191
USR000744,2024-11-08,Frequent,Karnataka,25-34,658
USR000745,2023-04-26,Frequent,Tamil Nadu,45-59,1220
USR000746,2023-06-16,Occasional,Karnataka,18-24,1169
USR000747,2024-04-22,Occasional,Karnataka,25-34,858
USR000748,2025-12-20,Occasional,Tamil Nadu,35-44,251
USR000749,2025-10-11,Frequent,Delhi,25-34,321
USR000750,2023-05-06,Occasional,Rajasthan,18-24,1210
USR000751,2023-12-27,Power,Uttar Pradesh,18-24,975
USR000752,2026-01-15,Frequent,Tamil Nadu,25-34,225
USR000753,2023-06-05,Occasional,Gujarat,35-44,1180
USR000754,2024-04-11,Occasional,Haryana,18-24,869
USR000755,2025-04-24,Frequent,Uttar Pradesh,18-24,491
USR000756,2024-05-28,Power,Tamil Nadu,25-34,822
USR000757,2024-05-30,Occasional,Delhi,18-24,820
USR000758,2023-05-09,Frequent,Maharashtra,25-34,1207
USR000759,2025-05-30,New,West Bengal,18-24,455
USR000760,2023-06-30,Occasional,Gujarat,25-34,1155
USR000761,2023-05-15,Frequent,Gujarat,25-34,1201
USR000762,2025-09-10,Occasional,Uttar Pradesh,35-44,352
USR000763,2024-10-03,Frequent,Tamil Nadu,18-24,694
USR000764,2023-12-16,New,Gujarat,25-34,986
USR000765,2025-08-03,Occasional,Telangana,25-34,390
USR000766,2025-08-09,Frequent,Delhi,35-44,384
USR000767,2025-02-28,Occasional,Maharashtra,35-44,546
USR000768,2024-10-10,Occasional,Delhi,25-34,687
USR000769,2023-01-29,Occasional,Delhi,18-24,1307
USR000770,2024-01-12,Occasional,Maharashtra,25-34,959
USR000771,2023-11-03,Occasional,Tamil Nadu,18-24,1029
USR000772,2025-03-14,Occasional,Rajasthan,18-24,532
USR000773,2024-01-25,Frequent,West Bengal,25-34,946
USR000774,2023-11-24,Frequent,Maharashtra,25-34,1008
USR000775,2023-08-06,New,Gujarat,35-44,1118
USR000776,2024-08-15,New,Rajasthan,45-59,743
USR000777,2024-03-19,Occasional,Maharashtra,45-59,892
USR000778,2023-11-21,Occasional,Uttar Pradesh,25-34,1011
USR000779,2025-05-28,Frequent,Haryana,18-24,457
USR000780,2024-07-31,Occasional,Gujarat,35-44,758
USR000781,2023-09-20,Occasional,West Bengal,18-24,1073
USR000782,2025-07-04,Occasional,Tamil Nadu,18-24,420
USR000783,2024-10-30,Frequent,Gujarat,25-34,667
USR000784,2025-09-02,Frequent,Rajasthan,25-34,360
USR000785,2024-11-09,Frequent,Delhi,45-59,657
USR000786,2026-03-18,Power,Tamil Nadu,35-44,163
USR000787,2024-04-30,Power,Tamil Nadu,25-34,850
USR000788,2025-08-20,Power,Gujarat,25-34,373
USR000789,2023-07-15,Occasional,Delhi,25-34,1140
USR000790,2023-06-16,Frequent,West Bengal,25-34,1169
USR000791,2024-06-28,New,Telangana,35-44,791
USR000792,2024-07-19,Frequent,Gujarat,35-44,770
USR000793,2023-05-01,Frequent,Tamil Nadu,25-34,1215
USR000794,2024-11-01,Occasional,Haryana,25-34,665
USR000795,2023-10-27,Frequent,Gujarat,25-34,1036
USR000796,2024-10-05,Frequent,Rajasthan,18-24,692
USR000797,2024-01-21,Power,Haryana,25-34,950
USR000798,2024-08-28,Frequent,Tamil Nadu,25-34,730
USR000799,2025-10-29,Occasional,Telangana,25-34,303
USR000800,2023-01-23,Occasional,Tamil Nadu,18-24,1313
USR000801,2023-02-21,New,Telangana,18-24,1284
USR000802,2025-08-10,Frequent,Delhi,25-34,383
USR000803,2025-02-21,Frequent,Haryana,25-34,553
USR000804,2024-10-05,New,Uttar Pradesh,25-34,692
USR000805,2024-02-10,Frequent,West Bengal,18-24,930
USR000806,2023-09-21,Occasional,Maharashtra,18-24,1072
USR000807,2024-10-30,Frequent,Gujarat,18-24,667
USR000808,2025-02-07,Frequent,Telangana,25-34,567
USR000809,2025-03-21,Occasional,Haryana,35-44,525
USR000810,2023-03-12,Frequent,Gujarat,25-34,1265
USR000811,2026-03-10,New,Rajasthan,18-24,171
USR000812,2023-09-28,Frequent,Karnataka,18-24,1065
USR000813,2023-07-29,Frequent,Tamil Nadu,18-24,1126
USR000814,2025-01-07,Power,Gujarat,18-24,598
USR000815,2024-12-04,Frequent,West Bengal,25-34,632
USR000816,2023-05-08,Frequent,Telangana,25-34,1208
USR000817,2026-01-27,Power,Tamil Nadu,25-34,213
USR000818,2023-08-25,Frequent,Uttar Pradesh,18-24,1099
USR000819,2023-04-26,Frequent,Rajasthan,18-24,1220
USR000820,2024-04-06,Frequent,Maharashtra,18-24,874
USR000821,2024-04-21,Power,Delhi,25-34,859
USR000822,2024-10-23,Occasional,Telangana,18-24,674
USR000823,2024-08-16,Frequent,Telangana,25-34,742
USR000824,2023-03-24,Occasional,Maharashtra,18-24,1253
USR000825,2026-04-08,Frequent,Gujarat,35-44,142
USR000826,2026-04-06,Power,Rajasthan,45-59,144
USR000827,2023-12-03,Occasional,Delhi,25-34,999
USR000828,2024-07-30,Occasional,Gujarat,25-34,759
USR000829,2023-11-24,Power,Haryana,18-24,1008
USR000830,2024-02-05,Occasional,Uttar Pradesh,25-34,935
USR000831,2024-08-07,Frequent,West Bengal,25-34,751
USR000832,2025-11-14,Frequent,Tamil Nadu,18-24,287
USR000833,2023-03-27,Occasional,Karnataka,35-44,1250
USR000834,2024-02-26,Occasional,Haryana,35-44,914
USR000835,2024-09-03,Power,Tamil Nadu,45-59,724
USR000836,2024-09-13,Occasional,Maharashtra,25-34,714
USR000837,2024-04-15,Frequent,Uttar Pradesh,18-24,865
USR000838,2023-02-18,Occasional,Tamil Nadu,35-44,1287
USR000839,2024-11-14,Occasional,Telangana,35-44,652
USR000840,2025-07-26,Power,Haryana,35-44,398
USR000841,2025-10-03,Frequent,Haryana,18-24,329
USR000842,2024-05-23,New,Karnataka,45-59,827
USR000843,2023-03-05,Frequent,Maharashtra,45-59,1272
USR000844,2023-01-01,Occasional,Telangana,35-44,1335
USR000845,2023-11-23,New,Gujarat,18-24,1009
USR000846,2024-01-26,Power,Gujarat,18-24,945
USR000847,2025-05-05,Frequent,Uttar Pradesh,35-44,480
USR000848,2023-09-03,Occasional,Uttar Pradesh,25-34,1090
USR000849,2024-02-24,New,Maharashtra,45-59,916
USR000850,2025-09-02,Occasional,Karnataka,18-24,360
USR000851,2024-04-25,Frequent,Haryana,25-34,855
USR000852,2024-07-13,Occasional,Haryana,25-34,776
USR000853,2023-11-10,Occasional,Telangana,25-34,1022
USR000854,2023-03-03,New,Telangana,35-44,1274
USR000855,2025-04-24,Occasional,Maharashtra,25-34,491
USR000856,2023-04-01,Frequent,Uttar Pradesh,35-44,1245
USR000857,2025-09-08,Occasional,Uttar Pradesh,18-24,354
USR000858,2024-07-10,Power,Tamil Nadu,18-24,779
USR000859,2025-07-06,Power,Maharashtra,35-44,418
USR000860,2025-06-10,Frequent,West Bengal,35-44,444
USR000861,2023-04-07,Occasional,Karnataka,25-34,1239
USR000862,2025-07-23,Power,Rajasthan,18-24,401
USR000863,2025-01-30,Frequent,Rajasthan,18-24,575
USR000864,2024-12-11,Occasional,Haryana,25-34,625
USR000865,2025-08-15,Power,Uttar Pradesh,18-24,378
USR000866,2025-10-09,Frequent,Telangana,25-34,323
USR000867,2025-06-03,New,Uttar Pradesh,45-59,451
USR000868,2024-11-12,Power,West Bengal,25-34,654
USR000869,2026-01-09,Power,Delhi,45-59,231
USR000870,2024-12-04,Frequent,Delhi,25-34,632
USR000871,2026-01-11,Frequent,Delhi,35-44,229
USR000872,2026-03-20,New,Tamil Nadu,35-44,161
USR000873,2025-03-22,New,Telangana,45-59,524
USR000874,2025-10-23,Frequent,Rajasthan,18-24,309
USR000875,2023-01-09,Occasional,Rajasthan,25-34,1327
USR000876,2023-12-04,Frequent,Gujarat,25-34,998
USR000877,2024-10-28,Frequent,Gujarat,25-34,669
USR000878,2025-03-19,Frequent,Telangana,18-24,527
USR000879,2024-12-20,Frequent,Karnataka,18-24,616
USR000880,2025-07-18,Occasional,Tamil Nadu,35-44,406
USR000881,2025-10-30,Frequent,West Bengal,18-24,302
USR000882,2023-05-28,Frequent,Uttar Pradesh,18-24,1188
USR000883,2025-04-11,Occasional,Tamil Nadu,25-34,504
USR000884,2023-07-17,Power,Tamil Nadu,18-24,1138
USR000885,2023-03-05,Occasional,Tamil Nadu,18-24,1272
USR000886,2023-05-27,New,West Bengal,45-59,1189
USR000887,2025-05-14,Power,Telangana,18-24,471
USR000888,2024-09-06,Occasional,Gujarat,18-24,721
USR000889,2025-05-27,Frequent,West Bengal,25-34,458
USR000890,2023-03-27,Frequent,Maharashtra,25-34,1250
USR000891,2024-12-20,New,West Bengal,35-44,616
USR000892,2025-02-24,Frequent,Karnataka,25-34,550
USR000893,2024-12-19,Power,West Bengal,60+,617
USR000894,2025-02-17,New,West Bengal,35-44,557
USR000895,2023-06-27,Frequent,Rajasthan,18-24,1158
USR000896,2024-05-17,Frequent,Karnataka,25-34,833
USR000897,2024-11-21,Occasional,West Bengal,18-24,645
USR000898,2024-09-26,Frequent,West Bengal,18-24,701
USR000899,2025-04-20,New,Delhi,25-34,495
USR000900,2023-02-27,Power,West Bengal,18-24,1278
USR000901,2024-01-07,Frequent,Haryana,25-34,964
USR000902,2026-01-02,Frequent,Maharashtra,18-24,238
USR000903,2023-08-29,Frequent,West Bengal,18-24,1095
USR000904,2025-07-14,Occasional,Delhi,18-24,410
USR000905,2024-11-09,Occasional,Delhi,45-59,657
USR000906,2023-06-07,Occasional,West Bengal,18-24,1178
USR000907,2025-03-04,Frequent,Delhi,35-44,542
USR000908,2023-03-31,Occasional,Tamil Nadu,25-34,1246
USR000909,2026-04-10,Power,Tamil Nadu,35-44,140
USR000910,2023-08-26,New,Delhi,18-24,1098
USR000911,2026-02-26,New,West Bengal,25-34,183
USR000912,2025-05-30,New,Rajasthan,45-59,455
USR000913,2025-01-24,Frequent,Karnataka,25-34,581
USR000914,2023-03-10,Occasional,Rajasthan,35-44,1267
USR000915,2023-05-18,New,Uttar Pradesh,35-44,1198
USR000916,2025-01-02,Frequent,Rajasthan,45-59,603
USR000917,2023-10-09,New,Delhi,18-24,1054
USR000918,2024-01-18,Frequent,West Bengal,25-34,953
USR000919,2026-01-23,Occasional,Uttar Pradesh,25-34,217
USR000920,2024-01-15,Frequent,Karnataka,25-34,956
USR000921,2024-04-20,Occasional,Uttar Pradesh,18-24,860
USR000922,2025-03-11,New,Maharashtra,25-34,535
USR000923,2023-01-25,New,Uttar Pradesh,25-34,1311
USR000924,2023-01-19,Occasional,Delhi,25-34,1317
USR000925,2024-05-14,Power,Tamil Nadu,18-24,836
USR000926,2025-08-30,Frequent,Tamil Nadu,18-24,363
USR000927,2025-03-05,Frequent,Rajasthan,35-44,541
USR000928,2023-05-26,New,Delhi,35-44,1190
USR000929,2023-10-25,Power,Karnataka,25-34,1038
USR000930,2023-05-29,Frequent,Tamil Nadu,25-34,1187
USR000931,2025-04-26,Power,Gujarat,45-59,489
USR000932,2024-06-21,Occasional,Telangana,18-24,798
USR000933,2024-10-18,Frequent,Maharashtra,18-24,679
USR000934,2025-02-04,Occasional,Haryana,35-44,570
USR000935,2024-04-05,Frequent,Delhi,25-34,875
USR000936,2025-11-09,Power,Delhi,18-24,292
USR000937,2025-12-03,Occasional,Karnataka,25-34,268
USR000938,2023-03-05,Occasional,Rajasthan,18-24,1272
USR000939,2023-10-26,Frequent,Maharashtra,25-34,1037
USR000940,2025-03-16,Occasional,Gujarat,25-34,530
USR000941,2026-01-01,Frequent,Uttar Pradesh,35-44,239
USR000942,2025-08-20,Frequent,Telangana,35-44,373
USR000943,2026-02-21,Power,Haryana,25-34,188
USR000944,2026-03-21,New,Gujarat,18-24,160
USR000945,2025-09-29,Power,Rajasthan,25-34,333
USR000946,2023-05-09,Occasional,Uttar Pradesh,45-59,1207
USR000947,2024-08-14,Frequent,Tamil Nadu,25-34,744
USR000948,2024-10-25,Power,Haryana,18-24,672
USR000949,2024-09-19,Occasional,Gujarat,25-34,708
USR000950,2025-04-22,Occasional,Haryana,25-34,493
USR000951,2024-01-21,Frequent,Delhi,35-44,950
USR000952,2024-08-27,Occasional,Gujarat,35-44,731
USR000953,2026-02-06,Occasional,West Bengal,25-34,203
USR000954,2023-12-22,New,Uttar Pradesh,25-34,980
USR000955,2024-02-26,Frequent,Gujarat,18-24,914
USR000956,2025-10-14,Occasional,Telangana,25-34,318
USR000957,2024-07-08,Power,West Bengal,25-34,781
USR000958,2023-10-27,Occasional,Karnataka,18-24,1036
USR000959,2025-02-10,Power,Telangana,18-24,564
USR000960,2024-01-22,Power,Uttar Pradesh,45-59,949
USR000961,2025-07-20,Power,Rajasthan,25-34,404
USR000962,2024-07-21,Frequent,Telangana,18-24,768
USR000963,2023-04-15,Power,West Bengal,25-34,1231
USR000964,2025-09-02,Occasional,Gujarat,18-24,360
USR000965,2024-01-06,New,Maharashtra,18-24,965
USR000966,2023-05-24,Occasional,Rajasthan,25-34,1192
USR000967,2023-09-18,Frequent,Telangana,18-24,1075
USR000968,2026-03-06,New,Karnataka,25-34,175
USR000969,2024-07-21,Occasional,Tamil Nadu,18-24,768
USR000970,2026-03-14,Frequent,Rajasthan,25-34,167
USR000971,2024-04-29,Occasional,Rajasthan,25-34,851
USR000972,2024-03-26,Occasional,Telangana,18-24,885
USR000973,2023-02-05,Power,Karnataka,25-34,1300
USR000974,2024-07-06,Power,Karnataka,18-24,783
USR000975,2025-04-12,Occasional,West Bengal,25-34,503
USR000976,2023-12-22,Power,Uttar Pradesh,18-24,980
USR000977,2024-05-04,Frequent,Telangana,25-34,846
USR000978,2025-03-02,Occasional,Tamil Nadu,18-24,544
USR000979,2023-06-17,Occasional,West Bengal,25-34,1168
USR000980,2025-02-26,Power,Telangana,18-24,548
USR000981,2024-07-10,Occasional,West Bengal,25-34,779
USR000982,2025-12-09,Occasional,Maharashtra,25-34,262
USR000983,2025-03-05,Power,Haryana,18-24,541
USR000984,2023-10-23,Frequent,Haryana,35-44,1040
USR000985,2025-02-12,Occasional,Telangana,18-24,562
USR000986,2024-10-05,Occasional,Uttar Pradesh,18-24,692
USR000987,2024-08-18,Power,Telangana,25-34,740
USR000988,2025-08-19,Power,Haryana,18-24,374
USR000989,2023-05-13,Frequent,Maharashtra,25-34,1203
USR000990,2024-12-07,Occasional,Maharashtra,25-34,629
USR000991,2025-07-01,Power,Karnataka,25-34,423
USR000992,2024-12-14,Occasional,Gujarat,45-59,622
USR000993,2024-06-16,Frequent,Delhi,18-24,803
USR000994,2026-04-14,Frequent,Haryana,25-34,136
USR000995,2024-02-05,Power,Telangana,25-34,935
USR000996,2024-04-13,New,Delhi,18-24,867
USR000997,2026-02-06,New,Karnataka,25-34,203
USR000998,2024-06-06,Frequent,Uttar Pradesh,18-24,813
USR000999,2025-06-11,Occasional,Delhi,18-24,443
USR001000,2024-09-30,Occasional,Karnataka,18-24,697
USR001001,2023-07-08,Frequent,Haryana,25-34,1147
USR001002,2023-12-27,Occasional,West Bengal,45-59,975
USR001003,2023-12-10,Occasional,Tamil Nadu,25-34,992
USR001004,2023-06-07,New,Karnataka,18-24,1178
USR001005,2024-01-02,Frequent,West Bengal,25-34,969
USR001006,2025-01-25,Frequent,Delhi,25-34,580
USR001007,2024-01-18,Occasional,Maharashtra,25-34,953
USR001008,2023-12-18,Frequent,Rajasthan,35-44,984
USR001009,2025-10-22,Frequent,Maharashtra,25-34,310
USR001010,2023-12-09,New,Delhi,35-44,993
USR001011,2024-05-10,Power,Gujarat,25-34,840
USR001012,2024-07-25,Frequent,West Bengal,18-24,764
USR001013,2023-08-14,Frequent,Delhi,25-34,1110
USR001014,2023-03-28,New,Telangana,18-24,1249
USR001015,2024-08-11,Frequent,West Bengal,25-34,747
USR001016,2025-03-19,Frequent,Telangana,45-59,527
USR001017,2025-08-13,Power,Rajasthan,25-34,380
USR001018,2026-03-28,Frequent,Telangana,35-44,153
USR001019,2025-12-08,Power,Delhi,25-34,263
USR001020,2025-10-20,New,Maharashtra,18-24,312
USR001021,2025-01-22,Power,Karnataka,25-34,583
USR001022,2025-04-24,Occasional,Uttar Pradesh,25-34,491
USR001023,2024-10-06,Frequent,Maharashtra,18-24,691
USR001024,2023-10-29,Occasional,Haryana,35-44,1034
USR001025,2023-10-14,Frequent,Uttar Pradesh,25-34,1049
USR001026,2023-10-19,New,Tamil Nadu,45-59,1044
USR001027,2024-06-01,Frequent,West Bengal,35-44,818
USR001028,2025-01-30,Power,West Bengal,18-24,575
USR001029,2023-04-16,Occasional,Delhi,45-59,1230
USR001030,2023-07-27,Occasional,Maharashtra,25-34,1128
USR001031,2025-03-02,Power,Telangana,18-24,544
USR001032,2024-08-25,Occasional,Rajasthan,25-34,733
USR001033,2023-03-24,Power,West Bengal,18-24,1253
USR001034,2024-11-09,Occasional,Rajasthan,18-24,657
USR001035,2023-07-27,New,Rajasthan,18-24,1128
USR001036,2023-02-20,Frequent,Rajasthan,25-34,1285
USR001037,2025-07-07,Occasional,Haryana,25-34,417
USR001038,2024-10-30,Occasional,Maharashtra,35-44,667
USR001039,2026-04-14,New,West Bengal,35-44,136
USR001040,2025-06-06,Frequent,Maharashtra,25-34,448
USR001041,2026-01-27,Frequent,Haryana,25-34,213
USR001042,2023-11-11,Power,Telangana,25-34,1021
USR001043,2025-06-19,Frequent,Uttar Pradesh,18-24,435
USR001044,2024-02-07,New,Telangana,18-24,933
USR001045,2024-03-27,New,Uttar Pradesh,18-24,884
USR001046,2023-09-30,Occasional,Haryana,18-24,1063
USR001047,2023-11-07,Occasional,Haryana,18-24,1025
USR001048,2024-03-07,New,Karnataka,18-24,904
USR001049,2023-03-18,Occasional,West Bengal,35-44,1259
USR001050,2024-03-24,Frequent,Delhi,45-59,887
USR001051,2025-10-07,New,West Bengal,35-44,325
USR001052,2024-12-02,Frequent,Gujarat,35-44,634
USR001053,2024-06-12,Frequent,Rajasthan,45-59,807
USR001054,2024-11-08,Frequent,Gujarat,25-34,658
USR001055,2025-12-01,Frequent,Haryana,35-44,270
USR001056,2024-05-17,Occasional,Maharashtra,25-34,833
USR001057,2024-07-11,Occasional,Rajasthan,25-34,778
USR001058,2025-04-08,New,Haryana,25-34,507
USR001059,2024-06-11,New,Delhi,25-34,808
USR001060,2024-03-24,Power,Tamil Nadu,25-34,887
USR001061,2023-11-10,Power,Rajasthan,25-34,1022
USR001062,2025-04-25,Frequent,Telangana,25-34,490
USR001063,2024-09-04,New,Delhi,25-34,723
USR001064,2023-05-16,Frequent,Maharashtra,25-34,1200
USR001065,2025-06-04,Occasional,West Bengal,60+,450
USR001066,2024-11-14,Power,Karnataka,25-34,652
USR001067,2025-09-23,Power,West Bengal,45-59,339
USR001068,2025-03-22,Frequent,Telangana,25-34,524
USR001069,2024-04-26,Occasional,Haryana,35-44,854
USR001070,2024-11-19,Occasional,Gujarat,25-34,647
USR001071,2023-06-19,New,Karnataka,35-44,1166
USR001072,2023-01-18,Occasional,Telangana,25-34,1318
USR001073,2023-07-09,Power,Delhi,60+,1146
USR001074,2023-01-05,Frequent,Maharashtra,18-24,1331
USR001075,2025-01-21,Frequent,Gujarat,25-34,584
USR001076,2023-06-29,New,Uttar Pradesh,25-34,1156
USR001077,2023-03-21,Power,Karnataka,60+,1256
USR001078,2023-01-01,Power,Tamil Nadu,35-44,1335
USR001079,2025-03-11,Power,West Bengal,18-24,535
USR001080,2024-08-19,Frequent,Rajasthan,18-24,739
USR001081,2024-08-05,New,West Bengal,25-34,753
USR001082,2024-06-16,Occasional,Rajasthan,18-24,803
USR001083,2024-04-03,Frequent,Maharashtra,25-34,877
USR001084,2024-11-24,Frequent,West Bengal,35-44,642
USR001085,2025-01-04,Power,Uttar Pradesh,18-24,601
USR001086,2025-04-01,Occasional,Tamil Nadu,35-44,514
USR001087,2024-09-25,Frequent,Tamil Nadu,18-24,702
USR001088,2023-11-01,Frequent,Maharashtra,18-24,1031
USR001089,2023-08-30,New,West Bengal,18-24,1094
USR001090,2023-05-31,Occasional,Gujarat,25-34,1185
USR001091,2026-04-01,Occasional,West Bengal,25-34,149
USR001092,2023-09-09,Power,Rajasthan,35-44,1084
USR001093,2024-09-11,Power,Tamil Nadu,45-59,716
USR001094,2023-03-11,Occasional,Telangana,18-24,1266
USR001095,2023-05-16,New,Uttar Pradesh,25-34,1200
USR001096,2025-10-16,Frequent,Telangana,35-44,316
USR001097,2024-10-24,Occasional,Gujarat,35-44,673
USR001098,2025-05-14,Frequent,Haryana,35-44,471
USR001099,2024-01-12,New,Delhi,45-59,959
USR001100,2025-05-01,New,Gujarat,18-24,484
USR001101,2023-10-15,Occasional,Haryana,25-34,1048
USR001102,2024-07-23,Power,Delhi,25-34,766
USR001103,2023-01-19,Frequent,Gujarat,35-44,1317
USR001104,2025-02-02,Occasional,Karnataka,25-34,572
USR001105,2025-10-23,Occasional,Delhi,25-34,309
USR001106,2025-10-31,Occasional,Telangana,45-59,301
USR001107,2024-02-07,Occasional,Maharashtra,25-34,933
USR001108,2026-01-25,Occasional,West Bengal,18-24,215
USR001109,2024-11-12,New,Haryana,25-34,654
USR001110,2023-05-09,Frequent,Telangana,45-59,1207
USR001111,2026-03-17,Occasional,Gujarat,35-44,164
USR001112,2024-04-01,Occasional,Uttar Pradesh,45-59,879
USR001113,2023-03-21,Power,Haryana,18-24,1256
USR001114,2024-06-27,New,Tamil Nadu,18-24,792
USR001115,2025-07-09,Occasional,Maharashtra,25-34,415
USR001116,2023-06-05,Power,Uttar Pradesh,25-34,1180
USR001117,2026-01-24,Power,Maharashtra,25-34,216
USR001118,2024-09-19,Frequent,Maharashtra,25-34,708
USR001119,2026-04-03,Occasional,Rajasthan,18-24,147
USR001120,2023-08-26,Power,Telangana,25-34,1098
USR001121,2024-11-03,Occasional,Tamil Nadu,18-24,663
USR001122,2025-05-29,New,Tamil Nadu,45-59,456
USR001123,2023-02-12,New,Uttar Pradesh,18-24,1293
USR001124,2024-08-21,Frequent,Telangana,18-24,737
USR001125,2025-05-23,Occasional,Delhi,25-34,462
USR001126,2024-08-14,Occasional,Rajasthan,25-34,744
USR001127,2023-05-21,New,Delhi,35-44,1195
USR001128,2023-01-07,Power,Karnataka,35-44,1329
USR001129,2024-07-07,Power,Karnataka,35-44,782
USR001130,2024-11-22,New,Rajasthan,25-34,644
USR001131,2023-09-08,Frequent,Haryana,18-24,1085
USR001132,2023-06-20,Occasional,Karnataka,25-34,1165
USR001133,2025-03-05,Power,Rajasthan,45-59,541
USR001134,2023-02-07,Power,Haryana,35-44,1298
USR001135,2023-06-26,Power,Delhi,18-24,1159
USR001136,2023-11-25,Frequent,Rajasthan,18-24,1007
USR001137,2024-12-20,New,Telangana,35-44,616
USR001138,2025-06-04,New,Rajasthan,35-44,450
USR001139,2025-04-04,Occasional,Tamil Nadu,25-34,511
USR001140,2025-09-17,Frequent,Karnataka,60+,345
USR001141,2024-04-09,Power,West Bengal,25-34,871
USR001142,2025-07-26,Occasional,Gujarat,18-24,398
USR001143,2023-03-27,New,Tamil Nadu,18-24,1250
USR001144,2024-12-28,New,Gujarat,25-34,608
USR001145,2025-05-01,Frequent,Maharashtra,45-59,484
USR001146,2025-08-07,New,Karnataka,25-34,386
USR001147,2026-02-23,Frequent,Haryana,18-24,186
USR001148,2025-10-09,Frequent,Rajasthan,35-44,323
USR001149,2024-11-28,New,Maharashtra,35-44,638
USR001150,2024-10-11,Occasional,Rajasthan,35-44,686
USR001151,2024-08-23,New,Karnataka,18-24,735
USR001152,2024-09-06,Frequent,Delhi,25-34,721
USR001153,2025-02-16,Power,Uttar Pradesh,25-34,558
USR001154,2025-04-23,Power,Rajasthan,25-34,492
USR001155,2025-10-17,Occasional,Uttar Pradesh,25-34,315
USR001156,2023-02-23,Power,Gujarat,18-24,1282
USR001157,2023-07-10,Power,Rajasthan,25-34,1145
USR001158,2023-07-25,Occasional,Karnataka,60+,1130
USR001159,2024-11-14,Occasional,Karnataka,18-24,652
USR001160,2024-03-10,Frequent,Karnataka,18-24,901
USR001161,2024-07-20,Occasional,Rajasthan,35-44,769
USR001162,2023-06-13,Power,Rajasthan,45-59,1172
USR001163,2026-01-23,Occasional,Rajasthan,25-34,217
USR001164,2023-07-25,Power,Maharashtra,25-34,1130
USR001165,2025-05-10,New,Gujarat,18-24,475
USR001166,2023-04-17,New,Karnataka,45-59,1229
USR001167,2023-01-09,New,West Bengal,18-24,1327
USR001168,2025-01-09,Occasional,Karnataka,18-24,596
USR001169,2026-02-23,Power,Tamil Nadu,18-24,186
USR001170,2023-12-11,Occasional,Haryana,35-44,991
USR001171,2023-08-01,Frequent,Maharashtra,25-34,1123
USR001172,2023-09-17,Occasional,Rajasthan,18-24,1076
USR001173,2025-04-15,New,Rajasthan,35-44,500
USR001174,2026-03-27,Frequent,Tamil Nadu,25-34,154
USR001175,2024-05-02,New,Tamil Nadu,25-34,848
USR001176,2025-03-06,Occasional,Rajasthan,18-24,540
USR001177,2023-10-06,Occasional,Haryana,25-34,1057
USR001178,2026-03-30,Occasional,Tamil Nadu,25-34,151
USR001179,2023-09-13,Frequent,Uttar Pradesh,25-34,1080
USR001180,2025-10-16,New,Karnataka,25-34,316
USR001181,2024-01-27,Frequent,Delhi,25-34,944
USR001182,2026-04-03,New,Tamil Nadu,18-24,147
USR001183,2023-03-24,Occasional,Tamil Nadu,35-44,1253
USR001184,2023-05-28,Frequent,Delhi,45-59,1188
USR001185,2024-07-20,Power,Haryana,18-24,769
USR001186,2024-03-06,Frequent,Maharashtra,25-34,905
USR001187,2024-11-30,Occasional,Delhi,18-24,636
USR001188,2023-09-10,Power,Gujarat,60+,1083
USR001189,2025-02-14,Frequent,Uttar Pradesh,25-34,560
USR001190,2024-02-17,Power,Delhi,18-24,923
USR001191,2024-12-24,Occasional,Tamil Nadu,25-34,612
USR001192,2024-07-14,Occasional,Uttar Pradesh,18-24,775
USR001193,2025-08-07,Occasional,Maharashtra,35-44,386
USR001194,2025-12-09,Occasional,Telangana,18-24,262
USR001195,2024-08-11,New,Uttar Pradesh,18-24,747
USR001196,2023-01-29,Frequent,Rajasthan,18-24,1307
USR001197,2025-07-19,Occasional,Tamil Nadu,25-34,405
USR001198,2024-07-18,Power,Telangana,18-24,771
USR001199,2025-09-10,Occasional,Delhi,18-24,352
USR001200,2024-04-25,Frequent,Telangana,18-24,855
USR001201,2026-02-03,Frequent,Delhi,18-24,206
USR001202,2025-01-29,Frequent,Karnataka,18-24,576
USR001203,2025-11-23,Frequent,Telangana,18-24,278
USR001204,2026-03-07,Power,Karnataka,18-24,174
USR001205,2024-08-02,Occasional,Tamil Nadu,35-44,756
USR001206,2026-02-12,Power,Haryana,35-44,197
USR001207,2025-12-21,Power,West Bengal,60+,250
USR001208,2023-01-07,New,Maharashtra,25-34,1329
USR001209,2026-02-08,Occasional,Gujarat,18-24,201
USR001210,2024-02-01,Occasional,Uttar Pradesh,35-44,939
USR001211,2025-05-20,Occasional,Uttar Pradesh,25-34,465
USR001212,2025-04-03,Frequent,Haryana,25-34,512
USR001213,2024-12-31,New,West Bengal,25-34,605
USR001214,2024-05-16,Occasional,Gujarat,25-34,834
USR001215,2024-05-08,Frequent,West Bengal,18-24,842
USR001216,2026-02-25,New,Karnataka,18-24,184
USR001217,2023-10-08,Occasional,Maharashtra,18-24,1055
USR001218,2025-04-24,Frequent,Karnataka,18-24,491
USR001219,2026-01-28,Occasional,Delhi,18-24,212
USR001220,2024-03-15,Occasional,Karnataka,18-24,896
USR001221,2023-01-24,Power,Telangana,18-24,1312
USR001222,2024-07-28,Frequent,West Bengal,45-59,761
USR001223,2023-07-11,Occasional,Tamil Nadu,25-34,1144
USR001224,2023-07-11,Power,Haryana,25-34,1144
USR001225,2024-05-08,New,Uttar Pradesh,25-34,842
USR001226,2023-01-14,Power,West Bengal,35-44,1322
USR001227,2024-03-19,Frequent,Gujarat,18-24,892
USR001228,2025-10-28,Frequent,Haryana,18-24,304
USR001229,2025-05-24,Frequent,Gujarat,35-44,461
USR001230,2026-02-13,Frequent,Maharashtra,35-44,196
USR001231,2026-03-16,New,Uttar Pradesh,18-24,165
USR001232,2023-11-18,Occasional,Maharashtra,35-44,1014
USR001233,2024-02-06,Power,Tamil Nadu,18-24,934
USR001234,2025-08-01,New,West Bengal,18-24,392
USR001235,2023-10-03,New,Tamil Nadu,25-34,1060
USR001236,2024-09-05,Power,Telangana,18-24,722
USR001237,2023-05-10,Power,Delhi,25-34,1206
USR001238,2023-01-16,Occasional,Maharashtra,25-34,1320
USR001239,2025-05-10,New,Delhi,18-24,475
USR001240,2023-11-11,Occasional,Telangana,18-24,1021
USR001241,2023-12-07,Occasional,Rajasthan,35-44,995
USR001242,2025-12-23,Power,Haryana,45-59,248
USR001243,2026-04-14,Power,West Bengal,18-24,136
USR001244,2025-12-27,Frequent,Tamil Nadu,45-59,244
USR001245,2025-05-20,Occasional,West Bengal,18-24,465
USR001246,2024-06-16,Frequent,Maharashtra,18-24,803
USR001247,2024-08-28,Occasional,Rajasthan,25-34,730
USR001248,2023-07-06,Power,Karnataka,35-44,1149
USR001249,2023-09-17,Power,Tamil Nadu,35-44,1076
USR001250,2025-12-28,Power,Karnataka,25-34,243
USR001251,2025-03-19,Power,Haryana,35-44,527
USR001252,2023-10-04,New,Delhi,25-34,1059
USR001253,2024-04-19,Frequent,Tamil Nadu,45-59,861
USR001254,2025-11-07,Power,Rajasthan,45-59,294
USR001255,2024-05-09,Frequent,Karnataka,25-34,841
USR001256,2026-01-05,New,Uttar Pradesh,25-34,235
USR001257,2023-10-06,Power,Maharashtra,25-34,1057
USR001258,2024-02-25,New,Tamil Nadu,25-34,915
USR001259,2023-07-03,Frequent,Haryana,25-34,1152
USR001260,2025-05-14,Frequent,Rajasthan,18-24,471
USR001261,2024-10-21,Frequent,Uttar Pradesh,60+,676
USR001262,2024-11-22,New,Maharashtra,35-44,644
USR001263,2023-02-19,Power,Maharashtra,18-24,1286
USR001264,2023-12-04,Frequent,Haryana,18-24,998
USR001265,2024-01-25,Frequent,Karnataka,25-34,946
USR001266,2026-01-08,Frequent,Maharashtra,35-44,232
USR001267,2023-02-22,Frequent,Gujarat,25-34,1283
USR001268,2023-08-24,Frequent,Rajasthan,25-34,1100
USR001269,2024-08-21,Occasional,Karnataka,25-34,737
USR001270,2023-10-30,Frequent,Haryana,25-34,1033
USR001271,2024-08-11,Frequent,Karnataka,18-24,747
USR001272,2024-08-14,Frequent,Maharashtra,25-34,744
USR001273,2025-08-18,New,Telangana,25-34,375
USR001274,2023-04-01,Frequent,Maharashtra,25-34,1245
USR001275,2024-05-18,Occasional,Gujarat,18-24,832
USR001276,2025-11-22,Occasional,Delhi,25-34,279
USR001277,2026-02-27,New,Telangana,18-24,182
USR001278,2024-07-05,Frequent,Gujarat,25-34,784
USR001279,2023-04-11,Occasional,Delhi,35-44,1235
USR001280,2025-02-07,Frequent,Rajasthan,35-44,567
USR001281,2025-08-20,New,Tamil Nadu,18-24,373
USR001282,2026-02-17,Frequent,Gujarat,35-44,192
USR001283,2023-02-04,Frequent,Rajasthan,18-24,1301
USR001284,2023-05-13,New,Maharashtra,45-59,1203
USR001285,2025-03-13,Occasional,Rajasthan,18-24,533
USR001286,2026-02-12,Power,Maharashtra,18-24,197
USR001287,2024-06-13,Power,Delhi,25-34,806
USR001288,2025-08-28,Frequent,Tamil Nadu,25-34,365
USR001289,2025-02-13,Frequent,Tamil Nadu,25-34,561
USR001290,2023-05-12,Occasional,Tamil Nadu,18-24,1204
USR001291,2023-05-15,New,Telangana,25-34,1201
USR001292,2024-08-27,Frequent,Rajasthan,25-34,731
USR001293,2024-09-21,Occasional,Delhi,18-24,706
USR001294,2025-05-09,Frequent,Delhi,25-34,476
USR001295,2025-12-18,Occasional,Karnataka,25-34,253
USR001296,2024-05-30,New,Maharashtra,35-44,820
USR001297,2024-08-20,Power,Telangana,18-24,738
USR001298,2025-02-04,Frequent,Maharashtra,18-24,570
USR001299,2024-04-14,Frequent,Gujarat,25-34,866
USR001300,2024-01-18,Occasional,Maharashtra,25-34,953
USR001301,2025-08-20,Occasional,Telangana,35-44,373
USR001302,2024-08-18,Frequent,Rajasthan,25-34,740
USR001303,2023-02-16,Frequent,Karnataka,25-34,1289
USR001304,2026-02-12,Frequent,Rajasthan,18-24,197
USR001305,2024-07-18,Occasional,Delhi,25-34,771
USR001306,2023-05-07,Frequent,Gujarat,18-24,1209
USR001307,2023-04-28,Power,Uttar Pradesh,18-24,1218
USR001308,2024-03-18,Occasional,Gujarat,18-24,893
USR001309,2025-12-13,Occasional,Gujarat,45-59,258
USR001310,2023-09-08,Occasional,Tamil Nadu,35-44,1085
USR001311,2023-07-29,New,Haryana,25-34,1126
USR001312,2025-08-13,Frequent,Karnataka,25-34,380
USR001313,2024-02-11,Occasional,Karnataka,25-34,929
USR001314,2024-02-10,Frequent,Delhi,25-34,930
USR001315,2024-10-23,Power,Maharashtra,45-59,674
USR001316,2023-03-13,Frequent,Karnataka,45-59,1264
USR001317,2025-10-31,Frequent,Gujarat,60+,301
USR001318,2023-07-15,Frequent,Rajasthan,35-44,1140
USR001319,2026-02-05,Frequent,Rajasthan,45-59,204
USR001320,2023-01-22,Power,Tamil Nadu,35-44,1314
USR001321,2023-03-02,Frequent,Gujarat,35-44,1275
USR001322,2023-08-18,Frequent,Haryana,25-34,1106
USR001323,2023-01-27,Occasional,Telangana,25-34,1309
USR001324,2025-10-15,Occasional,Uttar Pradesh,35-44,317
USR001325,2023-09-03,Power,Telangana,45-59,1090
USR001326,2024-03-13,Occasional,Haryana,35-44,898
USR001327,2023-10-02,Power,Karnataka,25-34,1061
USR001328,2023-05-26,Power,Rajasthan,25-34,1190
USR001329,2026-03-23,Occasional,Rajasthan,18-24,158
USR001330,2024-04-18,Occasional,West Bengal,25-34,862
USR001331,2023-02-24,Frequent,Telangana,18-24,1281
USR001332,2023-11-19,Power,Haryana,25-34,1013
USR001333,2023-10-30,New,West Bengal,18-24,1033
USR001334,2024-11-22,Occasional,Karnataka,18-24,644
USR001335,2023-03-16,Frequent,Uttar Pradesh,18-24,1261
USR001336,2026-01-02,Occasional,Maharashtra,35-44,238
USR001337,2023-02-13,Frequent,Gujarat,18-24,1292
USR001338,2025-03-20,Occasional,Maharashtra,25-34,526
USR001339,2023-07-16,New,Delhi,25-34,1139
USR001340,2023-02-06,Power,Tamil Nadu,35-44,1299
USR001341,2023-04-24,Frequent,Tamil Nadu,25-34,1222
USR001342,2025-03-25,Power,Karnataka,35-44,521
USR001343,2023-02-25,Occasional,West Bengal,18-24,1280
USR001344,2024-03-11,New,Delhi,35-44,900
USR001345,2024-06-04,Power,Gujarat,18-24,815
USR001346,2025-05-30,Frequent,Delhi,25-34,455
USR001347,2023-08-11,Frequent,West Bengal,25-34,1113
USR001348,2026-02-23,Frequent,Delhi,25-34,186
USR001349,2025-12-10,Power,Uttar Pradesh,35-44,261
USR001350,2023-03-24,New,Uttar Pradesh,45-59,1253
USR001351,2023-01-11,Frequent,West Bengal,35-44,1325
USR001352,2024-12-02,Occasional,West Bengal,35-44,634
USR001353,2026-01-31,Frequent,Rajasthan,18-24,209
USR001354,2023-04-05,Occasional,Gujarat,25-34,1241
USR001355,2023-09-12,New,Gujarat,25-34,1081
USR001356,2023-02-06,Frequent,Maharashtra,25-34,1299
USR001357,2026-03-02,Frequent,Karnataka,35-44,179
USR001358,2024-08-08,Frequent,Maharashtra,35-44,750
USR001359,2025-07-16,Power,Haryana,35-44,408
USR001360,2025-04-05,Frequent,Haryana,25-34,510
USR001361,2025-05-11,Frequent,Haryana,35-44,474
USR001362,2024-08-30,Power,Haryana,35-44,728
USR001363,2025-07-23,New,Rajasthan,18-24,401
USR001364,2026-01-01,Frequent,Haryana,25-34,239
USR001365,2026-03-10,Occasional,Gujarat,25-34,171
USR001366,2024-08-25,New,Rajasthan,45-59,733
USR001367,2026-03-12,Frequent,Tamil Nadu,45-59,169
USR001368,2024-01-25,New,Tamil Nadu,18-24,946
USR001369,2023-10-17,Frequent,Telangana,25-34,1046
USR001370,2026-02-20,Power,Maharashtra,25-34,189
USR001371,2023-02-17,Power,West Bengal,18-24,1288
USR001372,2023-08-30,Frequent,Telangana,60+,1094
USR001373,2023-03-04,Frequent,Delhi,35-44,1273
USR001374,2024-09-25,Frequent,Tamil Nadu,25-34,702
USR001375,2024-03-27,Occasional,Haryana,45-59,884
USR001376,2024-05-14,Power,Rajasthan,18-24,836
USR001377,2026-02-23,Frequent,Uttar Pradesh,35-44,186
USR001378,2024-12-06,Power,Karnataka,60+,630
USR001379,2026-03-05,Frequent,Gujarat,18-24,176
USR001380,2023-10-29,Occasional,Gujarat,25-34,1034
USR001381,2023-10-28,Occasional,Uttar Pradesh,18-24,1035
USR001382,2026-02-01,Occasional,Telangana,25-34,208
USR001383,2023-05-30,Power,Tamil Nadu,18-24,1186
USR001384,2025-09-13,Power,Karnataka,25-34,349
USR001385,2023-10-26,Frequent,Rajasthan,25-34,1037
USR001386,2024-11-20,Power,Karnataka,18-24,646
USR001387,2024-01-29,Frequent,Telangana,25-34,942
USR001388,2024-05-07,Frequent,Uttar Pradesh,35-44,843
USR001389,2024-07-10,Frequent,Maharashtra,35-44,779
USR001390,2023-12-03,Frequent,Tamil Nadu,18-24,999
USR001391,2025-11-18,Occasional,Telangana,45-59,283
USR001392,2025-03-08,New,Maharashtra,18-24,538
USR001393,2025-03-03,Frequent,Karnataka,18-24,543
USR001394,2024-01-31,Power,Gujarat,35-44,940
USR001395,2023-02-22,New,Karnataka,25-34,1283
USR001396,2023-04-25,Frequent,Uttar Pradesh,18-24,1221
USR001397,2023-05-30,Power,Gujarat,18-24,1186
USR001398,2025-04-15,Frequent,Rajasthan,18-24,500
USR001399,2026-04-07,Power,Telangana,25-34,143
USR001400,2023-04-14,Frequent,Tamil Nadu,25-34,1232
USR001401,2024-07-07,New,West Bengal,25-34,782
USR001402,2024-07-30,Occasional,Maharashtra,35-44,759
USR001403,2025-07-08,Power,Telangana,35-44,416
USR001404,2025-04-23,Frequent,Haryana,18-24,492
USR001405,2023-02-09,Frequent,Karnataka,35-44,1296
USR001406,2025-10-04,Frequent,West Bengal,45-59,328
USR001407,2023-04-08,Power,Haryana,25-34,1238
USR001408,2023-05-17,Frequent,Uttar Pradesh,18-24,1199
USR001409,2025-12-09,Frequent,Uttar Pradesh,18-24,262
USR001410,2024-02-04,Occasional,West Bengal,18-24,936
USR001411,2023-09-29,Power,Gujarat,25-34,1064
USR001412,2023-12-17,Occasional,Telangana,18-24,985
USR001413,2026-01-20,Power,West Bengal,18-24,220
USR001414,2023-12-03,Frequent,Karnataka,25-34,999
USR001415,2023-01-01,Occasional,Tamil Nadu,35-44,1335
USR001416,2024-05-02,Power,Gujarat,18-24,848
USR001417,2025-10-12,Frequent,Gujarat,25-34,320
USR001418,2024-01-25,Occasional,Karnataka,45-59,946
USR001419,2026-01-21,Occasional,Uttar Pradesh,25-34,219
USR001420,2023-12-12,Power,Gujarat,18-24,990
USR001421,2025-03-21,Occasional,Maharashtra,60+,525
USR001422,2023-07-13,Occasional,Uttar Pradesh,60+,1142
USR001423,2024-04-29,Frequent,Uttar Pradesh,35-44,851
USR001424,2025-03-26,Frequent,Karnataka,45-59,520
USR001425,2025-08-06,Frequent,West Bengal,25-34,387
USR001426,2023-12-15,Power,Karnataka,18-24,987
USR001427,2023-11-27,Frequent,West Bengal,45-59,1005
USR001428,2026-01-03,Power,Karnataka,25-34,237
USR001429,2024-06-18,Frequent,Telangana,18-24,801
USR001430,2026-01-23,Occasional,West Bengal,35-44,217
USR001431,2025-06-15,Occasional,Telangana,35-44,439
USR001432,2024-04-19,Power,Rajasthan,18-24,861
USR001433,2023-08-24,Power,Delhi,25-34,1100
USR001434,2024-10-14,Occasional,Gujarat,18-24,683
USR001435,2025-07-09,Power,Maharashtra,25-34,415
USR001436,2026-01-20,Frequent,Telangana,25-34,220
USR001437,2023-09-01,Frequent,Maharashtra,25-34,1092
USR001438,2025-10-13,Occasional,Telangana,25-34,319
USR001439,2023-10-28,Power,Maharashtra,25-34,1035
USR001440,2023-01-05,Occasional,Delhi,18-24,1331
USR001441,2023-12-17,Occasional,Gujarat,25-34,985
USR001442,2023-11-23,New,Telangana,25-34,1009
USR001443,2025-01-19,New,Gujarat,25-34,586
USR001444,2025-07-05,Power,Uttar Pradesh,25-34,419
USR001445,2023-11-04,Frequent,Rajasthan,25-34,1028
USR001446,2023-12-23,New,Haryana,18-24,979
USR001447,2026-03-08,Occasional,West Bengal,35-44,173
USR001448,2023-03-22,Frequent,Rajasthan,35-44,1255
USR001449,2024-07-03,Occasional,Haryana,25-34,786
USR001450,2024-08-14,Frequent,Maharashtra,45-59,744
USR001451,2023-09-17,Power,Maharashtra,35-44,1076
USR001452,2023-03-11,Power,Tamil Nadu,25-34,1266
USR001453,2026-01-15,Occasional,Haryana,35-44,225
USR001454,2024-05-28,Frequent,Uttar Pradesh,25-34,822
USR001455,2024-09-02,Power,Gujarat,35-44,725
USR001456,2025-11-14,Frequent,Karnataka,25-34,287
USR001457,2024-08-03,Occasional,Rajasthan,25-34,755
USR001458,2023-03-15,Frequent,West Bengal,18-24,1262
USR001459,2024-01-02,Occasional,Rajasthan,25-34,969
USR001460,2025-03-10,Frequent,Rajasthan,35-44,536
USR001461,2024-01-18,New,Haryana,25-34,953
USR001462,2025-02-18,Frequent,Haryana,18-24,556
USR001463,2025-08-02,Frequent,Rajasthan,25-34,391
USR001464,2026-01-14,New,Haryana,25-34,226
USR001465,2025-06-12,Frequent,Delhi,35-44,442
USR001466,2023-09-23,Occasional,Haryana,18-24,1070
USR001467,2023-03-20,Frequent,Rajasthan,25-34,1257
USR001468,2025-12-09,New,Delhi,25-34,262
USR001469,2024-05-01,Occasional,Uttar Pradesh,45-59,849
USR001470,2025-01-08,Frequent,Telangana,25-34,597
USR001471,2024-11-10,Frequent,Haryana,18-24,656
USR001472,2023-09-13,Occasional,Rajasthan,18-24,1080
USR001473,2024-12-02,Power,Uttar Pradesh,18-24,634
USR001474,2025-12-08,Occasional,Haryana,25-34,263
USR001475,2023-10-15,Occasional,Haryana,18-24,1048
USR001476,2024-05-20,Frequent,Delhi,25-34,830
USR001477,2026-03-25,Power,Telangana,35-44,156
USR001478,2024-03-31,Power,Tamil Nadu,25-34,880
USR001479,2026-03-18,Power,Gujarat,25-34,163
USR001480,2024-06-17,New,Gujarat,18-24,802
USR001481,2024-11-22,Frequent,West Bengal,18-24,644
USR001482,2024-12-04,Occasional,Haryana,18-24,632
USR001483,2024-03-29,Power,Tamil Nadu,25-34,882
USR001484,2025-01-27,New,Rajasthan,18-24,578
USR001485,2025-03-12,Occasional,Maharashtra,45-59,534
USR001486,2025-09-29,Frequent,Telangana,45-59,333
USR001487,2026-02-18,Occasional,Haryana,25-34,191
USR001488,2025-09-25,Frequent,Uttar Pradesh,35-44,337
USR001489,2024-04-04,New,Uttar Pradesh,25-34,876
USR001490,2023-09-03,Power,Rajasthan,35-44,1090
USR001491,2023-06-02,Power,Karnataka,45-59,1183
USR001492,2025-09-18,Occasional,Tamil Nadu,25-34,344
USR001493,2024-11-14,Frequent,Uttar Pradesh,35-44,652
USR001494,2023-06-26,Power,Tamil Nadu,25-34,1159
USR001495,2023-06-30,Occasional,West Bengal,18-24,1155
USR001496,2024-11-02,Occasional,Tamil Nadu,35-44,664
USR001497,2025-01-19,Frequent,Tamil Nadu,35-44,586
USR001498,2025-09-01,Frequent,Rajasthan,18-24,361
USR001499,2025-05-22,Occasional,Gujarat,18-24,463
USR001500,2024-06-28,Power,Delhi,25-34,791
USR001501,2023-08-12,Occasional,Karnataka,18-24,1112
USR001502,2024-12-25,Occasional,Telangana,25-34,611
USR001503,2023-09-07,Frequent,Rajasthan,25-34,1086
USR001504,2023-05-04,Frequent,Delhi,35-44,1212
USR001505,2023-01-14,Occasional,Delhi,18-24,1322
USR001506,2025-11-19,Frequent,Gujarat,25-34,282
USR001507,2023-10-08,Power,Rajasthan,35-44,1055
USR001508,2025-05-26,Occasional,Gujarat,35-44,459
USR001509,2026-04-10,Frequent,West Bengal,25-34,140
USR001510,2024-07-26,Occasional,Delhi,18-24,763
USR001511,2024-11-22,Frequent,Uttar Pradesh,25-34,644
USR001512,2024-11-26,Frequent,Telangana,45-59,640
USR001513,2024-10-11,Frequent,Haryana,18-24,686
USR001514,2025-10-25,New,Haryana,45-59,307
USR001515,2023-06-19,Power,Telangana,60+,1166
USR001516,2023-02-22,New,Maharashtra,45-59,1283
USR001517,2023-03-29,Occasional,Uttar Pradesh,25-34,1248
USR001518,2024-04-15,Frequent,Tamil Nadu,18-24,865
USR001519,2024-04-29,New,Karnataka,35-44,851
USR001520,2024-10-11,New,Maharashtra,25-34,686
USR001521,2025-09-11,New,Tamil Nadu,25-34,351
USR001522,2025-05-21,Frequent,Delhi,25-34,464
USR001523,2024-08-04,Occasional,Rajasthan,25-34,754
USR001524,2025-02-23,Occasional,Haryana,60+,551
USR001525,2025-10-01,New,Tamil Nadu,25-34,331
USR001526,2025-06-22,Frequent,Uttar Pradesh,25-34,432
USR001527,2023-11-03,Frequent,Delhi,25-34,1029
USR001528,2025-11-21,Power,Delhi,45-59,280
USR001529,2024-08-12,Occasional,Karnataka,25-34,746
USR001530,2023-12-21,Frequent,Karnataka,35-44,981
USR001531,2024-01-25,Power,Delhi,18-24,946
USR001532,2023-10-21,Power,Maharashtra,25-34,1042
USR001533,2023-07-09,New,Maharashtra,45-59,1146
USR001534,2025-11-30,Occasional,Uttar Pradesh,25-34,271
USR001535,2024-02-22,Frequent,West Bengal,25-34,918
USR001536,2025-12-26,Occasional,West Bengal,25-34,245
USR001537,2023-06-28,Frequent,Delhi,35-44,1157
USR001538,2024-12-17,Frequent,Gujarat,18-24,619
USR001539,2025-01-13,Frequent,Uttar Pradesh,25-34,592
USR001540,2025-02-15,Occasional,Haryana,45-59,559
USR001541,2024-10-28,New,Karnataka,25-34,669
USR001542,2025-07-17,Occasional,Rajasthan,18-24,407
USR001543,2023-07-29,Occasional,Rajasthan,35-44,1126
USR001544,2025-06-19,Power,West Bengal,18-24,435
USR001545,2025-07-25,Frequent,Tamil Nadu,25-34,399
USR001546,2024-03-20,Power,Haryana,45-59,891
USR001547,2023-03-01,Occasional,Delhi,18-24,1276
USR001548,2026-03-06,Power,Tamil Nadu,35-44,175
USR001549,2023-12-17,Power,Telangana,35-44,985
USR001550,2026-04-13,New,Uttar Pradesh,18-24,137
USR001551,2026-02-01,New,Delhi,25-34,208
USR001552,2025-01-14,Frequent,Tamil Nadu,35-44,591
USR001553,2026-01-11,Occasional,Rajasthan,45-59,229
USR001554,2024-06-30,Occasional,West Bengal,35-44,789
USR001555,2025-08-06,Frequent,West Bengal,18-24,387
USR001556,2025-03-16,Occasional,Maharashtra,25-34,530
USR001557,2024-06-18,Power,Haryana,35-44,801
USR001558,2025-10-17,Frequent,Karnataka,18-24,315
USR001559,2025-07-04,Frequent,Haryana,25-34,420
USR001560,2024-01-18,Frequent,West Bengal,18-24,953
USR001561,2023-04-24,Occasional,Haryana,25-34,1222
USR001562,2025-12-15,Power,Karnataka,18-24,256
USR001563,2024-10-31,New,Rajasthan,45-59,666
USR001564,2025-11-28,Occasional,Delhi,18-24,273
USR001565,2023-07-21,New,Gujarat,25-34,1134
USR001566,2023-04-22,Frequent,Delhi,18-24,1224
USR001567,2023-04-02,Occasional,Rajasthan,25-34,1244
USR001568,2025-08-11,Frequent,Rajasthan,35-44,382
USR001569,2025-06-16,Occasional,Tamil Nadu,25-34,438
USR001570,2025-02-01,Frequent,Gujarat,18-24,573
USR001571,2025-12-31,Occasional,Maharashtra,35-44,240
USR001572,2023-03-24,Occasional,Uttar Pradesh,60+,1253
USR001573,2024-04-28,Power,Karnataka,35-44,852
USR001574,2026-03-21,Occasional,West Bengal,18-24,160
USR001575,2023-11-30,Power,Haryana,45-59,1002
USR001576,2023-07-11,New,Delhi,25-34,1144
USR001577,2023-12-09,Frequent,Haryana,35-44,993
USR001578,2023-02-19,New,Tamil Nadu,25-34,1286
USR001579,2025-11-13,Occasional,Haryana,35-44,288
USR001580,2023-01-11,Frequent,West Bengal,18-24,1325
USR001581,2025-10-20,New,Karnataka,18-24,312
USR001582,2023-04-10,Frequent,Delhi,18-24,1236
USR001583,2023-11-19,New,West Bengal,25-34,1013
USR001584,2023-10-13,New,Haryana,35-44,1050
USR001585,2023-07-02,New,Telangana,25-34,1153
USR001586,2023-09-23,Power,Maharashtra,18-24,1070
USR001587,2023-03-07,Occasional,Gujarat,25-34,1270
USR001588,2025-12-19,Frequent,Tamil Nadu,18-24,252
USR001589,2024-03-14,New,Haryana,18-24,897
USR001590,2025-02-17,Occasional,Rajasthan,18-24,557
USR001591,2024-01-02,Frequent,Uttar Pradesh,35-44,969
USR001592,2023-08-01,New,Uttar Pradesh,18-24,1123
USR001593,2023-07-04,Occasional,Rajasthan,25-34,1151
USR001594,2025-12-10,New,Gujarat,35-44,261
USR001595,2026-03-26,Frequent,Delhi,18-24,155
USR001596,2024-08-10,Occasional,Maharashtra,35-44,748
USR001597,2024-02-01,Frequent,Gujarat,60+,939
USR001598,2024-12-17,Frequent,Karnataka,35-44,619
USR001599,2023-01-03,Power,Tamil Nadu,35-44,1333
USR001600,2026-03-11,Frequent,Delhi,35-44,170
USR001601,2026-04-09,Frequent,Maharashtra,35-44,141
USR001602,2024-04-13,Power,Karnataka,18-24,867
USR001603,2024-01-26,Occasional,Gujarat,25-34,945
USR001604,2026-01-10,Occasional,Uttar Pradesh,35-44,230
USR001605,2023-09-24,Occasional,Maharashtra,18-24,1069
USR001606,2023-06-03,Power,Delhi,18-24,1182
USR001607,2025-09-13,Power,Telangana,18-24,349
USR001608,2023-11-28,Frequent,Rajasthan,25-34,1004
USR001609,2023-05-04,Occasional,Haryana,18-24,1212
USR001610,2023-06-24,Occasional,Haryana,18-24,1161
USR001611,2024-04-12,New,Uttar Pradesh,25-34,868
USR001612,2023-08-08,Occasional,Uttar Pradesh,45-59,1116
USR001613,2023-11-21,Power,Maharashtra,18-24,1011
USR001614,2024-08-07,New,Maharashtra,18-24,751
USR001615,2025-01-13,Power,Telangana,45-59,592
USR001616,2026-03-01,Power,West Bengal,25-34,180
USR001617,2024-09-23,Frequent,Gujarat,25-34,704
USR001618,2024-12-13,Occasional,Telangana,35-44,623
USR001619,2024-05-19,Occasional,Karnataka,18-24,831
USR001620,2024-05-29,Frequent,Maharashtra,18-24,821
USR001621,2026-02-10,New,Karnataka,35-44,199
USR001622,2025-11-19,New,Tamil Nadu,18-24,282
USR001623,2025-04-24,Frequent,Karnataka,25-34,491
USR001624,2024-07-19,Frequent,Karnataka,25-34,770
USR001625,2025-05-17,Frequent,Rajasthan,18-24,468
USR001626,2023-07-19,Power,Gujarat,25-34,1136
USR001627,2023-10-31,Frequent,Karnataka,60+,1032
USR001628,2023-05-05,Frequent,Tamil Nadu,25-34,1211
USR001629,2025-04-16,Frequent,Tamil Nadu,18-24,499
USR001630,2024-04-14,Occasional,Maharashtra,35-44,866
USR001631,2024-08-12,Occasional,Rajasthan,45-59,746
USR001632,2025-10-04,Occasional,Telangana,18-24,328
USR001633,2024-02-07,New,Haryana,25-34,933
USR001634,2024-12-15,Frequent,Rajasthan,25-34,621
USR001635,2025-07-04,Occasional,Telangana,25-34,420
USR001636,2025-10-13,New,Karnataka,25-34,319
USR001637,2024-11-14,Occasional,Tamil Nadu,25-34,652
USR001638,2023-11-17,Power,West Bengal,45-59,1015
USR001639,2025-06-14,Power,Telangana,35-44,440
USR001640,2023-06-11,Occasional,Karnataka,25-34,1174
USR001641,2023-10-11,Frequent,West Bengal,18-24,1052
USR001642,2023-04-28,Power,Telangana,25-34,1218
USR001643,2023-07-25,Occasional,Gujarat,25-34,1130
USR001644,2023-02-21,Frequent,Karnataka,18-24,1284
USR001645,2025-09-21,Frequent,Karnataka,45-59,341
USR001646,2023-03-18,New,Uttar Pradesh,25-34,1259
USR001647,2026-01-18,Frequent,Rajasthan,18-24,222
USR001648,2026-02-26,Frequent,Uttar Pradesh,25-34,183
USR001649,2024-10-07,Occasional,Karnataka,25-34,690
USR001650,2023-12-19,New,Haryana,25-34,983
USR001651,2023-03-19,Power,Uttar Pradesh,25-34,1258
USR001652,2025-10-14,Power,Telangana,35-44,318
USR001653,2025-12-19,Power,Tamil Nadu,25-34,252
USR001654,2024-02-11,Frequent,West Bengal,25-34,929
USR001655,2025-04-29,Occasional,Rajasthan,35-44,486
USR001656,2023-07-29,Occasional,Telangana,45-59,1126
USR001657,2023-11-01,Occasional,Uttar Pradesh,45-59,1031
USR001658,2025-09-20,Frequent,Uttar Pradesh,18-24,342
USR001659,2023-12-23,Frequent,Telangana,18-24,979
USR001660,2025-11-21,Frequent,Haryana,18-24,280
USR001661,2026-03-10,Power,Haryana,25-34,171
USR001662,2023-01-31,New,Uttar Pradesh,18-24,1305
USR001663,2025-06-01,Power,Delhi,18-24,453
USR001664,2025-08-14,New,West Bengal,35-44,379
USR001665,2026-01-12,Power,Karnataka,18-24,228
USR001666,2023-04-23,Power,Maharashtra,25-34,1223
USR001667,2024-06-15,New,Rajasthan,45-59,804
USR001668,2023-06-21,Occasional,Haryana,25-34,1164
USR001669,2025-10-30,Power,Haryana,25-34,302
USR001670,2023-10-28,Power,Karnataka,60+,1035
USR001671,2023-02-15,Frequent,Rajasthan,25-34,1290
USR001672,2024-08-16,Power,Rajasthan,18-24,742
USR001673,2023-05-25,Power,Telangana,45-59,1191
USR001674,2024-09-14,Frequent,Delhi,35-44,713
USR001675,2025-07-13,Power,Gujarat,25-34,411
USR001676,2024-04-22,Frequent,West Bengal,60+,858
USR001677,2025-02-04,Occasional,Maharashtra,25-34,570
USR001678,2023-05-07,Power,Uttar Pradesh,25-34,1209
USR001679,2025-05-07,Frequent,West Bengal,25-34,478
USR001680,2024-01-04,Power,Telangana,25-34,967
USR001681,2024-09-05,Frequent,Karnataka,35-44,722
USR001682,2023-06-22,Power,Rajasthan,45-59,1163
USR001683,2024-07-07,Frequent,Haryana,25-34,782
USR001684,2026-02-20,Power,Delhi,25-34,189
USR001685,2025-03-14,Frequent,West Bengal,25-34,532
USR001686,2023-04-13,Occasional,Haryana,25-34,1233
USR001687,2023-08-30,Occasional,Karnataka,35-44,1094
USR001688,2025-05-17,New,Telangana,18-24,468
USR001689,2026-02-04,Frequent,Delhi,25-34,205
USR001690,2026-02-06,Frequent,Gujarat,35-44,203
USR001691,2024-12-26,New,West Bengal,25-34,610
USR001692,2025-03-26,Occasional,Maharashtra,45-59,520
USR001693,2025-05-13,Frequent,Uttar Pradesh,35-44,472
USR001694,2025-02-09,Occasional,Tamil Nadu,35-44,565
USR001695,2025-05-29,New,West Bengal,25-34,456
USR001696,2023-11-07,New,Maharashtra,18-24,1025
USR001697,2024-11-23,New,Delhi,18-24,643
USR001698,2024-12-29,Frequent,Tamil Nadu,35-44,607
USR001699,2025-04-12,Occasional,Rajasthan,18-24,503
USR001700,2025-10-26,Power,Tamil Nadu,18-24,306
USR001701,2025-03-30,Frequent,Rajasthan,18-24,516
USR001702,2023-03-26,Power,Delhi,60+,1251
USR001703,2025-03-20,Frequent,Rajasthan,25-34,526
USR001704,2026-03-25,New,Maharashtra,25-34,156
USR001705,2023-05-10,New,Karnataka,18-24,1206
USR001706,2023-08-20,Frequent,Tamil Nadu,25-34,1104
USR001707,2023-12-01,Power,Tamil Nadu,35-44,1001
USR001708,2023-08-10,Occasional,West Bengal,35-44,1114
USR001709,2023-01-01,Occasional,Tamil Nadu,18-24,1335
USR001710,2024-06-05,Occasional,Rajasthan,18-24,814
USR001711,2024-11-11,Frequent,Maharashtra,45-59,655
USR001712,2025-01-07,Power,Uttar Pradesh,35-44,598
USR001713,2025-10-11,New,Karnataka,25-34,321
USR001714,2025-05-28,Occasional,Maharashtra,35-44,457
USR001715,2024-08-15,Occasional,Haryana,25-34,743
USR001716,2023-05-10,Frequent,West Bengal,45-59,1206
USR001717,2023-05-14,Frequent,Delhi,35-44,1202
USR001718,2026-01-07,Frequent,Rajasthan,25-34,233
USR001719,2026-01-24,Frequent,Maharashtra,35-44,216
USR001720,2025-08-03,Power,Delhi,18-24,390
USR001721,2023-06-13,Occasional,Telangana,25-34,1172
USR001722,2023-08-03,Frequent,Gujarat,25-34,1121
USR001723,2025-03-18,Frequent,Uttar Pradesh,25-34,528
USR001724,2026-01-07,Frequent,Tamil Nadu,25-34,233
USR001725,2026-04-06,Occasional,Haryana,25-34,144
USR001726,2024-09-30,Power,Telangana,25-34,697
USR001727,2023-07-04,Occasional,Haryana,18-24,1151
USR001728,2024-10-04,Power,Maharashtra,18-24,693
USR001729,2023-10-04,Frequent,Delhi,18-24,1059
USR001730,2025-09-05,Power,Tamil Nadu,25-34,357
USR001731,2025-02-20,Power,Maharashtra,25-34,554
USR001732,2023-05-25,Frequent,Telangana,25-34,1191
USR001733,2023-05-07,Occasional,Haryana,25-34,1209
USR001734,2026-02-11,Power,Tamil Nadu,25-34,198
USR001735,2024-05-24,Occasional,Delhi,18-24,826
USR001736,2026-04-01,Occasional,Gujarat,25-34,149
USR001737,2025-02-15,Frequent,Maharashtra,18-24,559
USR001738,2026-03-18,Occasional,Delhi,18-24,163
USR001739,2026-04-03,Occasional,Maharashtra,18-24,147
USR001740,2025-02-09,Power,Uttar Pradesh,35-44,565
USR001741,2026-02-14,Frequent,Telangana,25-34,195
USR001742,2023-04-13,Occasional,Telangana,18-24,1233
USR001743,2023-01-30,Power,Uttar Pradesh,25-34,1306
USR001744,2025-01-15,Frequent,West Bengal,25-34,590
USR001745,2023-03-01,Frequent,Uttar Pradesh,35-44,1276
USR001746,2024-03-28,Occasional,Rajasthan,35-44,883
USR001747,2023-03-01,Occasional,Tamil Nadu,35-44,1276
USR001748,2025-01-26,Occasional,Telangana,35-44,579
USR001749,2023-09-25,Power,Delhi,35-44,1068
USR001750,2024-11-20,Frequent,Maharashtra,18-24,646
USR001751,2024-11-15,Frequent,Gujarat,18-24,651
USR001752,2023-04-20,New,Telangana,18-24,1226
USR001753,2024-01-18,New,Delhi,18-24,953
USR001754,2025-07-14,Occasional,West Bengal,25-34,410
USR001755,2025-08-28,Occasional,Delhi,35-44,365
USR001756,2023-05-18,Occasional,Karnataka,18-24,1198
USR001757,2024-07-29,Frequent,Karnataka,18-24,760
USR001758,2025-10-27,Power,Uttar Pradesh,25-34,305
USR001759,2025-11-24,Frequent,Maharashtra,18-24,277
USR001760,2026-01-04,New,West Bengal,25-34,236
USR001761,2025-03-22,Frequent,West Bengal,60+,524
USR001762,2023-09-19,Occasional,Karnataka,18-24,1074
USR001763,2025-01-03,Occasional,Maharashtra,45-59,602
USR001764,2024-07-13,Occasional,Telangana,35-44,776
USR001765,2023-12-03,Frequent,Telangana,18-24,999
USR001766,2023-08-16,Power,Maharashtra,18-24,1108
USR001767,2024-05-29,Occasional,West Bengal,25-34,821
USR001768,2025-05-30,Occasional,Haryana,35-44,455
USR001769,2025-12-26,New,Rajasthan,25-34,245
USR001770,2023-12-12,Occasional,Uttar Pradesh,45-59,990
USR001771,2023-12-25,Occasional,Karnataka,25-34,977
USR001772,2024-04-21,Frequent,Uttar Pradesh,25-34,859
USR001773,2024-07-03,New,Telangana,18-24,786
USR001774,2025-01-22,Occasional,West Bengal,25-34,583
USR001775,2023-10-26,Power,Karnataka,18-24,1037
USR001776,2024-02-01,Occasional,West Bengal,18-24,939
USR001777,2026-01-05,Frequent,West Bengal,25-34,235
USR001778,2023-06-23,Frequent,Telangana,35-44,1162
USR001779,2024-05-12,Frequent,Delhi,25-34,838
USR001780,2023-03-04,Occasional,Rajasthan,25-34,1273
USR001781,2023-12-14,Power,West Bengal,25-34,988
USR001782,2023-01-26,Frequent,Maharashtra,35-44,1310
USR001783,2023-05-18,Frequent,Telangana,45-59,1198
USR001784,2023-03-27,Occasional,Tamil Nadu,18-24,1250
USR001785,2024-04-15,Occasional,Rajasthan,25-34,865
USR001786,2023-10-24,Occasional,Tamil Nadu,25-34,1039
USR001787,2024-04-15,Power,Maharashtra,18-24,865
USR001788,2023-08-01,Frequent,Telangana,25-34,1123
USR001789,2025-10-31,Occasional,Karnataka,35-44,301
USR001790,2024-12-08,Power,Uttar Pradesh,18-24,628
USR001791,2025-01-06,Occasional,Telangana,18-24,599
USR001792,2025-12-24,Occasional,Rajasthan,35-44,247
USR001793,2023-05-16,Frequent,Haryana,18-24,1200
USR001794,2026-02-05,New,Gujarat,18-24,204
USR001795,2023-09-10,New,West Bengal,45-59,1083
USR001796,2025-11-15,Frequent,Rajasthan,35-44,286
USR001797,2026-03-09,Frequent,Haryana,25-34,172
USR001798,2023-11-14,Power,Haryana,18-24,1018
USR001799,2024-10-06,Frequent,Delhi,35-44,691
USR001800,2023-08-03,Occasional,West Bengal,25-34,1121
USR001801,2024-06-03,Occasional,Maharashtra,35-44,816
USR001802,2026-01-11,Frequent,Telangana,35-44,229
USR001803,2023-12-25,Occasional,Tamil Nadu,35-44,977
USR001804,2024-04-08,Frequent,Delhi,25-34,872
USR001805,2024-05-02,Frequent,Karnataka,18-24,848
USR001806,2023-08-19,Power,Rajasthan,25-34,1105
USR001807,2025-03-13,Power,Delhi,45-59,533
USR001808,2026-03-06,Occasional,Delhi,25-34,175
USR001809,2025-11-20,Power,Haryana,25-34,281
USR001810,2024-03-10,Occasional,Karnataka,18-24,901
USR001811,2023-08-28,New,Tamil Nadu,18-24,1096
USR001812,2023-01-05,New,Rajasthan,25-34,1331
USR001813,2025-06-07,Occasional,Maharashtra,45-59,447
USR001814,2025-11-06,Power,Haryana,25-34,295
USR001815,2026-02-17,Power,West Bengal,35-44,192
USR001816,2023-09-07,New,Karnataka,35-44,1086
USR001817,2024-01-23,Occasional,Karnataka,18-24,948
USR001818,2024-04-26,Power,Uttar Pradesh,45-59,854
USR001819,2024-05-14,Frequent,Karnataka,25-34,836
USR001820,2023-04-08,Frequent,Uttar Pradesh,25-34,1238
USR001821,2026-02-01,Frequent,Tamil Nadu,25-34,208
USR001822,2025-04-16,Power,Haryana,25-34,499
USR001823,2023-07-20,New,Tamil Nadu,35-44,1135
USR001824,2023-02-04,Frequent,Telangana,45-59,1301
USR001825,2023-01-08,Occasional,Uttar Pradesh,45-59,1328
USR001826,2025-02-15,Occasional,Karnataka,25-34,559
USR001827,2023-04-05,Occasional,Telangana,25-34,1241
USR001828,2023-07-08,New,Telangana,45-59,1147
USR001829,2024-09-04,Power,Karnataka,35-44,723
USR001830,2024-04-05,Power,Maharashtra,35-44,875
USR001831,2026-01-14,Occasional,Telangana,25-34,226
USR001832,2024-07-04,Frequent,West Bengal,18-24,785
USR001833,2023-01-31,Occasional,Rajasthan,35-44,1305
USR001834,2025-05-30,Occasional,Tamil Nadu,18-24,455
USR001835,2023-10-16,Occasional,Haryana,25-34,1047
USR001836,2025-04-09,Occasional,Haryana,25-34,506
USR001837,2023-02-01,Frequent,Rajasthan,25-34,1304
USR001838,2026-02-11,Frequent,Haryana,18-24,198
USR001839,2025-12-19,Power,West Bengal,35-44,252
USR001840,2023-05-29,Occasional,Gujarat,35-44,1187
USR001841,2025-05-28,Occasional,West Bengal,35-44,457
USR001842,2026-03-12,Frequent,Telangana,18-24,169
USR001843,2024-04-29,New,Karnataka,18-24,851
USR001844,2025-01-04,Frequent,Rajasthan,25-34,601
USR001845,2024-01-18,Occasional,Uttar Pradesh,60+,953
USR001846,2026-02-07,Power,Haryana,25-34,202
USR001847,2023-10-13,Power,West Bengal,25-34,1050
USR001848,2025-11-11,Occasional,Karnataka,25-34,290
USR001849,2025-07-24,Occasional,Karnataka,25-34,400
USR001850,2023-10-10,Frequent,Telangana,25-34,1053
USR001851,2023-06-02,New,Rajasthan,18-24,1183
USR001852,2023-07-08,Frequent,Haryana,25-34,1147
USR001853,2023-10-10,Occasional,Delhi,18-24,1053
USR001854,2025-09-04,Occasional,Haryana,18-24,358
USR001855,2023-04-20,Power,Uttar Pradesh,35-44,1226
USR001856,2025-01-20,Occasional,Delhi,18-24,585
USR001857,2026-02-07,Occasional,Uttar Pradesh,25-34,202
USR001858,2023-04-03,Occasional,Rajasthan,18-24,1243
USR001859,2026-03-29,New,Gujarat,25-34,152
USR001860,2023-01-01,Frequent,Maharashtra,45-59,1335
USR001861,2023-04-12,New,Telangana,18-24,1234
USR001862,2024-12-01,Occasional,Maharashtra,25-34,635
USR001863,2024-03-08,Power,Uttar Pradesh,35-44,903
USR001864,2025-08-20,Power,Rajasthan,18-24,373
USR001865,2026-02-20,Frequent,Uttar Pradesh,18-24,189
USR001866,2023-07-02,Frequent,Rajasthan,18-24,1153
USR001867,2024-06-20,Frequent,Tamil Nadu,18-24,799
USR001868,2025-05-09,New,Rajasthan,45-59,476
USR001869,2025-02-03,New,Karnataka,18-24,571
USR001870,2024-12-20,Power,Maharashtra,18-24,616
USR001871,2026-03-22,Occasional,Maharashtra,25-34,159
USR001872,2025-08-07,Power,Karnataka,60+,386
USR001873,2023-06-26,Occasional,Telangana,18-24,1159
USR001874,2023-03-31,Frequent,Tamil Nadu,45-59,1246
USR001875,2025-06-21,New,Haryana,18-24,433
USR001876,2023-03-31,New,Karnataka,35-44,1246
USR001877,2024-10-04,Frequent,Maharashtra,45-59,693
USR001878,2024-06-09,Power,Karnataka,35-44,810
USR001879,2026-03-21,Frequent,Rajasthan,35-44,160
USR001880,2024-08-23,Occasional,Delhi,35-44,735
USR001881,2025-12-04,Frequent,Haryana,25-34,267
USR001882,2024-03-12,Power,Telangana,25-34,899
USR001883,2024-06-10,Occasional,West Bengal,35-44,809
USR001884,2025-04-26,Power,Karnataka,45-59,489
USR001885,2025-11-20,Power,West Bengal,18-24,281
USR001886,2024-09-28,Power,Karnataka,18-24,699
USR001887,2023-05-25,New,Gujarat,18-24,1191
USR001888,2024-12-21,Frequent,Haryana,25-34,615
USR001889,2024-01-11,New,Uttar Pradesh,18-24,960
USR001890,2025-01-07,Occasional,Rajasthan,35-44,598
USR001891,2024-05-10,Occasional,Delhi,25-34,840
USR001892,2023-05-04,Occasional,Uttar Pradesh,60+,1212
USR001893,2025-06-10,New,Telangana,25-34,444
USR001894,2026-01-27,Occasional,Uttar Pradesh,45-59,213
USR001895,2026-01-14,Frequent,Rajasthan,25-34,226
USR001896,2023-12-29,Occasional,Tamil Nadu,25-34,973
USR001897,2024-09-02,Occasional,Delhi,25-34,725
USR001898,2024-11-08,Occasional,West Bengal,35-44,658
USR001899,2024-07-20,Frequent,Telangana,25-34,769
USR001900,2024-11-18,Occasional,Gujarat,45-59,648
USR001901,2023-11-23,Occasional,Delhi,35-44,1009
USR001902,2023-01-20,Frequent,Rajasthan,45-59,1316
USR001903,2024-10-26,New,West Bengal,25-34,671
USR001904,2024-09-25,Frequent,Haryana,18-24,702
USR001905,2024-04-23,New,Karnataka,60+,857
USR001906,2025-08-05,Frequent,Telangana,18-24,388
USR001907,2023-02-09,New,Uttar Pradesh,35-44,1296
USR001908,2025-06-30,Frequent,Maharashtra,25-34,424
USR001909,2023-12-29,Occasional,Maharashtra,25-34,973
USR001910,2025-01-29,Power,Gujarat,35-44,576
USR001911,2024-07-02,Frequent,Karnataka,25-34,787
USR001912,2023-01-02,Power,Delhi,18-24,1334
USR001913,2024-10-04,Frequent,Haryana,25-34,693
USR001914,2023-05-02,New,Telangana,35-44,1214
USR001915,2023-04-14,New,Karnataka,25-34,1232
USR001916,2024-01-10,Power,Gujarat,45-59,961
USR001917,2024-06-15,Occasional,Haryana,25-34,804
USR001918,2025-06-16,Occasional,West Bengal,18-24,438
USR001919,2025-06-26,Frequent,Delhi,25-34,428
USR001920,2026-02-01,New,Gujarat,35-44,208
USR001921,2025-01-19,Frequent,Tamil Nadu,25-34,586
USR001922,2023-05-15,New,Telangana,18-24,1201
USR001923,2024-03-18,Power,Maharashtra,18-24,893
USR001924,2026-03-31,New,Uttar Pradesh,25-34,150
USR001925,2023-03-06,Power,Telangana,18-24,1271
USR001926,2024-08-05,New,Rajasthan,18-24,753
USR001927,2023-07-12,Power,Gujarat,45-59,1143
USR001928,2023-12-23,Power,Gujarat,25-34,979
USR001929,2024-05-13,Power,Haryana,25-34,837
USR001930,2023-04-04,Occasional,Karnataka,18-24,1242
USR001931,2025-04-14,Power,Haryana,45-59,501
USR001932,2023-01-27,Frequent,Telangana,25-34,1309
USR001933,2026-01-26,New,Rajasthan,25-34,214
USR001934,2025-06-18,Frequent,Maharashtra,35-44,436
USR001935,2024-05-09,Power,Rajasthan,18-24,841
USR001936,2023-09-14,Frequent,Tamil Nadu,25-34,1079
USR001937,2026-03-13,Power,Uttar Pradesh,25-34,168
USR001938,2025-02-06,Power,Maharashtra,18-24,568
USR001939,2025-10-02,Frequent,Delhi,25-34,330
USR001940,2023-01-17,Occasional,Gujarat,35-44,1319
USR001941,2023-05-30,Frequent,Telangana,25-34,1186
USR001942,2023-09-24,Power,Delhi,18-24,1069
USR001943,2025-07-29,Frequent,Delhi,25-34,395
USR001944,2024-01-18,Frequent,Haryana,35-44,953
USR001945,2023-11-03,Occasional,Tamil Nadu,25-34,1029
USR001946,2023-07-15,New,Maharashtra,25-34,1140
USR001947,2025-05-13,Power,Maharashtra,25-34,472
USR001948,2023-01-12,Frequent,Rajasthan,25-34,1324
USR001949,2025-04-27,Frequent,Tamil Nadu,18-24,488
USR001950,2023-08-27,New,Telangana,25-34,1097
USR001951,2023-10-06,Frequent,Maharashtra,18-24,1057
USR001952,2024-11-16,Power,West Bengal,25-34,650
USR001953,2026-02-26,Frequent,Rajasthan,25-34,183
USR001954,2026-03-04,Power,Karnataka,18-24,177
USR001955,2025-05-17,Occasional,Telangana,18-24,468
USR001956,2024-05-07,Occasional,Delhi,35-44,843
USR001957,2023-10-17,Frequent,Gujarat,25-34,1046
USR001958,2023-06-09,Occasional,West Bengal,45-59,1176
USR001959,2023-09-16,New,West Bengal,18-24,1077
USR001960,2024-12-06,Power,Tamil Nadu,35-44,630
USR001961,2026-02-01,New,Tamil Nadu,25-34,208
USR001962,2023-12-11,New,Haryana,35-44,991
USR001963,2023-12-17,New,Rajasthan,35-44,985
USR001964,2025-12-05,Frequent,West Bengal,35-44,266
USR001965,2025-01-19,Frequent,Telangana,18-24,586
USR001966,2023-08-18,Frequent,Tamil Nadu,25-34,1106
USR001967,2024-11-11,Frequent,Karnataka,35-44,655
USR001968,2024-10-02,Frequent,West Bengal,25-34,695
USR001969,2025-08-21,Occasional,Karnataka,25-34,372
USR001970,2025-11-24,New,Maharashtra,35-44,277
USR001971,2024-11-26,Power,West Bengal,25-34,640
USR001972,2024-03-18,New,Telangana,25-34,893
USR001973,2023-11-13,Frequent,Haryana,25-34,1019
USR001974,2023-12-20,Power,Uttar Pradesh,25-34,982
USR001975,2024-09-28,Power,Karnataka,60+,699
USR001976,2023-10-10,Occasional,West Bengal,18-24,1053
USR001977,2023-04-21,Occasional,Tamil Nadu,25-34,1225
USR001978,2026-01-04,New,Tamil Nadu,18-24,236
USR001979,2023-11-15,New,Karnataka,18-24,1017
USR001980,2025-09-24,Power,Tamil Nadu,35-44,338
USR001981,2025-12-10,Frequent,Karnataka,25-34,261
USR001982,2025-01-07,Frequent,Tamil Nadu,35-44,598
USR001983,2023-09-17,Frequent,Maharashtra,18-24,1076
USR001984,2024-03-01,Power,Uttar Pradesh,45-59,910
USR001985,2023-11-02,Occasional,Delhi,18-24,1030
USR001986,2025-06-17,Frequent,Delhi,25-34,437
USR001987,2023-07-31,Occasional,Tamil Nadu,18-24,1124
USR001988,2023-09-25,Frequent,Telangana,25-34,1068
USR001989,2023-04-07,Occasional,Telangana,18-24,1239
USR001990,2023-04-28,Occasional,Haryana,18-24,1218
USR001991,2025-06-20,Frequent,Gujarat,25-34,434
USR001992,2026-04-12,New,Rajasthan,18-24,138
USR001993,2023-05-26,Frequent,Delhi,60+,1190
USR001994,2023-07-03,Occasional,Karnataka,25-34,1152
USR001995,2025-02-13,Power,Maharashtra,35-44,561
USR001996,2023-11-22,Frequent,Rajasthan,18-24,1010
USR001997,2023-03-01,Occasional,Rajasthan,35-44,1276
USR001998,2023-05-17,Frequent,Telangana,18-24,1199
USR001999,2026-03-08,New,Tamil Nadu,45-59,173
USR002000,2025-05-09,Frequent,Rajasthan,18-24,476
USR002001,2025-04-11,Frequent,Gujarat,45-59,504
USR002002,2025-05-05,Power,Telangana,25-34,480
USR002003,2023-03-25,Occasional,Telangana,45-59,1252
USR002004,2023-06-22,Frequent,Telangana,25-34,1163
USR002005,2023-05-04,Occasional,Uttar Pradesh,35-44,1212
USR002006,2024-06-05,Occasional,Maharashtra,25-34,814
USR002007,2025-06-02,Occasional,Tamil Nadu,25-34,452
USR002008,2024-01-22,Frequent,Haryana,25-34,949
USR002009,2023-01-18,Occasional,Haryana,25-34,1318
USR002010,2025-07-18,Occasional,Delhi,25-34,406
USR002011,2025-06-07,Power,Karnataka,18-24,447
USR002012,2023-10-28,Occasional,Telangana,25-34,1035
USR002013,2024-12-04,Power,Rajasthan,25-34,632
USR002014,2024-06-29,Frequent,Karnataka,25-34,790
USR002015,2025-11-17,Frequent,Maharashtra,25-34,284
USR002016,2025-10-06,Power,Haryana,45-59,326
USR002017,2023-07-20,Frequent,Telangana,18-24,1135
USR002018,2024-05-06,Frequent,Karnataka,25-34,844
USR002019,2026-03-15,Frequent,Uttar Pradesh,18-24,166
USR002020,2026-02-20,Occasional,Tamil Nadu,45-59,189
USR002021,2024-07-30,Power,Delhi,45-59,759
USR002022,2023-04-28,Occasional,Tamil Nadu,18-24,1218
USR002023,2024-06-17,Power,Maharashtra,35-44,802
USR002024,2024-05-08,New,Gujarat,35-44,842
USR002025,2025-12-19,Frequent,Maharashtra,25-34,252
USR002026,2024-06-30,Occasional,West Bengal,35-44,789
USR002027,2025-03-10,Power,Haryana,25-34,536
USR002028,2025-10-19,Occasional,West Bengal,25-34,313
USR002029,2024-07-03,Frequent,Gujarat,45-59,786
USR002030,2025-01-08,Power,Telangana,25-34,597
USR002031,2025-08-25,Power,Uttar Pradesh,25-34,368
USR002032,2025-10-26,Occasional,Karnataka,25-34,306
USR002033,2024-07-28,New,Delhi,25-34,761
USR002034,2025-01-27,New,Maharashtra,25-34,578
USR002035,2024-09-19,Frequent,Gujarat,18-24,708
USR002036,2025-03-28,Frequent,Gujarat,35-44,518
USR002037,2025-01-30,Frequent,Telangana,25-34,575
USR002038,2025-07-03,Occasional,Tamil Nadu,18-24,421
USR002039,2024-07-19,New,Gujarat,35-44,770
USR002040,2023-09-01,Occasional,Telangana,18-24,1092
USR002041,2024-08-08,New,Uttar Pradesh,25-34,750
USR002042,2026-04-10,Occasional,Delhi,45-59,140
USR002043,2023-08-27,Occasional,Gujarat,45-59,1097
USR002044,2024-03-13,Frequent,Maharashtra,25-34,898
USR002045,2025-04-25,Occasional,West Bengal,18-24,490
USR002046,2023-02-07,New,Karnataka,25-34,1298
USR002047,2025-12-23,Power,Delhi,18-24,248
USR002048,2023-09-04,New,Rajasthan,25-34,1089
USR002049,2026-02-14,Occasional,Delhi,18-24,195
USR002050,2024-07-26,Frequent,Delhi,25-34,763
USR002051,2025-11-01,Frequent,Uttar Pradesh,18-24,300
USR002052,2025-10-17,New,West Bengal,18-24,315
USR002053,2023-12-02,Power,Maharashtra,25-34,1000
USR002054,2025-04-21,Frequent,Delhi,18-24,494
USR002055,2025-06-29,Frequent,Delhi,25-34,425
USR002056,2025-03-30,Frequent,Telangana,18-24,516
USR002057,2025-08-16,New,Uttar Pradesh,45-59,377
USR002058,2023-04-06,Power,Gujarat,35-44,1240
USR002059,2025-06-18,Power,Karnataka,18-24,436
USR002060,2025-01-22,Occasional,Rajasthan,25-34,583
USR002061,2023-04-04,New,Delhi,25-34,1242
USR002062,2023-12-31,Frequent,Karnataka,25-34,971
USR002063,2024-10-16,Frequent,Tamil Nadu,18-24,681
USR002064,2023-02-24,Frequent,Tamil Nadu,45-59,1281
USR002065,2023-09-10,Frequent,Tamil Nadu,35-44,1083
USR002066,2025-12-19,Power,Karnataka,25-34,252
USR002067,2023-12-03,Power,Tamil Nadu,18-24,999
USR002068,2025-02-13,Frequent,Gujarat,35-44,561
USR002069,2025-11-27,Frequent,Delhi,45-59,274
USR002070,2023-02-24,Frequent,Delhi,25-34,1281
USR002071,2025-09-19,Frequent,Gujarat,18-24,343
USR002072,2025-02-03,Power,Gujarat,35-44,571
USR002073,2024-03-12,Power,Delhi,18-24,899
USR002074,2025-06-25,Occasional,Haryana,18-24,429
USR002075,2025-12-05,Frequent,Delhi,18-24,266
USR002076,2025-01-14,Power,Tamil Nadu,35-44,591
USR002077,2024-04-06,New,Telangana,25-34,874
USR002078,2025-11-04,Occasional,Maharashtra,25-34,297
USR002079,2023-07-07,Power,Rajasthan,60+,1148
USR002080,2023-04-04,Frequent,Telangana,25-34,1242
USR002081,2023-09-05,Frequent,Delhi,35-44,1088
USR002082,2024-02-14,Occasional,Karnataka,18-24,926
USR002083,2023-09-13,Occasional,Karnataka,25-34,1080
USR002084,2026-02-07,Occasional,Rajasthan,25-34,202
USR002085,2024-01-10,Frequent,West Bengal,25-34,961
USR002086,2025-06-09,Power,Uttar Pradesh,25-34,445
USR002087,2024-06-12,Frequent,West Bengal,18-24,807
USR002088,2025-06-25,Frequent,Delhi,18-24,429
USR002089,2024-03-19,Power,Delhi,18-24,892
USR002090,2023-11-27,Power,Rajasthan,18-24,1005
USR002091,2023-08-06,Frequent,Uttar Pradesh,18-24,1118
USR002092,2023-11-12,Occasional,Haryana,18-24,1020
USR002093,2024-01-13,Occasional,Gujarat,25-34,958
USR002094,2025-02-11,Occasional,Haryana,60+,563
USR002095,2024-11-22,Occasional,Maharashtra,45-59,644
USR002096,2024-05-11,Power,West Bengal,35-44,839
USR002097,2024-05-16,New,Karnataka,25-34,834
USR002098,2024-07-10,Occasional,West Bengal,18-24,779
USR002099,2024-04-28,New,Gujarat,18-24,852
USR002100,2026-02-18,Power,Karnataka,25-34,191
USR002101,2024-10-25,New,Karnataka,18-24,672
USR002102,2025-02-28,Occasional,Maharashtra,25-34,546
USR002103,2024-08-10,Frequent,Tamil Nadu,25-34,748
USR002104,2025-08-27,Frequent,Telangana,18-24,366
USR002105,2024-07-20,Frequent,Maharashtra,25-34,769
USR002106,2024-05-29,Frequent,Delhi,45-59,821
USR002107,2023-05-18,Occasional,Telangana,60+,1198
USR002108,2024-07-02,New,Haryana,35-44,787
USR002109,2024-12-01,Occasional,Uttar Pradesh,18-24,635
USR002110,2023-07-07,Frequent,Telangana,25-34,1148
USR002111,2024-03-09,Frequent,West Bengal,25-34,902
USR002112,2025-01-02,Power,Maharashtra,25-34,603
USR002113,2023-01-02,Power,Maharashtra,18-24,1334
USR002114,2025-06-09,Power,Maharashtra,18-24,445
USR002115,2025-10-13,New,Karnataka,18-24,319
USR002116,2023-05-31,Power,Haryana,18-24,1185
USR002117,2025-05-30,Power,Haryana,25-34,455
USR002118,2025-12-25,Frequent,West Bengal,25-34,246
USR002119,2026-03-05,Power,West Bengal,18-24,176
USR002120,2023-12-04,Occasional,West Bengal,18-24,998
USR002121,2024-01-15,New,Telangana,25-34,956
USR002122,2023-02-27,Frequent,Gujarat,25-34,1278
USR002123,2025-12-22,Frequent,West Bengal,25-34,249
USR002124,2025-05-10,Occasional,Tamil Nadu,45-59,475
USR002125,2026-03-16,Power,Uttar Pradesh,18-24,165
USR002126,2023-07-07,Frequent,Telangana,25-34,1148
USR002127,2024-01-21,New,Rajasthan,25-34,950
USR002128,2026-03-30,Frequent,Delhi,18-24,151
USR002129,2023-10-24,New,Karnataka,25-34,1039
USR002130,2024-12-21,Power,Gujarat,25-34,615
USR002131,2025-02-13,Occasional,Uttar Pradesh,25-34,561
USR002132,2025-07-23,Frequent,Uttar Pradesh,25-34,401
USR002133,2023-04-13,New,Telangana,45-59,1233
USR002134,2025-08-08,Occasional,Uttar Pradesh,25-34,385
USR002135,2025-06-10,Frequent,Uttar Pradesh,25-34,444
USR002136,2025-07-10,Power,Karnataka,25-34,414
USR002137,2024-02-17,Occasional,Gujarat,25-34,923
USR002138,2023-03-11,Occasional,Gujarat,18-24,1266
USR002139,2025-04-12,Occasional,Gujarat,25-34,503
USR002140,2025-08-21,Occasional,Haryana,35-44,372
USR002141,2024-07-11,Frequent,Haryana,18-24,778
USR002142,2025-08-09,Occasional,Karnataka,45-59,384
USR002143,2026-03-04,Frequent,Delhi,25-34,177
USR002144,2025-02-17,Occasional,Tamil Nadu,18-24,557
USR002145,2025-01-29,Frequent,Maharashtra,18-24,576
USR002146,2024-12-17,New,Rajasthan,18-24,619
USR002147,2025-04-26,Frequent,Telangana,18-24,489
USR002148,2023-06-10,Power,Haryana,18-24,1175
USR002149,2025-12-10,Frequent,Rajasthan,35-44,261
USR002150,2024-11-17,Frequent,Gujarat,45-59,649
USR002151,2025-04-27,Frequent,Tamil Nadu,18-24,488
USR002152,2024-11-07,Frequent,Uttar Pradesh,35-44,659
USR002153,2024-09-21,Frequent,Karnataka,35-44,706
USR002154,2024-09-17,Frequent,Telangana,25-34,710
USR002155,2024-05-15,Frequent,Tamil Nadu,35-44,835
USR002156,2024-06-13,Occasional,West Bengal,18-24,806
USR002157,2026-03-23,Power,Telangana,18-24,158
USR002158,2025-12-12,Frequent,Rajasthan,18-24,259
USR002159,2024-04-04,New,Gujarat,25-34,876
USR002160,2023-09-20,Frequent,West Bengal,35-44,1073
USR002161,2024-03-23,Power,Rajasthan,25-34,888
USR002162,2025-12-05,Frequent,Uttar Pradesh,18-24,266
USR002163,2023-11-19,New,Maharashtra,60+,1013
USR002164,2026-03-15,Occasional,Maharashtra,25-34,166
USR002165,2023-08-24,Power,Maharashtra,25-34,1100
USR002166,2024-09-09,Power,Rajasthan,25-34,718
USR002167,2024-08-10,Frequent,Telangana,25-34,748
USR002168,2025-08-25,Power,Delhi,35-44,368
USR002169,2023-09-15,New,Maharashtra,18-24,1078
USR002170,2024-07-23,Frequent,Uttar Pradesh,25-34,766
USR002171,2023-05-12,New,Haryana,18-24,1204
USR002172,2023-04-22,Power,Delhi,45-59,1224
USR002173,2024-12-29,New,Karnataka,18-24,607
USR002174,2025-08-03,Occasional,Telangana,35-44,390
USR002175,2025-12-18,Frequent,Telangana,18-24,253
USR002176,2026-04-07,Occasional,West Bengal,45-59,143
USR002177,2026-02-11,Power,Karnataka,45-59,198
USR002178,2024-03-23,Power,Uttar Pradesh,35-44,888
USR002179,2026-02-05,Occasional,Uttar Pradesh,25-34,204
USR002180,2025-03-23,Occasional,Karnataka,18-24,523
USR002181,2026-01-15,Frequent,Maharashtra,45-59,225
USR002182,2024-08-30,Power,Tamil Nadu,35-44,728
USR002183,2023-11-19,Power,Delhi,18-24,1013
USR002184,2024-05-24,Occasional,West Bengal,18-24,826
USR002185,2024-06-26,Occasional,Karnataka,18-24,793
USR002186,2024-04-20,Frequent,Haryana,25-34,860
USR002187,2025-03-22,Frequent,Rajasthan,35-44,524
USR002188,2023-03-08,Frequent,Gujarat,35-44,1269
USR002189,2023-10-16,Frequent,Uttar Pradesh,25-34,1047
USR002190,2026-04-08,Power,Delhi,45-59,142
USR002191,2023-07-03,Frequent,West Bengal,25-34,1152
USR002192,2024-08-08,New,Uttar Pradesh,18-24,750
USR002193,2023-03-18,Occasional,Gujarat,18-24,1259
USR002194,2024-04-12,Frequent,Gujarat,45-59,868
USR002195,2023-12-01,Occasional,Rajasthan,25-34,1001
USR002196,2024-07-28,Occasional,Gujarat,18-24,761
USR002197,2024-11-20,Frequent,Delhi,18-24,646
USR002198,2023-10-01,Frequent,Delhi,25-34,1062
USR002199,2024-04-23,New,Maharashtra,18-24,857
USR002200,2025-04-01,Frequent,Karnataka,18-24,514
USR002201,2023-01-21,Occasional,Tamil Nadu,18-24,1315
USR002202,2025-04-16,Frequent,Karnataka,35-44,499
USR002203,2023-09-09,Frequent,Telangana,35-44,1084
USR002204,2025-01-17,Power,Maharashtra,25-34,588
USR002205,2025-05-24,New,West Bengal,25-34,461
USR002206,2024-12-12,Frequent,Gujarat,18-24,624
USR002207,2023-04-27,Occasional,Gujarat,18-24,1219
USR002208,2023-06-10,Power,Delhi,45-59,1175
USR002209,2026-04-06,Frequent,Uttar Pradesh,35-44,144
USR002210,2023-12-16,Occasional,Tamil Nadu,18-24,986
USR002211,2023-09-27,New,Rajasthan,18-24,1066
USR002212,2023-05-20,Power,Haryana,35-44,1196
USR002213,2023-02-03,New,Delhi,45-59,1302
USR002214,2023-09-29,Occasional,Gujarat,18-24,1064
USR002215,2025-04-27,Power,Uttar Pradesh,25-34,488
USR002216,2026-01-24,Frequent,Karnataka,35-44,216
USR002217,2025-09-02,Frequent,West Bengal,25-34,360
USR002218,2024-06-17,Occasional,Haryana,35-44,802
USR002219,2024-01-10,Power,Maharashtra,25-34,961
USR002220,2026-01-14,Occasional,West Bengal,18-24,226
USR002221,2025-08-18,Frequent,Gujarat,25-34,375
USR002222,2023-05-12,Occasional,Gujarat,25-34,1204
USR002223,2026-04-12,Frequent,Gujarat,25-34,138
USR002224,2025-12-29,Occasional,Uttar Pradesh,45-59,242
USR002225,2023-10-29,Power,West Bengal,18-24,1034
USR002226,2024-01-20,Frequent,Karnataka,35-44,951
USR002227,2023-07-24,New,Karnataka,60+,1131
USR002228,2023-09-02,Frequent,Rajasthan,18-24,1091
USR002229,2024-12-10,Power,Rajasthan,25-34,626
USR002230,2023-04-13,Frequent,Karnataka,25-34,1233
USR002231,2023-04-12,Power,West Bengal,18-24,1234
USR002232,2023-03-15,Frequent,Tamil Nadu,25-34,1262
USR002233,2024-12-22,New,Haryana,25-34,614
USR002234,2024-12-27,Occasional,Gujarat,35-44,609
USR002235,2023-08-13,Frequent,Delhi,18-24,1111
USR002236,2025-10-05,Power,Uttar Pradesh,18-24,327
USR002237,2026-02-15,Frequent,Delhi,18-24,194
USR002238,2024-08-15,New,Karnataka,25-34,743
USR002239,2025-02-10,Frequent,Uttar Pradesh,25-34,564
USR002240,2025-02-22,Power,Tamil Nadu,45-59,552
USR002241,2023-01-04,Frequent,Tamil Nadu,18-24,1332
USR002242,2024-08-16,Occasional,West Bengal,35-44,742
USR002243,2023-02-07,Occasional,Rajasthan,25-34,1298
USR002244,2026-04-03,Power,Maharashtra,18-24,147
USR002245,2023-02-12,Power,Maharashtra,35-44,1293
USR002246,2025-02-12,Frequent,Gujarat,18-24,562
USR002247,2024-10-03,Occasional,West Bengal,25-34,694
USR002248,2024-01-08,Occasional,Tamil Nadu,18-24,963
USR002249,2024-10-10,Occasional,Uttar Pradesh,18-24,687
USR002250,2025-10-16,Frequent,Delhi,18-24,316
USR002251,2025-01-04,Frequent,Maharashtra,25-34,601
USR002252,2025-03-28,Occasional,Karnataka,18-24,518
USR002253,2023-10-02,New,Gujarat,25-34,1061
USR002254,2023-11-19,Occasional,Uttar Pradesh,18-24,1013
USR002255,2024-10-22,Power,Telangana,18-24,675
USR002256,2023-11-07,Frequent,Gujarat,35-44,1025
USR002257,2026-04-06,Occasional,Telangana,18-24,144
USR002258,2023-11-12,Frequent,Delhi,35-44,1020
USR002259,2024-08-30,Frequent,Delhi,18-24,728
USR002260,2025-02-11,New,Uttar Pradesh,25-34,563
USR002261,2023-02-25,Frequent,Rajasthan,25-34,1280
USR002262,2024-02-03,Occasional,Karnataka,18-24,937
USR002263,2026-01-07,Frequent,Maharashtra,18-24,233
USR002264,2026-03-21,Frequent,Tamil Nadu,35-44,160
USR002265,2023-11-18,New,Karnataka,18-24,1014
USR002266,2023-11-07,New,Delhi,35-44,1025
USR002267,2025-02-01,Frequent,Rajasthan,25-34,573
USR002268,2023-08-19,Frequent,Rajasthan,18-24,1105
USR002269,2025-06-10,Frequent,Rajasthan,25-34,444
USR002270,2025-04-02,Occasional,Maharashtra,18-24,513
USR002271,2026-04-08,New,Gujarat,18-24,142
USR002272,2026-01-05,New,Uttar Pradesh,60+,235
USR002273,2023-10-01,Power,Maharashtra,18-24,1062
USR002274,2025-03-06,Occasional,Rajasthan,45-59,540
USR002275,2025-10-16,Occasional,Rajasthan,25-34,316
USR002276,2024-10-04,Frequent,Telangana,25-34,693
USR002277,2024-07-31,Power,Telangana,35-44,758
USR002278,2023-09-01,Frequent,Delhi,18-24,1092
USR002279,2024-01-05,New,Delhi,35-44,966
USR002280,2025-06-12,Power,Delhi,18-24,442
USR002281,2024-01-10,New,Karnataka,18-24,961
USR002282,2023-12-01,Frequent,Rajasthan,18-24,1001
USR002283,2023-08-19,Occasional,West Bengal,45-59,1105
USR002284,2026-03-09,Frequent,Karnataka,18-24,172
USR002285,2025-07-03,Occasional,Telangana,25-34,421
USR002286,2024-07-22,Frequent,Rajasthan,18-24,767
USR002287,2023-11-26,Frequent,Tamil Nadu,18-24,1006
USR002288,2026-01-30,New,Tamil Nadu,35-44,210
USR002289,2025-05-14,Occasional,Delhi,35-44,471
USR002290,2023-05-08,New,Tamil Nadu,35-44,1208
USR002291,2026-01-09,Occasional,Rajasthan,25-34,231
USR002292,2023-07-17,New,Maharashtra,25-34,1138
USR002293,2024-01-03,Occasional,Rajasthan,45-59,968
USR002294,2026-01-31,Frequent,Gujarat,25-34,209
USR002295,2023-11-28,Power,Haryana,18-24,1004
USR002296,2026-03-02,Frequent,Maharashtra,18-24,179
USR002297,2025-03-26,Frequent,Telangana,18-24,520
USR002298,2025-07-25,Frequent,Tamil Nadu,35-44,399
USR002299,2023-12-30,Power,Tamil Nadu,45-59,972
USR002300,2025-10-24,Frequent,Telangana,25-34,308
USR002301,2024-02-22,Occasional,West Bengal,25-34,918
USR002302,2023-06-20,Frequent,Karnataka,45-59,1165
USR002303,2026-01-15,Power,Telangana,18-24,225
USR002304,2025-07-20,New,Telangana,25-34,404
USR002305,2023-08-11,New,Karnataka,18-24,1113
USR002306,2025-11-01,Frequent,Tamil Nadu,45-59,300
USR002307,2023-11-09,New,Rajasthan,35-44,1023
USR002308,2024-04-03,Occasional,Delhi,25-34,877
USR002309,2023-05-10,Frequent,Gujarat,35-44,1206
USR002310,2023-02-10,Occasional,West Bengal,25-34,1295
USR002311,2023-07-14,Frequent,Telangana,35-44,1141
USR002312,2025-01-28,Power,Delhi,18-24,577
USR002313,2026-01-07,Frequent,Uttar Pradesh,18-24,233
USR002314,2023-06-03,Frequent,West Bengal,25-34,1182
USR002315,2025-04-19,New,Rajasthan,25-34,496
USR002316,2024-12-22,Power,Telangana,25-34,614
USR002317,2025-12-28,Frequent,Rajasthan,25-34,243
USR002318,2024-12-17,Frequent,Delhi,35-44,619
USR002319,2023-02-04,Power,Delhi,35-44,1301
USR002320,2025-02-10,Occasional,Telangana,25-34,564
USR002321,2023-12-16,Frequent,Gujarat,25-34,986
USR002322,2023-07-12,New,West Bengal,18-24,1143
USR002323,2025-11-04,Frequent,Delhi,25-34,297
USR002324,2024-04-02,Frequent,Telangana,25-34,878
USR002325,2023-01-19,Frequent,Uttar Pradesh,45-59,1317
USR002326,2026-04-01,Power,Maharashtra,25-34,149
USR002327,2025-08-31,New,Haryana,25-34,362
USR002328,2024-09-15,New,West Bengal,25-34,712
USR002329,2025-03-22,Frequent,Rajasthan,18-24,524
USR002330,2025-07-25,Occasional,West Bengal,18-24,399
USR002331,2024-12-21,Frequent,Haryana,18-24,615
USR002332,2024-07-18,New,Rajasthan,18-24,771
USR002333,2025-10-29,Power,Karnataka,25-34,303
USR002334,2024-05-11,Occasional,West Bengal,25-34,839
USR002335,2024-12-04,Occasional,Haryana,25-34,632
USR002336,2025-12-28,New,Telangana,18-24,243
USR002337,2026-04-11,Frequent,Uttar Pradesh,18-24,139
USR002338,2023-01-21,Frequent,Delhi,25-34,1315
USR002339,2025-11-20,Power,Maharashtra,25-34,281
USR002340,2023-12-17,New,Maharashtra,18-24,985
USR002341,2023-10-13,Power,Maharashtra,25-34,1050
USR002342,2024-08-16,Frequent,Maharashtra,18-24,742
USR002343,2026-01-19,Occasional,Rajasthan,35-44,221
USR002344,2025-01-04,Frequent,Tamil Nadu,18-24,601
USR002345,2026-01-10,Frequent,Tamil Nadu,35-44,230
USR002346,2023-03-26,Occasional,Uttar Pradesh,25-34,1251
USR002347,2026-01-12,Frequent,Haryana,25-34,228
USR002348,2025-08-28,Occasional,Karnataka,25-34,365
USR002349,2025-05-01,Power,Tamil Nadu,18-24,484
USR002350,2025-07-04,Frequent,Maharashtra,18-24,420
USR002351,2024-03-11,New,Gujarat,35-44,900
USR002352,2025-04-05,New,Haryana,25-34,510
USR002353,2024-02-21,New,Gujarat,25-34,919
USR002354,2023-07-18,Frequent,Haryana,18-24,1137
USR002355,2025-06-16,Power,Uttar Pradesh,25-34,438
USR002356,2026-03-12,New,West Bengal,45-59,169
USR002357,2023-02-09,Frequent,Rajasthan,25-34,1296
USR002358,2025-04-28,Power,Maharashtra,18-24,487
USR002359,2024-02-22,Occasional,Karnataka,18-24,918
USR002360,2024-07-09,Power,Uttar Pradesh,45-59,780
USR002361,2024-05-31,New,Haryana,45-59,819
USR002362,2025-03-16,Frequent,Gujarat,45-59,530
USR002363,2026-02-18,Power,Telangana,35-44,191
USR002364,2025-02-05,Occasional,Maharashtra,25-34,569
USR002365,2023-09-16,New,Gujarat,25-34,1077
USR002366,2025-06-12,Power,Delhi,25-34,442
USR002367,2025-05-21,Frequent,Delhi,45-59,464
USR002368,2024-01-06,New,Maharashtra,25-34,965
USR002369,2024-03-17,Power,Uttar Pradesh,25-34,894
USR002370,2023-03-02,Occasional,Uttar Pradesh,25-34,1275
USR002371,2025-03-07,Occasional,Uttar Pradesh,25-34,539
USR002372,2024-10-28,Occasional,Tamil Nadu,25-34,669
USR002373,2024-10-30,Occasional,Tamil Nadu,25-34,667
USR002374,2024-10-02,New,Karnataka,45-59,695
USR002375,2024-08-11,Occasional,Gujarat,18-24,747
USR002376,2023-12-07,Frequent,Haryana,18-24,995
USR002377,2024-05-25,Occasional,Delhi,45-59,825
USR002378,2023-05-20,Power,West Bengal,18-24,1196
USR002379,2023-10-21,Frequent,West Bengal,25-34,1042
USR002380,2025-05-21,Frequent,Rajasthan,25-34,464
USR002381,2024-05-19,Frequent,Rajasthan,25-34,831
USR002382,2024-10-19,Frequent,Delhi,18-24,678
USR002383,2024-09-17,Occasional,Gujarat,18-24,710
USR002384,2024-10-02,New,Karnataka,60+,695
USR002385,2024-11-02,Frequent,Haryana,18-24,664
USR002386,2023-05-17,New,Maharashtra,25-34,1199
USR002387,2023-04-07,Occasional,Haryana,18-24,1239
USR002388,2025-07-06,Frequent,Uttar Pradesh,25-34,418
USR002389,2025-01-19,Frequent,Gujarat,35-44,586
USR002390,2024-09-01,Occasional,Rajasthan,35-44,726
USR002391,2024-08-28,New,West Bengal,18-24,730
USR002392,2026-04-04,Occasional,Haryana,25-34,146
USR002393,2024-06-16,Occasional,Haryana,18-24,803
USR002394,2024-11-13,Occasional,Rajasthan,25-34,653
USR002395,2024-03-31,Occasional,Rajasthan,18-24,880
USR002396,2023-06-20,Power,Karnataka,25-34,1165
USR002397,2024-05-05,Power,Rajasthan,45-59,845
USR002398,2024-01-09,Occasional,Maharashtra,25-34,962
USR002399,2025-11-02,Frequent,Delhi,35-44,299
USR002400,2026-02-14,New,Delhi,25-34,195
USR002401,2025-08-31,Occasional,Uttar Pradesh,35-44,362
USR002402,2025-06-09,Occasional,Karnataka,25-34,445
USR002403,2023-09-08,Occasional,Uttar Pradesh,25-34,1085
USR002404,2024-03-11,Power,Tamil Nadu,25-34,900
USR002405,2025-11-14,New,Rajasthan,25-34,287
USR002406,2023-08-08,Occasional,West Bengal,18-24,1116
USR002407,2024-07-25,Power,West Bengal,18-24,764
USR002408,2025-09-08,Occasional,Telangana,45-59,354
USR002409,2025-03-25,Frequent,Karnataka,60+,521
USR002410,2024-04-04,Occasional,Telangana,18-24,876
USR002411,2026-03-24,Occasional,Telangana,25-34,157
USR002412,2025-05-30,Occasional,Gujarat,18-24,455
USR002413,2026-03-23,Frequent,Maharashtra,25-34,158
USR002414,2023-08-18,New,Haryana,25-34,1106
USR002415,2025-09-09,Occasional,Maharashtra,25-34,353
USR002416,2024-04-24,Power,Gujarat,18-24,856
USR002417,2023-06-24,Frequent,Telangana,25-34,1161
USR002418,2024-08-17,Power,Delhi,25-34,741
USR002419,2025-03-09,Occasional,Rajasthan,35-44,537
USR002420,2024-09-01,Frequent,Haryana,35-44,726
USR002421,2026-04-08,Occasional,Delhi,25-34,142
USR002422,2025-01-29,Power,West Bengal,25-34,576
USR002423,2026-03-15,Occasional,Rajasthan,18-24,166
USR002424,2025-11-27,Frequent,Haryana,18-24,274
USR002425,2023-10-21,New,Haryana,25-34,1042
USR002426,2026-01-08,Frequent,Karnataka,35-44,232
USR002427,2024-09-04,Frequent,Tamil Nadu,25-34,723
USR002428,2025-07-14,Power,West Bengal,18-24,410
USR002429,2024-11-03,Frequent,Rajasthan,18-24,663
USR002430,2024-06-21,Power,Karnataka,35-44,798
USR002431,2024-02-27,Occasional,Delhi,25-34,913
USR002432,2025-03-12,Power,Karnataka,18-24,534
USR002433,2024-03-21,Frequent,Tamil Nadu,25-34,890
USR002434,2024-11-30,Frequent,Rajasthan,18-24,636
USR002435,2023-06-17,Frequent,Haryana,60+,1168
USR002436,2025-10-03,Power,Karnataka,18-24,329
USR002437,2024-11-20,Frequent,Maharashtra,35-44,646
USR002438,2026-03-19,Frequent,Delhi,35-44,162
USR002439,2025-06-30,Frequent,Maharashtra,25-34,424
USR002440,2023-10-30,Frequent,Telangana,45-59,1033
USR002441,2026-04-13,Occasional,Gujarat,18-24,137
USR002442,2024-10-03,Frequent,Rajasthan,35-44,694
USR002443,2025-08-09,Power,Maharashtra,35-44,384
USR002444,2024-10-14,Occasional,Telangana,18-24,683
USR002445,2023-09-06,New,Tamil Nadu,35-44,1087
USR002446,2023-06-13,New,Rajasthan,18-24,1172
USR002447,2026-03-20,Power,Uttar Pradesh,18-24,161
USR002448,2024-10-07,Occasional,Tamil Nadu,35-44,690
USR002449,2023-03-28,Frequent,Rajasthan,25-34,1249
USR002450,2025-12-31,Frequent,Rajasthan,35-44,240
USR002451,2023-03-29,Occasional,Maharashtra,35-44,1248
USR002452,2024-09-05,Occasional,West Bengal,18-24,722
USR002453,2023-05-23,Power,Rajasthan,25-34,1193
USR002454,2025-02-15,Frequent,Delhi,45-59,559
USR002455,2023-06-11,Occasional,Gujarat,25-34,1174
USR002456,2025-04-01,Frequent,Tamil Nadu,25-34,514
USR002457,2023-05-04,Frequent,Gujarat,25-34,1212
USR002458,2025-05-31,New,Uttar Pradesh,25-34,454
USR002459,2024-05-19,New,Gujarat,35-44,831
USR002460,2025-02-08,Occasional,West Bengal,25-34,566
USR002461,2025-01-01,Occasional,Karnataka,18-24,604
USR002462,2024-08-17,Occasional,Haryana,18-24,741
USR002463,2023-10-02,Power,Tamil Nadu,25-34,1061
USR002464,2024-01-08,Frequent,Delhi,25-34,963
USR002465,2025-05-13,Power,Telangana,25-34,472
USR002466,2024-12-03,Power,Uttar Pradesh,18-24,633
USR002467,2023-06-18,Occasional,Uttar Pradesh,18-24,1167
USR002468,2025-04-24,New,Karnataka,25-34,491
USR002469,2025-08-03,Power,Gujarat,25-34,390
USR002470,2024-02-24,Occasional,Uttar Pradesh,25-34,916
USR002471,2024-06-27,New,Gujarat,45-59,792
USR002472,2023-03-18,Occasional,Rajasthan,25-34,1259
USR002473,2023-10-05,Frequent,Tamil Nadu,18-24,1058
USR002474,2023-10-20,Frequent,Tamil Nadu,25-34,1043
USR002475,2025-11-08,Power,Uttar Pradesh,25-34,293
USR002476,2024-07-08,Frequent,Rajasthan,35-44,781
USR002477,2024-04-15,Frequent,Tamil Nadu,45-59,865
USR002478,2026-03-24,Occasional,Maharashtra,25-34,157
USR002479,2025-04-03,Occasional,Haryana,25-34,512
USR002480,2023-01-08,Frequent,Delhi,25-34,1328
USR002481,2024-07-23,Power,Rajasthan,25-34,766
USR002482,2024-07-06,Power,Gujarat,18-24,783
USR002483,2024-04-30,Power,Gujarat,25-34,850
USR002484,2025-07-18,New,West Bengal,18-24,406
USR002485,2024-06-28,Power,Maharashtra,25-34,791
USR002486,2025-05-20,Power,Rajasthan,60+,465
USR002487,2023-08-05,Frequent,Uttar Pradesh,35-44,1119
USR002488,2023-03-13,Occasional,Tamil Nadu,25-34,1264
USR002489,2025-12-06,Power,Rajasthan,25-34,265
USR002490,2026-01-28,Frequent,Gujarat,45-59,212
USR002491,2024-03-31,Frequent,Tamil Nadu,25-34,880
USR002492,2025-08-30,Occasional,Uttar Pradesh,18-24,363
USR002493,2023-01-18,Frequent,Haryana,45-59,1318
USR002494,2024-12-15,Occasional,Telangana,45-59,621
USR002495,2024-01-17,Frequent,Telangana,18-24,954
USR002496,2024-06-25,Frequent,Maharashtra,45-59,794
USR002497,2023-05-19,Frequent,Delhi,35-44,1197
USR002498,2024-04-21,Power,Haryana,18-24,859
USR002499,2024-12-30,Frequent,Delhi,18-24,606
USR002500,2024-07-26,New,Maharashtra,35-44,763
USR002501,2025-10-10,Frequent,Uttar Pradesh,18-24,322
USR002502,2024-03-16,Occasional,Gujarat,60+,895
USR002503,2024-05-06,Power,Karnataka,18-24,844
USR002504,2025-09-15,Frequent,Uttar Pradesh,18-24,347
USR002505,2023-10-23,New,Uttar Pradesh,25-34,1040
USR002506,2025-08-11,New,Rajasthan,25-34,382
USR002507,2025-03-09,Power,Haryana,25-34,537
USR002508,2024-01-11,Occasional,Karnataka,60+,960
USR002509,2024-09-03,Frequent,Delhi,18-24,724
USR002510,2024-06-26,Power,Tamil Nadu,18-24,793
USR002511,2023-07-24,New,Haryana,18-24,1131
USR002512,2024-01-30,Occasional,Rajasthan,25-34,941
USR002513,2025-02-20,Occasional,West Bengal,18-24,554
USR002514,2026-01-23,Occasional,Delhi,18-24,217
USR002515,2023-11-07,Frequent,Maharashtra,25-34,1025
USR002516,2024-04-29,Occasional,Telangana,35-44,851
USR002517,2023-05-24,Frequent,Tamil Nadu,25-34,1192
USR002518,2026-01-18,Frequent,Maharashtra,25-34,222
USR002519,2025-09-01,Frequent,Maharashtra,18-24,361
USR002520,2025-10-10,Occasional,Gujarat,45-59,322
USR002521,2026-02-27,Power,Maharashtra,35-44,182
USR002522,2024-03-18,Frequent,Karnataka,18-24,893
USR002523,2023-03-12,Frequent,Delhi,18-24,1265
USR002524,2023-08-12,Occasional,Telangana,25-34,1112
USR002525,2025-11-09,Frequent,Karnataka,25-34,292
USR002526,2025-10-12,New,Karnataka,18-24,320
USR002527,2024-06-03,Occasional,Uttar Pradesh,35-44,816
USR002528,2023-08-18,Power,Karnataka,25-34,1106
USR002529,2026-01-25,Power,Karnataka,25-34,215
USR002530,2023-01-13,Frequent,Uttar Pradesh,18-24,1323
USR002531,2023-04-21,Power,Delhi,35-44,1225
USR002532,2024-09-09,Occasional,Delhi,18-24,718
USR002533,2023-10-23,New,Telangana,18-24,1040
USR002534,2024-12-02,Occasional,Haryana,18-24,634
USR002535,2023-06-18,New,Maharashtra,25-34,1167
USR002536,2024-09-16,Frequent,West Bengal,35-44,711
USR002537,2025-08-29,Power,Telangana,25-34,364
USR002538,2024-03-02,Frequent,Telangana,25-34,909
USR002539,2024-12-24,Occasional,Tamil Nadu,45-59,612
USR002540,2025-08-21,Occasional,West Bengal,25-34,372
USR002541,2024-09-06,Frequent,Maharashtra,60+,721
USR002542,2023-10-02,Occasional,Gujarat,35-44,1061
USR002543,2025-01-05,Frequent,Gujarat,18-24,600
USR002544,2023-03-17,New,Karnataka,25-34,1260
USR002545,2023-08-15,Occasional,Rajasthan,25-34,1109
USR002546,2023-07-06,Occasional,Telangana,25-34,1149
USR002547,2025-04-08,Power,Uttar Pradesh,35-44,507
USR002548,2026-01-02,Power,Uttar Pradesh,25-34,238
USR002549,2025-05-26,Frequent,Rajasthan,25-34,459
USR002550,2023-09-17,Occasional,Telangana,60+,1076
USR002551,2023-01-20,Frequent,Uttar Pradesh,25-34,1316
USR002552,2024-06-14,New,Tamil Nadu,25-34,805
USR002553,2026-02-15,Power,Haryana,18-24,194
USR002554,2023-03-08,Frequent,Haryana,35-44,1269
USR002555,2023-09-25,New,Uttar Pradesh,18-24,1068
USR002556,2025-04-06,Frequent,Rajasthan,45-59,509
USR002557,2024-02-17,Occasional,Delhi,35-44,923
USR002558,2024-10-29,Power,Uttar Pradesh,25-34,668
USR002559,2025-11-10,Occasional,West Bengal,45-59,291
USR002560,2023-03-22,Frequent,Karnataka,18-24,1255
USR002561,2025-12-16,Occasional,Uttar Pradesh,25-34,255
USR002562,2023-10-31,Frequent,Maharashtra,18-24,1032
USR002563,2023-12-07,Occasional,West Bengal,25-34,995
USR002564,2023-10-31,Power,Gujarat,45-59,1032
USR002565,2023-01-04,Power,Tamil Nadu,18-24,1332
USR002566,2023-02-12,New,Rajasthan,25-34,1293
USR002567,2024-08-20,Frequent,Telangana,25-34,738
USR002568,2023-08-16,Frequent,Maharashtra,25-34,1108
USR002569,2026-03-16,Frequent,Haryana,60+,165
USR002570,2023-09-06,Occasional,Telangana,35-44,1087
USR002571,2023-02-17,Frequent,Karnataka,25-34,1288
USR002572,2023-11-08,Power,Delhi,25-34,1024
USR002573,2024-02-17,Power,Haryana,25-34,923
USR002574,2026-03-28,Frequent,Haryana,18-24,153
USR002575,2023-01-19,Frequent,Gujarat,25-34,1317
USR002576,2023-06-18,Power,Rajasthan,25-34,1167
USR002577,2024-06-12,Occasional,Maharashtra,18-24,807
USR002578,2025-11-20,Occasional,Tamil Nadu,18-24,281
USR002579,2023-09-01,Power,Tamil Nadu,45-59,1092
USR002580,2023-06-18,Power,Rajasthan,45-59,1167
USR002581,2024-10-13,New,Haryana,25-34,684
USR002582,2025-01-26,Frequent,Gujarat,25-34,579
USR002583,2026-03-20,Power,Uttar Pradesh,18-24,161
USR002584,2023-02-07,Occasional,Uttar Pradesh,35-44,1298
USR002585,2023-01-25,New,Tamil Nadu,25-34,1311
USR002586,2024-05-04,Occasional,Telangana,18-24,846
USR002587,2024-10-20,Occasional,Haryana,25-34,677
USR002588,2024-05-27,Occasional,Uttar Pradesh,35-44,823
USR002589,2025-06-03,Occasional,Maharashtra,18-24,451
USR002590,2026-02-01,New,Maharashtra,35-44,208
USR002591,2026-01-09,Power,Rajasthan,18-24,231
USR002592,2023-10-10,Frequent,Rajasthan,25-34,1053
USR002593,2024-08-14,Power,Delhi,45-59,744
USR002594,2025-03-11,New,Rajasthan,25-34,535
USR002595,2023-05-24,Frequent,Gujarat,45-59,1192
USR002596,2025-08-15,Occasional,Gujarat,25-34,378
USR002597,2024-01-30,Occasional,Delhi,45-59,941
USR002598,2024-03-31,Occasional,West Bengal,18-24,880
USR002599,2024-08-26,New,Haryana,18-24,732
USR002600,2026-02-20,Power,Rajasthan,35-44,189
USR002601,2023-08-08,Frequent,Telangana,45-59,1116
USR002602,2023-12-28,Frequent,Gujarat,25-34,974
USR002603,2023-02-06,Occasional,Telangana,18-24,1299
USR002604,2023-03-06,New,Haryana,18-24,1271
USR002605,2023-04-24,Occasional,Telangana,18-24,1222
USR002606,2023-06-24,New,Tamil Nadu,25-34,1161
USR002607,2025-07-27,New,Karnataka,35-44,397
USR002608,2023-12-26,Occasional,Delhi,25-34,976
USR002609,2025-05-24,New,Karnataka,18-24,461
USR002610,2024-06-25,Power,Gujarat,18-24,794
USR002611,2025-05-29,Occasional,Gujarat,18-24,456
USR002612,2024-06-13,Occasional,Maharashtra,60+,806
USR002613,2024-09-17,Frequent,Delhi,60+,710
USR002614,2025-05-08,Power,Uttar Pradesh,25-34,477
USR002615,2023-02-21,New,Karnataka,25-34,1284
USR002616,2023-01-15,Occasional,Tamil Nadu,45-59,1321
USR002617,2024-09-25,Frequent,Delhi,18-24,702
USR002618,2024-12-17,Frequent,Telangana,18-24,619
USR002619,2025-04-19,Frequent,Delhi,45-59,496
USR002620,2023-07-27,Frequent,Delhi,35-44,1128
USR002621,2024-01-11,Occasional,Maharashtra,25-34,960
USR002622,2025-05-06,Frequent,Telangana,45-59,479
USR002623,2025-03-30,Power,Delhi,18-24,516
USR002624,2023-06-06,Power,Haryana,35-44,1179
USR002625,2025-04-17,Power,West Bengal,25-34,498
USR002626,2024-07-06,Frequent,Uttar Pradesh,25-34,783
USR002627,2023-06-14,Frequent,Haryana,18-24,1171
USR002628,2024-03-01,Occasional,Maharashtra,25-34,910
USR002629,2023-08-11,Power,Uttar Pradesh,25-34,1113
USR002630,2025-09-16,Power,Delhi,18-24,346
USR002631,2024-10-03,Power,Tamil Nadu,25-34,694
USR002632,2024-09-21,Frequent,Telangana,25-34,706
USR002633,2023-08-15,Occasional,Gujarat,35-44,1109
USR002634,2025-06-05,Power,Haryana,35-44,449
USR002635,2024-12-30,Occasional,Uttar Pradesh,25-34,606
USR002636,2023-12-19,New,Telangana,25-34,983
USR002637,2024-07-20,Power,Karnataka,35-44,769
USR002638,2023-07-27,Frequent,Haryana,25-34,1128
USR002639,2024-02-05,Frequent,Karnataka,25-34,935
USR002640,2025-08-07,Occasional,Telangana,18-24,386
USR002641,2024-04-06,Occasional,Haryana,35-44,874
USR002642,2025-10-21,Power,Rajasthan,35-44,311
USR002643,2023-05-13,Frequent,Uttar Pradesh,25-34,1203
USR002644,2025-05-09,Frequent,Telangana,25-34,476
USR002645,2023-02-07,Occasional,Karnataka,35-44,1298
USR002646,2023-03-31,Occasional,Delhi,35-44,1246
USR002647,2025-01-29,Occasional,Uttar Pradesh,18-24,576
USR002648,2024-01-17,Occasional,Maharashtra,18-24,954
USR002649,2025-04-02,New,Haryana,35-44,513
USR002650,2025-12-17,Occasional,Tamil Nadu,25-34,254
USR002651,2023-07-25,Frequent,Rajasthan,25-34,1130
USR002652,2023-04-30,Occasional,Maharashtra,60+,1216
USR002653,2024-02-17,New,West Bengal,25-34,923
USR002654,2023-04-12,New,Uttar Pradesh,18-24,1234
USR002655,2023-01-28,Occasional,West Bengal,35-44,1308
USR002656,2024-05-07,New,West Bengal,35-44,843
USR002657,2025-08-13,Frequent,Rajasthan,25-34,380
USR002658,2023-08-03,Power,Telangana,45-59,1121
USR002659,2023-11-15,Frequent,Gujarat,25-34,1017
USR002660,2023-04-15,Frequent,Uttar Pradesh,18-24,1231
USR002661,2024-08-06,Power,West Bengal,35-44,752
USR002662,2024-11-04,Power,Maharashtra,25-34,662
USR002663,2023-06-07,Occasional,West Bengal,25-34,1178
USR002664,2024-11-22,Frequent,Karnataka,18-24,644
USR002665,2023-12-07,Frequent,West Bengal,25-34,995
USR002666,2023-01-08,Frequent,West Bengal,25-34,1328
USR002667,2023-04-26,Frequent,West Bengal,18-24,1220
USR002668,2025-04-30,New,Maharashtra,25-34,485
USR002669,2025-11-14,New,Haryana,25-34,287
USR002670,2023-11-13,New,Tamil Nadu,25-34,1019
USR002671,2025-02-25,Occasional,West Bengal,35-44,549
USR002672,2026-01-01,Occasional,Gujarat,35-44,239
USR002673,2023-03-24,Occasional,Telangana,25-34,1253
USR002674,2023-08-06,Power,Maharashtra,18-24,1118
USR002675,2024-08-10,Frequent,Rajasthan,25-34,748
USR002676,2024-12-21,Frequent,Rajasthan,18-24,615
USR002677,2023-12-14,Frequent,Uttar Pradesh,18-24,988
USR002678,2023-10-04,Occasional,Telangana,45-59,1059
USR002679,2023-11-29,Power,Karnataka,25-34,1003
USR002680,2023-03-19,Frequent,Telangana,25-34,1258
USR002681,2025-02-22,Frequent,West Bengal,18-24,552
USR002682,2025-08-24,New,West Bengal,25-34,369
USR002683,2024-12-31,New,Haryana,25-34,605
USR002684,2024-05-18,Frequent,Gujarat,25-34,832
USR002685,2023-10-18,New,Maharashtra,35-44,1045
USR002686,2025-04-12,Power,Delhi,25-34,503
USR002687,2023-01-10,Frequent,Maharashtra,18-24,1326
USR002688,2025-01-15,New,Rajasthan,35-44,590
USR002689,2023-11-17,Occasional,Tamil Nadu,35-44,1015
USR002690,2023-08-19,Frequent,Tamil Nadu,25-34,1105
USR002691,2024-08-13,Frequent,Uttar Pradesh,25-34,745
USR002692,2024-03-27,New,Uttar Pradesh,45-59,884
USR002693,2025-05-20,Frequent,Karnataka,35-44,465
USR002694,2024-10-09,Power,Maharashtra,18-24,688
USR002695,2025-01-24,Power,Telangana,25-34,581
USR002696,2025-01-16,Frequent,Rajasthan,60+,589
USR002697,2024-08-18,Occasional,Tamil Nadu,18-24,740
USR002698,2024-11-06,Occasional,Rajasthan,18-24,660
USR002699,2023-01-07,Occasional,Karnataka,45-59,1329
USR002700,2024-07-19,Power,Telangana,18-24,770
USR002701,2023-11-15,Frequent,Haryana,35-44,1017
USR002702,2023-09-08,Occasional,Tamil Nadu,25-34,1085
USR002703,2024-10-19,Frequent,Karnataka,18-24,678
USR002704,2023-06-06,Power,West Bengal,25-34,1179
USR002705,2023-07-21,New,Haryana,25-34,1134
USR002706,2026-02-26,Frequent,Karnataka,25-34,183
USR002707,2024-06-15,Occasional,Maharashtra,35-44,804
USR002708,2025-08-03,Occasional,Telangana,18-24,390
USR002709,2024-08-28,Frequent,Telangana,35-44,730
USR002710,2025-01-27,Frequent,Telangana,35-44,578
USR002711,2025-08-17,New,Gujarat,18-24,376
USR002712,2023-07-28,New,Tamil Nadu,18-24,1127
USR002713,2025-10-21,Frequent,Gujarat,25-34,311
USR002714,2024-06-23,Frequent,West Bengal,25-34,796
USR002715,2024-04-15,Frequent,Maharashtra,18-24,865
USR002716,2025-09-23,Occasional,Tamil Nadu,25-34,339
USR002717,2024-01-16,Power,Uttar Pradesh,35-44,955
USR002718,2024-09-09,Frequent,Gujarat,35-44,718
USR002719,2024-01-06,Occasional,Delhi,25-34,965
USR002720,2024-11-11,Occasional,Telangana,25-34,655
USR002721,2025-04-04,Power,West Bengal,18-24,511
USR002722,2025-11-23,Power,Maharashtra,25-34,278
USR002723,2025-05-27,Occasional,Maharashtra,25-34,458
USR002724,2025-02-11,Frequent,Delhi,25-34,563
USR002725,2023-05-19,Power,Tamil Nadu,45-59,1197
USR002726,2024-03-02,Frequent,Telangana,25-34,909
USR002727,2023-10-11,Occasional,Delhi,18-24,1052
USR002728,2025-12-19,Occasional,Rajasthan,35-44,252
USR002729,2023-04-17,Occasional,Maharashtra,35-44,1229
USR002730,2025-11-24,Power,Rajasthan,60+,277
USR002731,2024-04-23,Occasional,Gujarat,35-44,857
USR002732,2024-04-26,Occasional,Gujarat,35-44,854
USR002733,2025-12-10,Power,Haryana,35-44,261
USR002734,2025-08-29,Occasional,Telangana,35-44,364
USR002735,2024-11-01,Frequent,West Bengal,25-34,665
USR002736,2024-06-11,Frequent,Gujarat,18-24,808
USR002737,2024-10-20,Occasional,Maharashtra,35-44,677
USR002738,2025-10-21,Frequent,West Bengal,25-34,311
USR002739,2024-11-25,Occasional,Delhi,25-34,641
USR002740,2023-06-07,Frequent,Maharashtra,18-24,1178
USR002741,2025-12-15,Occasional,Delhi,25-34,256
USR002742,2025-04-04,Frequent,Delhi,25-34,511
USR002743,2024-02-27,Occasional,Delhi,18-24,913
USR002744,2023-10-29,Frequent,Karnataka,35-44,1034
USR002745,2025-08-09,Power,West Bengal,25-34,384
USR002746,2023-09-05,Power,Karnataka,25-34,1088
USR002747,2023-04-28,Frequent,Delhi,25-34,1218
USR002748,2026-01-17,Occasional,Uttar Pradesh,18-24,223
USR002749,2026-02-05,Occasional,Rajasthan,18-24,204
USR002750,2025-02-06,Occasional,Karnataka,35-44,568
USR002751,2026-03-30,New,Haryana,35-44,151
USR002752,2024-01-02,Occasional,Delhi,35-44,969
USR002753,2026-03-10,Frequent,Maharashtra,18-24,171
USR002754,2024-06-29,Occasional,Telangana,18-24,790
USR002755,2023-06-08,New,Rajasthan,18-24,1177
USR002756,2023-05-27,Frequent,Maharashtra,45-59,1189
USR002757,2023-06-14,Occasional,Tamil Nadu,25-34,1171
USR002758,2023-03-22,Power,Maharashtra,45-59,1255
USR002759,2024-08-19,Frequent,Tamil Nadu,18-24,739
USR002760,2025-07-28,Occasional,Uttar Pradesh,25-34,396
USR002761,2024-04-03,Power,West Bengal,18-24,877
USR002762,2024-07-24,Frequent,Telangana,60+,765
USR002763,2026-02-11,New,Tamil Nadu,45-59,198
USR002764,2023-03-08,Frequent,Gujarat,18-24,1269
USR002765,2023-11-17,Power,Haryana,35-44,1015
USR002766,2026-01-31,Occasional,Haryana,18-24,209
USR002767,2024-04-05,New,Delhi,60+,875
USR002768,2025-10-07,Occasional,Karnataka,18-24,325
USR002769,2026-03-18,New,Telangana,18-24,163
USR002770,2023-04-08,Occasional,Haryana,35-44,1238
USR002771,2023-05-02,New,Telangana,35-44,1214
USR002772,2025-07-15,Occasional,Gujarat,35-44,409
USR002773,2025-07-18,Power,Rajasthan,25-34,406
USR002774,2024-12-29,Power,Haryana,25-34,607
USR002775,2026-04-15,Occasional,West Bengal,35-44,135
USR002776,2025-11-01,Power,Telangana,25-34,300
USR002777,2023-01-06,Occasional,West Bengal,60+,1330
USR002778,2025-04-25,Power,Maharashtra,18-24,490
USR002779,2026-01-22,New,Karnataka,25-34,218
USR002780,2023-12-18,Frequent,Delhi,18-24,984
USR002781,2023-06-09,Power,Uttar Pradesh,45-59,1176
USR002782,2024-05-02,Frequent,Uttar Pradesh,18-24,848
USR002783,2026-03-18,Power,Haryana,18-24,163
USR002784,2023-11-18,Occasional,Tamil Nadu,18-24,1014
USR002785,2023-12-21,New,Delhi,18-24,981
USR002786,2023-05-18,New,Gujarat,45-59,1198
USR002787,2024-11-09,Occasional,Maharashtra,18-24,657
USR002788,2024-04-08,Power,Uttar Pradesh,25-34,872
USR002789,2023-03-10,Occasional,Telangana,25-34,1267
USR002790,2026-02-09,Power,Uttar Pradesh,25-34,200
USR002791,2024-03-02,Frequent,Tamil Nadu,18-24,909
USR002792,2023-11-29,Occasional,Tamil Nadu,25-34,1003
USR002793,2023-12-01,Frequent,Delhi,18-24,1001
USR002794,2026-01-05,New,Haryana,35-44,235
USR002795,2026-01-07,Power,Tamil Nadu,18-24,233
USR002796,2024-07-05,Frequent,Karnataka,18-24,784
USR002797,2026-04-02,New,Gujarat,35-44,148
USR002798,2025-03-15,Occasional,Haryana,25-34,531
USR002799,2023-10-02,Power,Karnataka,18-24,1061
USR002800,2025-10-13,Occasional,Karnataka,25-34,319
USR002801,2024-09-24,Frequent,Uttar Pradesh,18-24,703
USR002802,2023-01-31,Occasional,Haryana,35-44,1305
USR002803,2024-07-03,Frequent,Haryana,18-24,786
USR002804,2025-07-06,Occasional,Karnataka,25-34,418
USR002805,2024-01-06,Occasional,Karnataka,35-44,965
USR002806,2023-07-24,Frequent,Tamil Nadu,35-44,1131
USR002807,2023-09-20,Power,Uttar Pradesh,25-34,1073
USR002808,2023-11-06,Frequent,Rajasthan,25-34,1026
USR002809,2025-03-27,Occasional,Karnataka,45-59,519
USR002810,2023-10-18,Frequent,Haryana,25-34,1045
USR002811,2025-07-07,Power,Tamil Nadu,18-24,417
USR002812,2026-03-15,Frequent,Rajasthan,45-59,166
USR002813,2024-10-07,Power,Uttar Pradesh,18-24,690
USR002814,2023-12-07,Frequent,Karnataka,25-34,995
USR002815,2024-04-16,Power,Gujarat,18-24,864
USR002816,2023-07-12,Occasional,Delhi,18-24,1143
USR002817,2023-08-04,Occasional,Maharashtra,25-34,1120
USR002818,2025-06-23,Frequent,Haryana,25-34,431
USR002819,2023-10-14,Occasional,Haryana,60+,1049
USR002820,2025-02-05,Frequent,Uttar Pradesh,35-44,569
USR002821,2023-11-11,Power,Rajasthan,25-34,1021
USR002822,2024-06-04,Frequent,Gujarat,35-44,815
USR002823,2026-01-10,Frequent,Haryana,18-24,230
USR002824,2023-01-16,Occasional,Rajasthan,25-34,1320
USR002825,2023-03-26,Occasional,Telangana,35-44,1251
USR002826,2024-02-11,Power,Tamil Nadu,35-44,929
USR002827,2026-02-17,Occasional,Karnataka,25-34,192
USR002828,2023-04-28,Occasional,West Bengal,35-44,1218
USR002829,2024-08-16,Power,Uttar Pradesh,18-24,742
USR002830,2025-11-30,Occasional,Rajasthan,35-44,271
USR002831,2025-01-05,Frequent,Rajasthan,18-24,600
USR002832,2026-01-13,Occasional,Gujarat,25-34,227
USR002833,2025-09-05,New,Delhi,18-24,357
USR002834,2025-11-06,Occasional,West Bengal,18-24,295
USR002835,2026-04-12,Frequent,Gujarat,25-34,138
USR002836,2024-03-19,Power,Gujarat,35-44,892
USR002837,2023-06-14,Frequent,Telangana,18-24,1171
USR002838,2023-11-22,Occasional,Gujarat,18-24,1010
USR002839,2023-08-06,Frequent,Gujarat,35-44,1118
USR002840,2025-04-10,Occasional,Uttar Pradesh,25-34,505
USR002841,2026-02-05,Occasional,Haryana,35-44,204
USR002842,2024-01-05,Frequent,Karnataka,35-44,966
USR002843,2023-12-14,Frequent,Tamil Nadu,45-59,988
USR002844,2023-06-28,Occasional,Haryana,18-24,1157
USR002845,2023-01-24,Frequent,Haryana,35-44,1312
USR002846,2025-05-05,Occasional,West Bengal,18-24,480
USR002847,2025-04-19,Occasional,Uttar Pradesh,45-59,496
USR002848,2024-12-02,Power,Maharashtra,45-59,634
USR002849,2025-01-09,Occasional,Delhi,18-24,596
USR002850,2024-08-06,Frequent,Maharashtra,35-44,752
USR002851,2023-06-03,New,Karnataka,25-34,1182
USR002852,2024-05-18,Occasional,Tamil Nadu,25-34,832
USR002853,2023-12-30,New,Uttar Pradesh,35-44,972
USR002854,2023-07-11,New,Haryana,18-24,1144
USR002855,2023-01-12,Frequent,Telangana,45-59,1324
USR002856,2025-12-19,New,West Bengal,25-34,252
USR002857,2024-10-18,Occasional,Telangana,18-24,679
USR002858,2025-05-06,Power,Maharashtra,25-34,479
USR002859,2025-06-11,Power,Telangana,18-24,443
USR002860,2025-12-12,Frequent,Gujarat,18-24,259
USR002861,2026-03-18,Occasional,West Bengal,18-24,163
USR002862,2024-07-09,Occasional,West Bengal,35-44,780
USR002863,2023-10-28,Power,Karnataka,18-24,1035
USR002864,2024-02-10,Frequent,Karnataka,18-24,930
USR002865,2024-06-14,Occasional,Karnataka,45-59,805
USR002866,2024-09-05,New,Tamil Nadu,35-44,722
USR002867,2025-03-07,Occasional,Uttar Pradesh,18-24,539
USR002868,2024-02-07,Frequent,West Bengal,25-34,933
USR002869,2025-03-06,Frequent,West Bengal,45-59,540
USR002870,2023-03-06,Occasional,Tamil Nadu,35-44,1271
USR002871,2024-08-21,Occasional,Maharashtra,35-44,737
USR002872,2025-05-27,Power,West Bengal,25-34,458
USR002873,2024-11-27,New,Rajasthan,25-34,639
USR002874,2023-06-27,Power,West Bengal,25-34,1158
USR002875,2026-03-02,Occasional,Uttar Pradesh,25-34,179
USR002876,2023-03-26,Power,Uttar Pradesh,25-34,1251
USR002877,2025-06-30,Occasional,Uttar Pradesh,18-24,424
USR002878,2025-10-13,Occasional,Uttar Pradesh,25-34,319
USR002879,2024-11-17,Frequent,Rajasthan,35-44,649
USR002880,2026-03-18,Occasional,Haryana,35-44,163
USR002881,2023-01-23,Occasional,Uttar Pradesh,35-44,1313
USR002882,2025-01-27,Frequent,Telangana,35-44,578
USR002883,2023-10-08,Occasional,Haryana,18-24,1055
USR002884,2025-08-15,Occasional,Rajasthan,25-34,378
USR002885,2024-06-29,New,Maharashtra,60+,790
USR002886,2023-01-07,Frequent,Tamil Nadu,25-34,1329
USR002887,2024-11-21,Frequent,Gujarat,25-34,645
USR002888,2024-07-02,Occasional,Telangana,35-44,787
USR002889,2024-04-25,Occasional,Haryana,25-34,855
USR002890,2023-03-08,Frequent,Tamil Nadu,25-34,1269
USR002891,2023-06-09,Occasional,Telangana,18-24,1176
USR002892,2025-09-27,Power,Telangana,35-44,335
USR002893,2024-08-24,Occasional,Rajasthan,45-59,734
USR002894,2025-12-06,Occasional,Tamil Nadu,25-34,265
USR002895,2025-03-22,Frequent,Karnataka,25-34,524
USR002896,2025-07-13,Power,Gujarat,35-44,411
USR002897,2024-06-09,Power,West Bengal,18-24,810
USR002898,2025-03-05,Frequent,Telangana,25-34,541
USR002899,2023-05-18,Occasional,Uttar Pradesh,45-59,1198
USR002900,2023-06-28,Frequent,Rajasthan,35-44,1157
USR002901,2026-03-15,New,Maharashtra,18-24,166
USR002902,2025-08-31,Power,Delhi,25-34,362
USR002903,2023-08-14,New,Rajasthan,25-34,1110
USR002904,2023-03-25,Frequent,Rajasthan,25-34,1252
USR002905,2024-08-17,Power,Gujarat,25-34,741
USR002906,2025-05-27,New,Maharashtra,18-24,458
USR002907,2024-05-22,Occasional,Telangana,25-34,828
USR002908,2024-05-18,Occasional,Telangana,25-34,832
USR002909,2025-06-20,Frequent,Maharashtra,35-44,434
USR002910,2025-08-22,Frequent,Karnataka,25-34,371
USR002911,2023-10-05,Occasional,Delhi,25-34,1058
USR002912,2025-08-31,Power,Uttar Pradesh,35-44,362
USR002913,2023-02-03,Frequent,West Bengal,25-34,1302
USR002914,2025-11-04,Occasional,Tamil Nadu,25-34,297
USR002915,2024-11-05,Frequent,Maharashtra,25-34,661
USR002916,2024-02-25,Frequent,Tamil Nadu,25-34,915
USR002917,2023-12-13,Frequent,Haryana,35-44,989
USR002918,2025-10-28,Frequent,Telangana,18-24,304
USR002919,2024-10-06,Frequent,Gujarat,35-44,691
USR002920,2024-09-11,Frequent,Delhi,35-44,716
USR002921,2025-07-21,New,Rajasthan,25-34,403
USR002922,2023-06-09,Frequent,Telangana,25-34,1176
USR002923,2025-06-25,New,Telangana,18-24,429
USR002924,2023-05-06,Frequent,Telangana,35-44,1210
USR002925,2026-03-29,Power,Maharashtra,25-34,152
USR002926,2026-04-03,Frequent,Rajasthan,35-44,147
USR002927,2023-06-14,Frequent,Haryana,35-44,1171
USR002928,2023-11-24,Frequent,Rajasthan,18-24,1008
USR002929,2024-10-23,Power,Tamil Nadu,35-44,674
USR002930,2024-04-22,Frequent,West Bengal,35-44,858
USR002931,2023-01-13,Frequent,Uttar Pradesh,25-34,1323
USR002932,2023-12-18,Occasional,Uttar Pradesh,18-24,984
USR002933,2024-02-27,Frequent,Haryana,25-34,913
USR002934,2024-04-25,Power,Karnataka,25-34,855
USR002935,2024-05-01,Power,Uttar Pradesh,25-34,849
USR002936,2023-02-09,New,Gujarat,35-44,1296
USR002937,2025-05-07,Occasional,Telangana,25-34,478
USR002938,2023-05-11,Frequent,Rajasthan,25-34,1205
USR002939,2023-01-05,Occasional,Haryana,25-34,1331
USR002940,2024-07-10,Occasional,Rajasthan,35-44,779
USR002941,2024-07-23,Frequent,Tamil Nadu,35-44,766
USR002942,2023-10-28,Frequent,Karnataka,25-34,1035
USR002943,2026-01-08,New,West Bengal,25-34,232
USR002944,2023-01-12,Occasional,Telangana,45-59,1324
USR002945,2024-07-09,Frequent,Karnataka,25-34,780
USR002946,2025-12-16,Frequent,Maharashtra,18-24,255
USR002947,2024-06-01,Power,Haryana,45-59,818
USR002948,2023-10-18,Power,Rajasthan,18-24,1045
USR002949,2023-01-04,Occasional,West Bengal,35-44,1332
USR002950,2023-08-23,Frequent,Haryana,60+,1101
USR002951,2025-04-24,Frequent,Maharashtra,25-34,491
USR002952,2023-04-09,Occasional,Rajasthan,25-34,1237
USR002953,2023-03-06,Frequent,Karnataka,25-34,1271
USR002954,2025-04-03,Occasional,Delhi,25-34,512
USR002955,2025-04-29,Frequent,Uttar Pradesh,35-44,486
USR002956,2025-12-14,Occasional,Maharashtra,25-34,257
USR002957,2023-02-09,Frequent,Rajasthan,25-34,1296
USR002958,2026-04-01,Power,Haryana,18-24,149
USR002959,2025-08-14,Frequent,Karnataka,18-24,379
USR002960,2026-01-10,New,Haryana,25-34,230
USR002961,2025-02-27,Power,Delhi,35-44,547
USR002962,2025-04-11,Occasional,Maharashtra,25-34,504
USR002963,2025-12-22,New,Maharashtra,18-24,249
USR002964,2023-09-03,Frequent,Delhi,60+,1090
USR002965,2025-05-12,Occasional,Uttar Pradesh,18-24,473
USR002966,2024-03-23,Occasional,Haryana,25-34,888
USR002967,2024-01-12,Frequent,Gujarat,60+,959
USR002968,2025-09-19,Power,Karnataka,18-24,343
USR002969,2024-08-27,Power,Delhi,18-24,731
USR002970,2025-02-04,Occasional,Haryana,18-24,570
USR002971,2023-07-04,Power,Delhi,45-59,1151
USR002972,2025-07-28,Occasional,Maharashtra,18-24,396
USR002973,2024-06-29,Frequent,Telangana,35-44,790
USR002974,2023-05-01,Occasional,Telangana,25-34,1215
USR002975,2025-07-08,New,Uttar Pradesh,18-24,416
USR002976,2024-10-13,New,Uttar Pradesh,18-24,684
USR002977,2024-12-27,Occasional,Telangana,18-24,609
USR002978,2023-06-12,Frequent,West Bengal,35-44,1173
USR002979,2024-07-24,Frequent,Tamil Nadu,35-44,765
USR002980,2024-07-11,Power,Rajasthan,25-34,778
USR002981,2023-09-01,Occasional,Haryana,25-34,1092
USR002982,2025-10-17,Occasional,Gujarat,18-24,315
USR002983,2025-03-30,Occasional,Tamil Nadu,45-59,516
USR002984,2024-04-17,Occasional,Telangana,25-34,863
USR002985,2025-08-07,Frequent,Haryana,60+,386
USR002986,2025-04-15,Occasional,Karnataka,18-24,500
USR002987,2026-04-05,Occasional,West Bengal,45-59,145
USR002988,2023-12-23,New,Maharashtra,45-59,979
USR002989,2024-01-16,Frequent,Telangana,18-24,955
USR002990,2025-04-21,Frequent,Delhi,18-24,494
USR002991,2025-05-03,Occasional,West Bengal,45-59,482
USR002992,2026-03-11,Frequent,Delhi,18-24,170
USR002993,2024-12-07,Occasional,Haryana,45-59,629
USR002994,2023-11-13,Frequent,Haryana,35-44,1019
USR002995,2026-01-27,Occasional,Gujarat,35-44,213
USR002996,2025-09-04,Power,Telangana,25-34,358
USR002997,2025-08-08,Frequent,West Bengal,25-34,385
USR002998,2025-02-01,Power,Telangana,18-24,573
USR002999,2023-09-06,Occasional,Rajasthan,18-24,1087
USR003000,2025-12-07,Power,Uttar Pradesh,45-59,264
USR003001,2024-05-20,New,Tamil Nadu,25-34,830
USR003002,2024-01-24,Power,Haryana,18-24,947
USR003003,2023-09-16,Occasional,Maharashtra,18-24,1077
USR003004,2023-05-17,Occasional,Maharashtra,25-34,1199
USR003005,2025-08-13,Power,Delhi,35-44,380
USR003006,2023-05-18,Power,Uttar Pradesh,35-44,1198
USR003007,2024-04-09,Power,Uttar Pradesh,35-44,871
USR003008,2026-03-01,New,Uttar Pradesh,18-24,180
USR003009,2024-02-23,Frequent,Haryana,25-34,917
USR003010,2023-11-08,Power,Rajasthan,25-34,1024
USR003011,2023-03-09,Frequent,Rajasthan,25-34,1268
USR003012,2024-11-01,Power,Telangana,18-24,665
USR003013,2023-10-05,Occasional,Maharashtra,25-34,1058
USR003014,2023-11-06,New,Delhi,18-24,1026
USR003015,2024-04-20,New,West Bengal,60+,860
USR003016,2025-05-26,Frequent,Karnataka,25-34,459
USR003017,2024-06-18,Frequent,Haryana,25-34,801
USR003018,2026-03-10,Power,Rajasthan,45-59,171
USR003019,2023-03-11,Frequent,Gujarat,25-34,1266
USR003020,2023-09-27,Power,Karnataka,25-34,1066
USR003021,2025-01-16,Occasional,Maharashtra,25-34,589
USR003022,2025-04-16,Occasional,Rajasthan,25-34,499
USR003023,2024-11-13,Power,Delhi,35-44,653
USR003024,2024-08-17,Power,Maharashtra,25-34,741
USR003025,2024-09-21,Frequent,Karnataka,35-44,706
USR003026,2024-10-13,Occasional,Karnataka,25-34,684
USR003027,2025-09-14,Frequent,Gujarat,35-44,348
USR003028,2023-07-18,New,West Bengal,25-34,1137
USR003029,2024-02-07,Frequent,Karnataka,25-34,933
USR003030,2024-12-17,New,Telangana,18-24,619
USR003031,2026-03-24,Frequent,Delhi,45-59,157
USR003032,2023-10-28,Frequent,Haryana,35-44,1035
USR003033,2026-04-10,Frequent,Karnataka,25-34,140
USR003034,2025-11-22,Frequent,Tamil Nadu,25-34,279
USR003035,2024-01-24,Occasional,Delhi,35-44,947
USR003036,2024-09-27,Occasional,West Bengal,18-24,700
USR003037,2023-01-01,Frequent,West Bengal,25-34,1335
USR003038,2025-06-28,Frequent,Rajasthan,25-34,426
USR003039,2023-09-21,Frequent,Gujarat,60+,1072
USR003040,2023-01-11,Frequent,West Bengal,25-34,1325
USR003041,2023-06-06,Frequent,Haryana,18-24,1179
USR003042,2025-08-23,Frequent,Rajasthan,35-44,370
USR003043,2025-01-01,New,Tamil Nadu,45-59,604
USR003044,2023-12-07,Power,Haryana,25-34,995
USR003045,2024-07-02,Occasional,Tamil Nadu,60+,787
USR003046,2023-03-17,Frequent,Karnataka,25-34,1260
USR003047,2024-12-26,Frequent,Gujarat,25-34,610
USR003048,2023-06-11,Frequent,Karnataka,25-34,1174
USR003049,2025-07-14,Occasional,Haryana,25-34,410
USR003050,2025-01-19,Occasional,Karnataka,45-59,586
USR003051,2023-04-07,Frequent,West Bengal,18-24,1239
USR003052,2024-08-06,New,Tamil Nadu,45-59,752
USR003053,2023-01-26,Frequent,Gujarat,45-59,1310
USR003054,2023-08-29,Frequent,Maharashtra,60+,1095
USR003055,2024-05-24,Frequent,Rajasthan,18-24,826
USR003056,2023-06-16,Power,Maharashtra,25-34,1169
USR003057,2025-02-22,Occasional,Delhi,35-44,552
USR003058,2023-03-23,Occasional,Gujarat,45-59,1254
USR003059,2026-01-19,Frequent,Uttar Pradesh,25-34,221
USR003060,2023-02-13,Frequent,Rajasthan,25-34,1292
USR003061,2023-11-07,Occasional,Delhi,25-34,1025
USR003062,2024-11-23,New,Telangana,18-24,643
USR003063,2025-06-14,Frequent,Tamil Nadu,35-44,440
USR003064,2024-04-29,Occasional,Telangana,18-24,851
USR003065,2023-04-24,Power,Haryana,60+,1222
USR003066,2024-09-06,Occasional,Maharashtra,25-34,721
USR003067,2025-11-04,Power,Telangana,25-34,297
USR003068,2025-11-01,Frequent,Haryana,25-34,300
USR003069,2023-03-29,Frequent,Maharashtra,60+,1248
USR003070,2023-08-29,Frequent,Haryana,18-24,1095
USR003071,2024-07-31,Power,Karnataka,18-24,758
USR003072,2023-10-25,Power,Telangana,18-24,1038
USR003073,2024-11-17,Frequent,Rajasthan,25-34,649
USR003074,2023-04-07,Occasional,Telangana,18-24,1239
USR003075,2023-09-02,New,Telangana,18-24,1091
USR003076,2025-07-20,Frequent,Delhi,18-24,404
USR003077,2024-10-04,Occasional,West Bengal,25-34,693
USR003078,2025-09-01,Frequent,Uttar Pradesh,25-34,361
USR003079,2024-07-24,Occasional,Maharashtra,35-44,765
USR003080,2023-10-09,Power,Tamil Nadu,18-24,1054
USR003081,2023-05-11,Occasional,Karnataka,35-44,1205
USR003082,2026-03-18,Occasional,Tamil Nadu,25-34,163
USR003083,2025-05-12,Power,West Bengal,35-44,473
USR003084,2025-04-15,New,Telangana,18-24,500
USR003085,2024-10-31,Frequent,Haryana,25-34,666
USR003086,2023-01-06,Occasional,Maharashtra,18-24,1330
USR003087,2025-02-26,New,Rajasthan,25-34,548
USR003088,2023-09-23,Occasional,Rajasthan,45-59,1070
USR003089,2023-01-13,Occasional,Telangana,25-34,1323
USR003090,2023-04-10,Occasional,Maharashtra,25-34,1236
USR003091,2023-03-27,Occasional,Tamil Nadu,25-34,1250
USR003092,2023-01-18,Occasional,Delhi,35-44,1318
USR003093,2023-06-29,Frequent,Telangana,18-24,1156
USR003094,2023-01-17,Frequent,Haryana,18-24,1319
USR003095,2024-03-19,Frequent,Haryana,18-24,892
USR003096,2023-12-04,New,Tamil Nadu,25-34,998
USR003097,2023-10-21,Occasional,Maharashtra,25-34,1042
USR003098,2024-11-25,Occasional,Tamil Nadu,35-44,641
USR003099,2025-07-31,Frequent,Haryana,25-34,393
USR003100,2025-01-20,Occasional,Karnataka,25-34,585
USR003101,2024-01-18,Power,Maharashtra,18-24,953
USR003102,2025-12-28,Occasional,Delhi,35-44,243
USR003103,2025-08-07,Occasional,West Bengal,45-59,386
USR003104,2024-10-20,Occasional,Uttar Pradesh,60+,677
USR003105,2023-10-08,New,Uttar Pradesh,35-44,1055
USR003106,2024-07-30,Frequent,Gujarat,18-24,759
USR003107,2023-07-05,New,Maharashtra,25-34,1150
USR003108,2023-09-05,Frequent,Haryana,25-34,1088
USR003109,2024-12-18,Frequent,Uttar Pradesh,45-59,618
USR003110,2024-08-02,Frequent,Telangana,60+,756
USR003111,2023-11-18,Power,Haryana,35-44,1014
USR003112,2025-01-29,New,West Bengal,25-34,576
USR003113,2023-04-18,Occasional,Telangana,25-34,1228
USR003114,2024-04-25,Power,Telangana,18-24,855
USR003115,2025-05-10,Power,Uttar Pradesh,25-34,475
USR003116,2023-03-04,Occasional,Uttar Pradesh,25-34,1273
USR003117,2023-11-12,Frequent,Telangana,18-24,1020
USR003118,2024-02-07,Occasional,Karnataka,25-34,933
USR003119,2025-01-17,New,Gujarat,45-59,588
USR003120,2023-01-09,New,Tamil Nadu,25-34,1327
USR003121,2023-07-04,Occasional,Karnataka,25-34,1151
USR003122,2023-04-21,Occasional,West Bengal,25-34,1225
USR003123,2025-02-03,New,Uttar Pradesh,25-34,571
USR003124,2024-03-04,Occasional,Gujarat,25-34,907
USR003125,2026-03-07,Occasional,Telangana,45-59,174
USR003126,2025-01-18,Occasional,Gujarat,25-34,587
USR003127,2025-08-15,Frequent,Gujarat,35-44,378
USR003128,2023-09-10,Frequent,Karnataka,35-44,1083
USR003129,2025-12-10,Frequent,Rajasthan,25-34,261
USR003130,2024-09-07,Power,Telangana,25-34,720
USR003131,2025-05-29,Occasional,Karnataka,25-34,456
USR003132,2024-02-03,Power,Haryana,25-34,937
USR003133,2026-02-19,Frequent,Rajasthan,45-59,190
USR003134,2025-02-05,Frequent,Maharashtra,35-44,569
USR003135,2024-05-12,Power,West Bengal,35-44,838
USR003136,2023-07-01,Frequent,Tamil Nadu,35-44,1154
USR003137,2023-07-25,Frequent,Delhi,18-24,1130
USR003138,2025-01-07,Occasional,Tamil Nadu,18-24,598
USR003139,2023-10-22,Frequent,Haryana,25-34,1041
USR003140,2024-03-11,Frequent,Delhi,18-24,900
USR003141,2025-04-09,Occasional,Maharashtra,18-24,506
USR003142,2026-02-22,Power,Gujarat,18-24,187
USR003143,2023-12-02,Power,West Bengal,25-34,1000
USR003144,2024-01-18,Occasional,West Bengal,25-34,953
USR003145,2024-04-29,Frequent,Delhi,18-24,851
USR003146,2025-12-31,Power,Delhi,18-24,240
USR003147,2024-05-03,Frequent,Maharashtra,25-34,847
USR003148,2024-05-29,Frequent,Maharashtra,18-24,821
USR003149,2024-01-22,Occasional,Delhi,25-34,949
USR003150,2024-08-23,New,Uttar Pradesh,25-34,735
USR003151,2023-05-25,Frequent,Rajasthan,18-24,1191
USR003152,2023-01-19,Frequent,West Bengal,25-34,1317
USR003153,2024-10-19,Power,Gujarat,35-44,678
USR003154,2024-12-01,New,Telangana,18-24,635
USR003155,2025-06-25,Occasional,Haryana,25-34,429
USR003156,2023-05-23,Occasional,Tamil Nadu,18-24,1193
USR003157,2023-01-08,Frequent,Telangana,35-44,1328
USR003158,2024-05-18,Occasional,Delhi,18-24,832
USR003159,2025-06-04,Power,Delhi,45-59,450
USR003160,2025-10-06,Occasional,West Bengal,18-24,326
USR003161,2023-06-04,Occasional,Rajasthan,25-34,1181
USR003162,2023-03-11,Power,Telangana,45-59,1266
USR003163,2025-09-06,New,West Bengal,18-24,356
USR003164,2026-02-17,Occasional,Tamil Nadu,25-34,192
USR003165,2023-03-12,Occasional,Gujarat,18-24,1265
USR003166,2025-10-28,Frequent,Delhi,25-34,304
USR003167,2023-06-23,Frequent,Maharashtra,25-34,1162
USR003168,2024-09-01,Frequent,Delhi,45-59,726
USR003169,2024-07-07,New,Telangana,25-34,782
USR003170,2025-01-21,Frequent,Telangana,25-34,584
USR003171,2023-10-10,Occasional,Maharashtra,35-44,1053
USR003172,2025-05-30,Power,Maharashtra,35-44,455
USR003173,2024-05-16,Frequent,Tamil Nadu,35-44,834
USR003174,2024-12-31,Frequent,Telangana,45-59,605
USR003175,2024-06-21,Power,Karnataka,18-24,798
USR003176,2025-07-06,Occasional,Haryana,25-34,418
USR003177,2026-04-15,Occasional,Rajasthan,45-59,135
USR003178,2026-03-14,Frequent,Haryana,35-44,167
USR003179,2024-07-22,Power,Haryana,35-44,767
USR003180,2024-06-11,Frequent,Rajasthan,25-34,808
USR003181,2024-10-07,Power,Maharashtra,35-44,690
USR003182,2024-03-01,New,Telangana,35-44,910
USR003183,2025-06-12,Occasional,Delhi,18-24,442
USR003184,2024-03-31,Power,Uttar Pradesh,45-59,880
USR003185,2023-07-27,New,Delhi,35-44,1128
USR003186,2026-04-14,Frequent,Rajasthan,35-44,136
USR003187,2023-06-02,Frequent,Karnataka,25-34,1183
USR003188,2024-08-13,Frequent,Gujarat,18-24,745
USR003189,2023-02-03,New,Karnataka,18-24,1302
USR003190,2025-07-11,Occasional,Delhi,18-24,413
USR003191,2024-01-31,Power,Rajasthan,35-44,940
USR003192,2024-09-14,Power,Uttar Pradesh,18-24,713
USR003193,2023-11-27,Occasional,West Bengal,35-44,1005
USR003194,2025-10-03,New,Rajasthan,35-44,329
USR003195,2025-12-13,New,Delhi,18-24,258
USR003196,2025-12-12,Frequent,West Bengal,18-24,259
USR003197,2026-01-24,Power,Uttar Pradesh,18-24,216
USR003198,2025-12-05,New,Karnataka,60+,266
USR003199,2024-02-14,Frequent,Uttar Pradesh,25-34,926
USR003200,2025-01-27,Occasional,West Bengal,35-44,578
USR003201,2026-03-23,Frequent,Uttar Pradesh,25-34,158
USR003202,2024-10-26,Frequent,West Bengal,25-34,671
USR003203,2026-03-07,Frequent,Telangana,18-24,174
USR003204,2026-01-14,Occasional,Maharashtra,35-44,226
USR003205,2025-06-29,Occasional,Telangana,35-44,425
USR003206,2023-04-14,Power,Maharashtra,25-34,1232
USR003207,2023-10-16,Occasional,Telangana,25-34,1047
USR003208,2023-01-16,New,Gujarat,25-34,1320
USR003209,2024-10-14,Frequent,Rajasthan,25-34,683
USR003210,2024-07-22,Occasional,Rajasthan,45-59,767
USR003211,2024-10-22,Occasional,Gujarat,45-59,675
USR003212,2024-12-22,New,Delhi,18-24,614
USR003213,2025-06-01,Occasional,Maharashtra,18-24,453
USR003214,2025-12-08,Occasional,Rajasthan,35-44,263
USR003215,2025-04-29,Power,Delhi,18-24,486
USR003216,2023-04-28,Occasional,Telangana,25-34,1218
USR003217,2024-06-06,Occasional,Delhi,18-24,813
USR003218,2024-06-09,Power,Uttar Pradesh,18-24,810
USR003219,2025-11-15,Frequent,West Bengal,45-59,286
USR003220,2023-01-11,New,Tamil Nadu,18-24,1325
USR003221,2025-04-12,Power,Telangana,18-24,503
USR003222,2024-04-22,Power,West Bengal,35-44,858
USR003223,2023-05-11,Frequent,Tamil Nadu,25-34,1205
USR003224,2023-04-04,Power,Uttar Pradesh,35-44,1242
USR003225,2024-07-02,Occasional,Tamil Nadu,25-34,787
USR003226,2025-04-22,New,Maharashtra,35-44,493
USR003227,2024-11-12,Frequent,Rajasthan,25-34,654
USR003228,2025-12-31,Occasional,Haryana,35-44,240
USR003229,2024-07-23,Frequent,Tamil Nadu,18-24,766
USR003230,2026-03-30,New,Telangana,25-34,151
USR003231,2025-09-01,Frequent,Haryana,35-44,361
USR003232,2023-10-04,Power,Gujarat,60+,1059
USR003233,2026-02-11,Occasional,Tamil Nadu,25-34,198
USR003234,2024-07-07,Frequent,Uttar Pradesh,25-34,782
USR003235,2023-03-28,Frequent,Gujarat,35-44,1249
USR003236,2025-02-12,Frequent,West Bengal,18-24,562
USR003237,2025-11-09,Power,Maharashtra,25-34,292
USR003238,2025-10-17,Frequent,Tamil Nadu,25-34,315
USR003239,2023-02-08,Power,Haryana,35-44,1297
USR003240,2026-01-28,New,Telangana,18-24,212
USR003241,2024-05-28,Occasional,Maharashtra,35-44,822
USR003242,2023-07-04,Occasional,Rajasthan,25-34,1151
USR003243,2023-10-14,Occasional,Uttar Pradesh,25-34,1049
USR003244,2023-02-05,Frequent,Uttar Pradesh,18-24,1300
USR003245,2024-04-10,New,West Bengal,25-34,870
USR003246,2025-08-22,Occasional,Telangana,25-34,371
USR003247,2025-01-18,Power,Karnataka,25-34,587
USR003248,2023-05-17,Frequent,Telangana,35-44,1199
USR003249,2025-12-06,Frequent,Tamil Nadu,18-24,265
USR003250,2025-12-05,Frequent,Delhi,35-44,266
USR003251,2024-10-17,Frequent,Rajasthan,35-44,680
USR003252,2025-11-19,Power,Uttar Pradesh,18-24,282
USR003253,2025-05-10,Occasional,Tamil Nadu,18-24,475
USR003254,2025-05-29,New,Gujarat,35-44,456
USR003255,2025-02-10,Frequent,Uttar Pradesh,18-24,564
USR003256,2025-05-10,Power,Uttar Pradesh,45-59,475
USR003257,2024-03-05,New,West Bengal,18-24,906
USR003258,2023-01-06,Occasional,Delhi,35-44,1330
USR003259,2024-03-13,Frequent,Karnataka,25-34,898
USR003260,2025-12-20,Power,Karnataka,25-34,251
USR003261,2025-10-22,New,Delhi,45-59,310
USR003262,2025-01-10,Power,Haryana,25-34,595
USR003263,2026-01-28,Frequent,Maharashtra,45-59,212
USR003264,2023-11-09,Occasional,West Bengal,35-44,1023
USR003265,2024-03-26,Frequent,Karnataka,25-34,885
USR003266,2025-10-26,Power,Maharashtra,60+,306
USR003267,2023-12-17,Occasional,Haryana,18-24,985
USR003268,2025-05-27,Occasional,Uttar Pradesh,35-44,458
USR003269,2026-01-15,Frequent,West Bengal,18-24,225
USR003270,2026-02-04,Occasional,West Bengal,60+,205
USR003271,2026-04-04,Occasional,Uttar Pradesh,18-24,146
USR003272,2025-06-30,Occasional,Gujarat,25-34,424
USR003273,2025-12-10,New,Rajasthan,25-34,261
USR003274,2023-03-23,Power,Tamil Nadu,25-34,1254
USR003275,2023-05-16,Occasional,Karnataka,25-34,1200
USR003276,2023-04-29,Frequent,Uttar Pradesh,25-34,1217
USR003277,2025-03-10,Occasional,Rajasthan,18-24,536
USR003278,2024-06-23,Frequent,West Bengal,25-34,796
USR003279,2025-12-11,New,Delhi,45-59,260
USR003280,2025-09-07,Occasional,Delhi,18-24,355
USR003281,2025-03-28,Frequent,Delhi,18-24,518
USR003282,2023-02-27,Frequent,Gujarat,35-44,1278
USR003283,2026-01-25,Power,Rajasthan,18-24,215
USR003284,2026-03-07,Frequent,Rajasthan,25-34,174
USR003285,2025-03-03,Power,Karnataka,25-34,543
USR003286,2023-10-02,Power,Maharashtra,25-34,1061
USR003287,2025-09-27,New,Telangana,25-34,335
USR003288,2023-03-17,Power,Maharashtra,25-34,1260
USR003289,2023-09-28,Occasional,Delhi,25-34,1065
USR003290,2023-10-22,Occasional,Haryana,45-59,1041
USR003291,2024-04-03,Occasional,Rajasthan,25-34,877
USR003292,2025-06-13,Frequent,Haryana,45-59,441
USR003293,2023-04-05,Occasional,Gujarat,18-24,1241
USR003294,2025-10-02,Occasional,Rajasthan,25-34,330
USR003295,2025-11-28,Frequent,Tamil Nadu,60+,273
USR003296,2024-01-27,Occasional,West Bengal,18-24,944
USR003297,2025-09-24,Occasional,Karnataka,35-44,338
USR003298,2024-03-22,New,Gujarat,25-34,889
USR003299,2023-03-29,Frequent,Gujarat,25-34,1248
USR003300,2023-03-09,Occasional,Karnataka,25-34,1268
USR003301,2024-03-31,Frequent,Uttar Pradesh,18-24,880
USR003302,2024-09-29,Occasional,Rajasthan,25-34,698
USR003303,2023-08-03,Power,Uttar Pradesh,18-24,1121
USR003304,2025-09-16,Power,Karnataka,35-44,346
USR003305,2024-04-09,Power,Gujarat,35-44,871
USR003306,2024-02-11,Occasional,West Bengal,18-24,929
USR003307,2025-03-16,Power,Rajasthan,25-34,530
USR003308,2023-03-18,Frequent,West Bengal,35-44,1259
USR003309,2025-07-11,Frequent,Rajasthan,18-24,413
USR003310,2023-10-19,Occasional,Uttar Pradesh,35-44,1044
USR003311,2024-06-30,Occasional,Rajasthan,18-24,789
USR003312,2025-04-23,Power,Haryana,35-44,492
USR003313,2023-02-20,Power,Tamil Nadu,35-44,1285
USR003314,2025-05-16,Frequent,Telangana,45-59,469
USR003315,2023-02-14,New,Tamil Nadu,45-59,1291
USR003316,2024-10-15,Frequent,West Bengal,25-34,682
USR003317,2024-03-02,Power,Gujarat,25-34,909
USR003318,2025-10-17,Occasional,Delhi,25-34,315
USR003319,2023-10-29,Frequent,Tamil Nadu,18-24,1034
USR003320,2025-03-16,Power,Tamil Nadu,35-44,530
USR003321,2023-10-07,Frequent,Karnataka,25-34,1056
USR003322,2025-01-24,Power,Uttar Pradesh,25-34,581
USR003323,2024-04-09,Occasional,Uttar Pradesh,18-24,871
USR003324,2025-02-02,New,Gujarat,25-34,572
USR003325,2024-06-04,Frequent,Haryana,25-34,815
USR003326,2025-03-07,New,West Bengal,45-59,539
USR003327,2024-09-06,Occasional,Telangana,35-44,721
USR003328,2024-06-05,Occasional,Karnataka,25-34,814
USR003329,2026-03-18,Occasional,Uttar Pradesh,25-34,163
USR003330,2025-09-24,Occasional,Haryana,18-24,338
USR003331,2023-05-11,Occasional,Gujarat,18-24,1205
USR003332,2023-11-27,Power,Karnataka,25-34,1005
USR003333,2023-07-12,Occasional,Rajasthan,18-24,1143
USR003334,2024-08-10,Power,Karnataka,18-24,748
USR003335,2024-09-06,Power,West Bengal,25-34,721
USR003336,2023-04-30,Frequent,Uttar Pradesh,35-44,1216
USR003337,2024-02-21,Frequent,West Bengal,18-24,919
USR003338,2023-09-21,Frequent,Delhi,25-34,1072
USR003339,2024-08-14,Frequent,Tamil Nadu,60+,744
USR003340,2023-02-28,Power,Telangana,45-59,1277
USR003341,2024-12-13,Power,Maharashtra,25-34,623
USR003342,2026-04-13,Occasional,Delhi,18-24,137
USR003343,2024-01-22,Occasional,West Bengal,25-34,949
USR003344,2025-02-12,Power,Telangana,25-34,562
USR003345,2023-06-09,New,Gujarat,35-44,1176
USR003346,2024-05-07,Occasional,Maharashtra,18-24,843
USR003347,2023-09-20,New,Tamil Nadu,18-24,1073
USR003348,2026-01-19,New,Tamil Nadu,35-44,221
USR003349,2025-05-17,Frequent,Telangana,25-34,468
USR003350,2023-02-03,New,West Bengal,25-34,1302
USR003351,2024-11-01,New,Uttar Pradesh,18-24,665
USR003352,2025-04-06,New,Uttar Pradesh,18-24,509
USR003353,2023-12-03,Occasional,Gujarat,18-24,999
USR003354,2024-09-14,Power,Gujarat,25-34,713
USR003355,2024-09-21,New,Telangana,35-44,706
USR003356,2023-08-14,Frequent,Tamil Nadu,25-34,1110
USR003357,2023-09-20,Occasional,Karnataka,25-34,1073
USR003358,2024-12-31,Frequent,Telangana,45-59,605
USR003359,2024-11-16,Occasional,Delhi,25-34,650
USR003360,2025-09-22,Frequent,Telangana,35-44,340
USR003361,2024-06-22,Power,Uttar Pradesh,25-34,797
USR003362,2023-02-23,Occasional,Rajasthan,25-34,1282
USR003363,2024-01-02,Frequent,Gujarat,25-34,969
USR003364,2024-03-02,Power,Uttar Pradesh,35-44,909
USR003365,2024-06-07,Power,Telangana,25-34,812
USR003366,2024-01-05,Frequent,Rajasthan,18-24,966
USR003367,2023-01-02,Occasional,Tamil Nadu,45-59,1334
USR003368,2023-05-16,Occasional,Gujarat,18-24,1200
USR003369,2023-06-21,Occasional,West Bengal,18-24,1164
USR003370,2024-02-10,New,Karnataka,18-24,930
USR003371,2025-07-26,Frequent,West Bengal,25-34,398
USR003372,2024-10-10,Occasional,Delhi,35-44,687
USR003373,2023-01-17,Occasional,Haryana,25-34,1319
USR003374,2024-05-14,Occasional,Telangana,25-34,836
USR003375,2025-11-18,Occasional,Rajasthan,35-44,283
USR003376,2025-10-25,New,Karnataka,35-44,307
USR003377,2026-01-02,Frequent,Tamil Nadu,18-24,238
USR003378,2024-02-27,Frequent,Gujarat,18-24,913
USR003379,2023-05-13,Occasional,Telangana,25-34,1203
USR003380,2025-04-24,Occasional,Karnataka,45-59,491
USR003381,2023-01-31,Frequent,Rajasthan,18-24,1305
USR003382,2025-07-23,New,Haryana,25-34,401
USR003383,2025-12-10,Occasional,Uttar Pradesh,18-24,261
USR003384,2025-07-19,Power,Telangana,25-34,405
USR003385,2023-01-05,New,Telangana,35-44,1331
USR003386,2024-02-10,Occasional,Karnataka,25-34,930
USR003387,2024-06-23,Occasional,Tamil Nadu,18-24,796
USR003388,2023-03-10,New,Tamil Nadu,18-24,1267
USR003389,2025-10-25,Occasional,Gujarat,60+,307
USR003390,2024-11-17,Power,Maharashtra,25-34,649
USR003391,2023-10-10,Occasional,Karnataka,18-24,1053
USR003392,2023-11-11,New,Telangana,25-34,1021
USR003393,2023-07-31,Occasional,Uttar Pradesh,25-34,1124
USR003394,2026-03-05,New,Karnataka,60+,176
USR003395,2025-04-02,Occasional,Tamil Nadu,18-24,513
USR003396,2025-11-29,New,Delhi,35-44,272
USR003397,2024-07-23,New,Gujarat,18-24,766
USR003398,2023-09-25,Occasional,Delhi,18-24,1068
USR003399,2025-02-12,New,Maharashtra,18-24,562
USR003400,2023-04-05,Power,Karnataka,35-44,1241
USR003401,2024-06-08,Frequent,Tamil Nadu,18-24,811
USR003402,2023-07-26,Occasional,Delhi,25-34,1129
USR003403,2025-11-24,Occasional,Karnataka,35-44,277
USR003404,2023-11-21,Occasional,Haryana,18-24,1011
USR003405,2025-04-23,Frequent,Gujarat,18-24,492
USR003406,2024-09-15,Occasional,Telangana,18-24,712
USR003407,2024-09-02,Frequent,Telangana,35-44,725
USR003408,2023-12-21,Occasional,Rajasthan,25-34,981
USR003409,2024-01-31,Occasional,Maharashtra,35-44,940
USR003410,2026-04-09,Power,Tamil Nadu,25-34,141
USR003411,2025-07-18,Frequent,West Bengal,25-34,406
USR003412,2024-05-11,Occasional,Haryana,25-34,839
USR003413,2025-01-08,Occasional,West Bengal,35-44,597
USR003414,2024-12-30,Occasional,Karnataka,25-34,606
USR003415,2023-12-30,Power,Telangana,25-34,972
USR003416,2024-11-11,Frequent,Karnataka,18-24,655
USR003417,2025-03-09,Power,Gujarat,35-44,537
USR003418,2025-11-12,New,Telangana,25-34,289
USR003419,2023-08-04,Occasional,Gujarat,18-24,1120
USR003420,2025-04-08,Power,Gujarat,18-24,507
USR003421,2025-06-23,Frequent,Uttar Pradesh,45-59,431
USR003422,2025-03-17,Occasional,Gujarat,25-34,529
USR003423,2024-11-23,Occasional,Haryana,25-34,643
USR003424,2025-04-15,New,Haryana,25-34,500
USR003425,2024-11-25,Frequent,Delhi,18-24,641
USR003426,2025-03-06,Frequent,Haryana,18-24,540
USR003427,2023-07-31,Occasional,Karnataka,18-24,1124
USR003428,2025-07-26,Power,Telangana,45-59,398
USR003429,2026-01-25,Power,Gujarat,18-24,215
USR003430,2024-08-09,Occasional,Gujarat,25-34,749
USR003431,2025-05-28,Occasional,Haryana,18-24,457
USR003432,2023-07-27,Occasional,Rajasthan,18-24,1128
USR003433,2026-03-04,Frequent,Tamil Nadu,25-34,177
USR003434,2026-01-23,Frequent,Karnataka,25-34,217
USR003435,2024-12-26,Power,Rajasthan,18-24,610
USR003436,2025-03-17,Power,Rajasthan,25-34,529
USR003437,2025-08-03,New,Tamil Nadu,18-24,390
USR003438,2024-03-02,Frequent,Telangana,18-24,909
USR003439,2023-12-07,Frequent,Maharashtra,45-59,995
USR003440,2024-07-14,Frequent,Telangana,35-44,775
USR003441,2026-02-08,Power,Maharashtra,25-34,201
USR003442,2023-10-14,Occasional,Uttar Pradesh,25-34,1049
USR003443,2023-08-30,New,Karnataka,60+,1094
USR003444,2025-03-26,Frequent,Haryana,35-44,520
USR003445,2025-06-24,Occasional,Gujarat,25-34,430
USR003446,2023-10-23,Frequent,Delhi,25-34,1040
USR003447,2024-08-30,Occasional,Telangana,18-24,728
USR003448,2024-01-27,Frequent,West Bengal,18-24,944
USR003449,2026-04-13,Power,Haryana,25-34,137
USR003450,2024-09-07,New,Telangana,35-44,720
USR003451,2024-06-21,Frequent,Karnataka,60+,798
USR003452,2023-08-13,Occasional,Telangana,35-44,1111
USR003453,2025-02-23,Frequent,Haryana,25-34,551
USR003454,2025-04-19,Frequent,Maharashtra,25-34,496
USR003455,2026-02-01,Occasional,Gujarat,18-24,208
USR003456,2023-08-16,New,Telangana,18-24,1108
USR003457,2024-12-17,Frequent,Haryana,18-24,619
USR003458,2025-04-01,Frequent,Tamil Nadu,25-34,514
USR003459,2024-07-11,Frequent,Maharashtra,35-44,778
USR003460,2023-06-16,Occasional,Tamil Nadu,18-24,1169
USR003461,2024-07-10,Occasional,Telangana,35-44,779
USR003462,2024-02-25,Power,Uttar Pradesh,25-34,915
USR003463,2023-07-25,Occasional,Haryana,25-34,1130
USR003464,2024-06-27,New,Maharashtra,45-59,792
USR003465,2025-06-08,Frequent,Tamil Nadu,18-24,446
USR003466,2024-05-29,Power,Karnataka,18-24,821
USR003467,2023-01-22,Power,Haryana,25-34,1314
USR003468,2023-06-20,Frequent,Maharashtra,35-44,1165
USR003469,2023-11-27,Power,Maharashtra,18-24,1005
USR003470,2026-02-24,Power,Telangana,35-44,185
USR003471,2023-09-01,Occasional,Rajasthan,60+,1092
USR003472,2023-05-29,Power,Haryana,18-24,1187
USR003473,2024-08-20,New,Tamil Nadu,18-24,738
USR003474,2024-11-05,Occasional,Uttar Pradesh,45-59,661
USR003475,2023-05-03,Occasional,Tamil Nadu,18-24,1213
USR003476,2023-05-06,Frequent,Haryana,60+,1210
USR003477,2023-07-16,Frequent,Haryana,18-24,1139
USR003478,2026-01-18,Occasional,Karnataka,25-34,222
USR003479,2025-09-11,New,Karnataka,35-44,351
USR003480,2023-08-26,Occasional,Delhi,35-44,1098
USR003481,2023-07-20,Frequent,Uttar Pradesh,45-59,1135
USR003482,2023-02-03,Power,Uttar Pradesh,45-59,1302
USR003483,2023-01-09,Occasional,Rajasthan,25-34,1327
USR003484,2023-06-30,Occasional,Karnataka,18-24,1155
USR003485,2025-12-28,Frequent,Uttar Pradesh,25-34,243
USR003486,2025-09-19,Power,Karnataka,35-44,343
USR003487,2024-03-12,Power,West Bengal,35-44,899
USR003488,2025-01-24,Frequent,Uttar Pradesh,35-44,581
USR003489,2024-01-20,Frequent,Tamil Nadu,25-34,951
USR003490,2023-06-13,New,West Bengal,25-34,1172
USR003491,2023-08-16,Frequent,Telangana,18-24,1108
USR003492,2026-03-28,Power,Delhi,18-24,153
USR003493,2023-11-07,New,Uttar Pradesh,35-44,1025
USR003494,2023-06-05,Frequent,Karnataka,45-59,1180
USR003495,2024-03-22,Occasional,Telangana,25-34,889
USR003496,2025-06-06,Power,Delhi,25-34,448
USR003497,2025-04-12,Frequent,Gujarat,25-34,503
USR003498,2024-10-23,Occasional,West Bengal,35-44,674
USR003499,2023-06-03,New,Gujarat,18-24,1182
USR003500,2023-05-14,Power,West Bengal,25-34,1202
USR003501,2024-07-19,Frequent,Gujarat,25-34,770
USR003502,2024-08-01,Frequent,Haryana,18-24,757
USR003503,2023-04-30,New,Karnataka,25-34,1216
USR003504,2024-11-28,Occasional,Gujarat,45-59,638
USR003505,2025-04-03,Occasional,Gujarat,35-44,512
USR003506,2024-08-29,Power,Delhi,25-34,729
USR003507,2023-06-26,Frequent,Telangana,25-34,1159
USR003508,2025-01-10,Occasional,Maharashtra,18-24,595
USR003509,2023-01-17,Frequent,Maharashtra,18-24,1319
USR003510,2024-07-16,New,Tamil Nadu,18-24,773
USR003511,2025-02-13,Frequent,Telangana,35-44,561
USR003512,2024-06-17,New,Rajasthan,25-34,802
USR003513,2023-07-30,Power,Maharashtra,45-59,1125
USR003514,2025-04-23,Occasional,Haryana,18-24,492
USR003515,2024-07-10,Power,Karnataka,25-34,779
USR003516,2026-01-03,New,West Bengal,25-34,237
USR003517,2024-01-29,Frequent,Karnataka,18-24,942
USR003518,2023-11-27,New,Delhi,25-34,1005
USR003519,2024-01-06,Occasional,Delhi,18-24,965
USR003520,2026-01-02,Occasional,Gujarat,35-44,238
USR003521,2025-12-13,Occasional,Haryana,25-34,258
USR003522,2024-08-31,New,Uttar Pradesh,18-24,727
USR003523,2026-02-09,Occasional,Haryana,35-44,200
USR003524,2024-04-12,Occasional,Karnataka,35-44,868
USR003525,2024-05-19,Occasional,Maharashtra,35-44,831
USR003526,2024-10-05,Occasional,West Bengal,45-59,692
USR003527,2023-12-04,Frequent,Rajasthan,25-34,998
USR003528,2023-01-16,Frequent,Telangana,18-24,1320
USR003529,2025-01-06,Power,Rajasthan,60+,599
USR003530,2025-08-09,Frequent,Maharashtra,18-24,384
USR003531,2026-01-11,New,Karnataka,18-24,229
USR003532,2024-09-06,New,Uttar Pradesh,45-59,721
USR003533,2024-11-05,Occasional,Karnataka,25-34,661
USR003534,2023-09-16,Frequent,Rajasthan,35-44,1077
USR003535,2023-07-15,Power,Uttar Pradesh,18-24,1140
USR003536,2026-02-12,Occasional,West Bengal,18-24,197
USR003537,2023-09-21,Frequent,Delhi,18-24,1072
USR003538,2025-11-10,Frequent,Haryana,18-24,291
USR003539,2025-02-28,Occasional,Gujarat,25-34,546
USR003540,2026-02-19,Frequent,Maharashtra,25-34,190
USR003541,2024-04-10,Frequent,Haryana,35-44,870
USR003542,2023-10-26,New,Haryana,35-44,1037
USR003543,2025-06-29,Occasional,Tamil Nadu,35-44,425
USR003544,2025-04-04,Frequent,Maharashtra,25-34,511
USR003545,2024-11-10,Frequent,Gujarat,45-59,656
USR003546,2025-02-01,Frequent,Uttar Pradesh,25-34,573
USR003547,2023-02-12,Frequent,Uttar Pradesh,18-24,1293
USR003548,2023-01-02,Power,Haryana,45-59,1334
USR003549,2026-03-06,Frequent,Uttar Pradesh,25-34,175
USR003550,2023-11-10,Frequent,Rajasthan,25-34,1022
USR003551,2025-02-11,New,Maharashtra,25-34,563
USR003552,2025-05-10,Frequent,Tamil Nadu,25-34,475
USR003553,2024-07-13,Occasional,Maharashtra,18-24,776
USR003554,2024-10-13,New,Telangana,18-24,684
USR003555,2024-04-01,Occasional,Rajasthan,18-24,879
USR003556,2026-02-04,New,Gujarat,18-24,205
USR003557,2023-02-11,Frequent,Tamil Nadu,25-34,1294
USR003558,2025-03-27,Frequent,Delhi,25-34,519
USR003559,2025-03-25,Occasional,Uttar Pradesh,25-34,521
USR003560,2025-10-18,Power,Delhi,25-34,314
USR003561,2023-01-19,Frequent,Delhi,18-24,1317
USR003562,2023-10-16,Power,Delhi,18-24,1047
USR003563,2025-11-15,New,Maharashtra,18-24,286
USR003564,2025-07-19,Frequent,Uttar Pradesh,18-24,405
USR003565,2024-11-08,Occasional,Telangana,25-34,658
USR003566,2024-11-01,Frequent,Gujarat,25-34,665
USR003567,2026-04-12,Power,Telangana,18-24,138
USR003568,2025-10-18,Frequent,Telangana,18-24,314
USR003569,2024-07-22,Occasional,West Bengal,18-24,767
USR003570,2024-03-12,Occasional,Delhi,25-34,899
USR003571,2024-11-23,Frequent,Uttar Pradesh,25-34,643
USR003572,2024-03-31,Power,Gujarat,25-34,880
USR003573,2023-10-13,Frequent,Tamil Nadu,18-24,1050
USR003574,2023-02-11,Power,Delhi,25-34,1294
USR003575,2025-03-14,Occasional,Haryana,25-34,532
USR003576,2025-06-25,Occasional,West Bengal,18-24,429
USR003577,2023-11-18,Frequent,Delhi,18-24,1014
USR003578,2023-06-28,Occasional,Rajasthan,45-59,1157
USR003579,2023-12-29,Power,Gujarat,25-34,973
USR003580,2023-12-27,Power,Telangana,25-34,975
USR003581,2025-08-30,Power,Maharashtra,25-34,363
USR003582,2023-09-16,Power,Maharashtra,60+,1077
USR003583,2023-09-06,Power,Haryana,18-24,1087
USR003584,2023-04-03,Occasional,Gujarat,18-24,1243
USR003585,2023-11-06,New,Karnataka,25-34,1026
USR003586,2023-04-10,New,Tamil Nadu,25-34,1236
USR003587,2024-03-09,Occasional,Tamil Nadu,25-34,902
USR003588,2025-09-24,New,Maharashtra,18-24,338
USR003589,2023-02-14,Occasional,Haryana,25-34,1291
USR003590,2025-05-31,New,Delhi,18-24,454
USR003591,2024-11-28,Occasional,Uttar Pradesh,35-44,638
USR003592,2023-05-12,Frequent,Gujarat,25-34,1204
USR003593,2024-09-25,New,West Bengal,25-34,702
USR003594,2023-10-20,Occasional,Uttar Pradesh,35-44,1043
USR003595,2024-12-05,Frequent,Tamil Nadu,18-24,631
USR003596,2024-04-24,New,Telangana,25-34,856
USR003597,2025-08-17,Frequent,Rajasthan,35-44,376
USR003598,2024-08-06,Occasional,Uttar Pradesh,25-34,752
USR003599,2024-08-12,Power,West Bengal,18-24,746
USR003600,2023-08-31,Frequent,Gujarat,18-24,1093
USR003601,2023-08-02,Power,West Bengal,60+,1122
USR003602,2025-05-26,Power,Telangana,25-34,459
USR003603,2024-12-06,Occasional,West Bengal,25-34,630
USR003604,2025-05-06,New,Maharashtra,35-44,479
USR003605,2023-11-24,Frequent,Gujarat,25-34,1008
USR003606,2023-04-23,Occasional,Karnataka,35-44,1223
USR003607,2023-05-03,Occasional,Tamil Nadu,18-24,1213
USR003608,2023-08-22,Occasional,Rajasthan,25-34,1102
USR003609,2025-06-23,New,West Bengal,25-34,431
USR003610,2024-02-23,Occasional,Delhi,18-24,917
USR003611,2025-09-22,New,Gujarat,25-34,340
USR003612,2023-05-27,Power,Telangana,35-44,1189
USR003613,2025-11-24,Frequent,Rajasthan,25-34,277
USR003614,2024-03-27,Power,Karnataka,18-24,884
USR003615,2023-11-08,Frequent,Tamil Nadu,18-24,1024
USR003616,2023-03-01,Power,Tamil Nadu,25-34,1276
USR003617,2024-11-20,Frequent,Tamil Nadu,25-34,646
USR003618,2026-01-06,Frequent,Delhi,35-44,234
USR003619,2023-05-30,Occasional,Uttar Pradesh,25-34,1186
USR003620,2025-10-25,Power,Telangana,25-34,307
USR003621,2023-09-17,Power,Rajasthan,35-44,1076
USR003622,2023-07-31,Frequent,Rajasthan,18-24,1124
USR003623,2025-10-14,Occasional,Haryana,18-24,318
USR003624,2024-11-29,Power,Rajasthan,18-24,637
USR003625,2023-07-13,New,Uttar Pradesh,25-34,1142
USR003626,2023-03-04,Power,Gujarat,18-24,1273
USR003627,2025-05-26,Occasional,Delhi,25-34,459
USR003628,2024-03-27,Power,Gujarat,18-24,884
USR003629,2023-10-23,Frequent,Uttar Pradesh,25-34,1040
USR003630,2024-12-08,Occasional,Tamil Nadu,25-34,628
USR003631,2025-01-18,Frequent,Gujarat,45-59,587
USR003632,2025-03-01,Frequent,Telangana,18-24,545
USR003633,2025-06-22,Frequent,Haryana,25-34,432
USR003634,2023-12-04,Occasional,Haryana,18-24,998
USR003635,2025-01-22,Power,Maharashtra,25-34,583
USR003636,2023-10-10,Occasional,Telangana,25-34,1053
USR003637,2026-03-08,Occasional,Telangana,25-34,173
USR003638,2024-11-14,Power,Delhi,35-44,652
USR003639,2023-04-22,Power,Delhi,35-44,1224
USR003640,2025-05-05,Frequent,Delhi,25-34,480
USR003641,2024-04-18,Frequent,Maharashtra,25-34,862
USR003642,2026-04-11,Frequent,Uttar Pradesh,25-34,139
USR003643,2024-07-05,Power,Karnataka,18-24,784
USR003644,2023-08-14,Occasional,Gujarat,45-59,1110
USR003645,2024-01-17,New,Tamil Nadu,18-24,954
USR003646,2025-10-07,Frequent,Maharashtra,18-24,325
USR003647,2024-12-07,Power,Haryana,25-34,629
USR003648,2023-10-08,Occasional,Rajasthan,18-24,1055
USR003649,2023-04-17,Frequent,Tamil Nadu,18-24,1229
USR003650,2025-12-20,New,Uttar Pradesh,25-34,251
USR003651,2023-10-22,Frequent,Tamil Nadu,25-34,1041
USR003652,2023-11-16,Frequent,Haryana,25-34,1016
USR003653,2024-07-06,Occasional,Telangana,25-34,783
USR003654,2025-06-30,New,Tamil Nadu,25-34,424
USR003655,2024-03-25,Frequent,Rajasthan,25-34,886
USR003656,2023-01-09,New,Delhi,45-59,1327
USR003657,2023-11-07,New,Maharashtra,45-59,1025
USR003658,2025-11-26,Occasional,Uttar Pradesh,18-24,275
USR003659,2024-06-02,Frequent,Rajasthan,18-24,817
USR003660,2024-03-11,Occasional,West Bengal,25-34,900
USR003661,2025-02-19,New,Rajasthan,18-24,555
USR003662,2026-01-11,Frequent,West Bengal,35-44,229
USR003663,2023-06-25,Frequent,Telangana,18-24,1160
USR003664,2024-11-18,Frequent,Uttar Pradesh,25-34,648
USR003665,2024-08-08,Power,Haryana,18-24,750
USR003666,2026-02-25,Power,Telangana,18-24,184
USR003667,2023-04-17,New,Tamil Nadu,18-24,1229
USR003668,2025-01-26,Frequent,Karnataka,45-59,579
USR003669,2024-03-16,Occasional,Maharashtra,18-24,895
USR003670,2024-11-10,Occasional,Karnataka,25-34,656
USR003671,2025-12-22,Frequent,Maharashtra,25-34,249
USR003672,2023-04-10,Occasional,Rajasthan,35-44,1236
USR003673,2026-03-27,Frequent,Maharashtra,18-24,154
USR003674,2023-05-20,New,Maharashtra,18-24,1196
USR003675,2023-05-11,Occasional,Telangana,45-59,1205
USR003676,2024-11-27,New,Tamil Nadu,35-44,639
USR003677,2024-01-27,Frequent,Karnataka,18-24,944
USR003678,2024-03-20,Frequent,West Bengal,25-34,891
USR003679,2025-11-01,New,Maharashtra,25-34,300
USR003680,2023-01-25,New,Telangana,25-34,1311
USR003681,2024-10-12,Occasional,West Bengal,18-24,685
USR003682,2025-07-12,Frequent,Maharashtra,18-24,412
USR003683,2023-03-18,Occasional,West Bengal,35-44,1259
USR003684,2023-07-30,Occasional,Haryana,25-34,1125
USR003685,2026-02-18,Frequent,Tamil Nadu,25-34,191
USR003686,2023-07-30,Occasional,Karnataka,25-34,1125
USR003687,2025-03-08,Occasional,Rajasthan,60+,538
USR003688,2023-08-20,New,Haryana,25-34,1104
USR003689,2025-02-28,Occasional,Haryana,35-44,546
USR003690,2025-12-03,Occasional,Tamil Nadu,18-24,268
USR003691,2023-05-15,Frequent,Maharashtra,35-44,1201
USR003692,2023-02-27,Occasional,Rajasthan,18-24,1278
USR003693,2024-01-24,Occasional,Rajasthan,18-24,947
USR003694,2024-12-13,Occasional,West Bengal,35-44,623
USR003695,2026-01-22,Occasional,Gujarat,45-59,218
USR003696,2024-05-21,Frequent,Haryana,35-44,829
USR003697,2025-11-08,Occasional,Delhi,25-34,293
USR003698,2023-10-18,New,West Bengal,25-34,1045
USR003699,2023-03-30,New,Gujarat,25-34,1247
USR003700,2024-07-02,Power,Telangana,25-34,787
USR003701,2024-03-02,New,Tamil Nadu,18-24,909
USR003702,2025-11-21,Occasional,Delhi,45-59,280
USR003703,2025-08-04,Occasional,Telangana,25-34,389
USR003704,2026-02-21,Power,Tamil Nadu,18-24,188
USR003705,2023-05-23,Frequent,Maharashtra,18-24,1193
USR003706,2023-09-15,Power,Gujarat,45-59,1078
USR003707,2025-05-23,New,Tamil Nadu,18-24,462
USR003708,2026-01-19,Frequent,Tamil Nadu,45-59,221
USR003709,2023-01-16,Frequent,Haryana,45-59,1320
USR003710,2023-09-14,Power,Maharashtra,25-34,1079
USR003711,2024-04-03,Frequent,Delhi,45-59,877
USR003712,2025-08-31,Frequent,Karnataka,18-24,362
USR003713,2025-10-23,Occasional,Gujarat,18-24,309
USR003714,2025-09-11,Frequent,Telangana,18-24,351
USR003715,2023-05-06,New,Karnataka,18-24,1210
USR003716,2023-04-09,Power,Uttar Pradesh,18-24,1237
USR003717,2024-08-27,Frequent,West Bengal,18-24,731
USR003718,2023-04-17,Occasional,West Bengal,35-44,1229
USR003719,2025-07-04,Power,Karnataka,35-44,420
USR003720,2025-05-24,Power,Haryana,25-34,461
USR003721,2025-08-30,New,Gujarat,35-44,363
USR003722,2025-06-08,Occasional,Telangana,25-34,446
USR003723,2025-07-21,Occasional,Maharashtra,25-34,403
USR003724,2025-02-12,Frequent,Tamil Nadu,18-24,562
USR003725,2024-06-28,New,Haryana,35-44,791
USR003726,2023-11-08,Occasional,Uttar Pradesh,45-59,1024
USR003727,2025-02-16,Frequent,Gujarat,18-24,558
USR003728,2025-07-28,Frequent,Delhi,18-24,396
USR003729,2023-06-30,Frequent,Uttar Pradesh,18-24,1155
USR003730,2023-01-28,Frequent,Gujarat,25-34,1308
USR003731,2025-09-06,Frequent,Telangana,18-24,356
USR003732,2023-08-22,Occasional,Haryana,18-24,1102
USR003733,2024-11-04,New,Karnataka,18-24,662
USR003734,2025-03-23,Frequent,Delhi,25-34,523
USR003735,2023-03-04,Frequent,Delhi,25-34,1273
USR003736,2026-02-21,Frequent,Tamil Nadu,25-34,188
USR003737,2025-08-17,Power,Haryana,25-34,376
USR003738,2026-02-13,Power,Tamil Nadu,18-24,196
USR003739,2024-08-14,Frequent,Tamil Nadu,25-34,744
USR003740,2023-07-02,Frequent,Karnataka,18-24,1153
USR003741,2025-04-05,Frequent,Karnataka,35-44,510
USR003742,2025-02-26,Occasional,Rajasthan,45-59,548
USR003743,2025-03-04,Power,Tamil Nadu,35-44,542
USR003744,2023-02-16,Power,Karnataka,45-59,1289
USR003745,2025-10-10,Frequent,Telangana,25-34,322
USR003746,2023-10-27,Frequent,Delhi,25-34,1036
USR003747,2026-01-08,Occasional,Haryana,45-59,232
USR003748,2025-10-17,Frequent,Uttar Pradesh,18-24,315
USR003749,2023-03-12,Frequent,Delhi,18-24,1265
USR003750,2025-03-12,Frequent,Karnataka,25-34,534
USR003751,2025-02-11,Frequent,Gujarat,18-24,563
USR003752,2023-02-19,Frequent,Gujarat,18-24,1286
USR003753,2023-10-21,Frequent,Karnataka,25-34,1042
USR003754,2024-02-20,Frequent,Tamil Nadu,60+,920
USR003755,2024-10-17,Power,Tamil Nadu,25-34,680
USR003756,2024-02-16,Power,Karnataka,45-59,924
USR003757,2023-04-27,Frequent,Haryana,18-24,1219
USR003758,2024-04-25,New,West Bengal,25-34,855
USR003759,2023-01-08,Power,Uttar Pradesh,35-44,1328
USR003760,2025-12-24,Power,Delhi,25-34,247
USR003761,2024-04-17,Occasional,Uttar Pradesh,18-24,863
USR003762,2026-01-18,Power,Haryana,35-44,222
USR003763,2023-04-14,Frequent,Tamil Nadu,18-24,1232
USR003764,2024-06-21,Frequent,West Bengal,25-34,798
USR003765,2023-07-01,Occasional,Telangana,25-34,1154
USR003766,2025-12-29,Power,Maharashtra,25-34,242
USR003767,2023-06-18,New,Delhi,25-34,1167
USR003768,2025-05-28,Frequent,Gujarat,35-44,457
USR003769,2026-03-17,Occasional,West Bengal,45-59,164
USR003770,2024-06-09,Frequent,Maharashtra,35-44,810
USR003771,2024-03-27,New,Karnataka,18-24,884
USR003772,2024-12-15,Frequent,Tamil Nadu,25-34,621
USR003773,2024-05-15,New,Haryana,25-34,835
USR003774,2024-02-20,Frequent,Haryana,25-34,920
USR003775,2023-10-13,New,Haryana,60+,1050
USR003776,2024-09-23,New,Telangana,25-34,704
USR003777,2025-08-29,Power,Gujarat,25-34,364
USR003778,2023-08-01,Occasional,West Bengal,25-34,1123
USR003779,2023-07-21,Frequent,West Bengal,25-34,1134
USR003780,2023-09-14,Frequent,Rajasthan,35-44,1079
USR003781,2024-03-19,Occasional,Tamil Nadu,25-34,892
USR003782,2025-12-13,Power,Gujarat,18-24,258
USR003783,2025-03-23,Power,Delhi,25-34,523
USR003784,2025-04-02,Occasional,Delhi,18-24,513
USR003785,2025-06-04,Occasional,Rajasthan,35-44,450
USR003786,2025-11-20,New,Tamil Nadu,25-34,281
USR003787,2025-03-24,New,Telangana,60+,522
USR003788,2024-10-27,Occasional,Rajasthan,45-59,670
USR003789,2026-01-06,Power,Maharashtra,25-34,234
USR003790,2026-04-04,Frequent,Gujarat,25-34,146
USR003791,2023-08-06,New,Gujarat,25-34,1118
USR003792,2025-09-10,Frequent,Telangana,25-34,352
USR003793,2025-10-12,Occasional,Maharashtra,25-34,320
USR003794,2024-01-20,Power,Gujarat,45-59,951
USR003795,2025-12-25,New,Maharashtra,45-59,246
USR003796,2024-08-18,New,West Bengal,18-24,740
USR003797,2025-03-04,Occasional,Rajasthan,25-34,542
USR003798,2026-03-16,New,Delhi,25-34,165
USR003799,2024-12-22,Power,Gujarat,35-44,614
USR003800,2025-12-30,Frequent,Karnataka,25-34,241
USR003801,2024-09-23,Frequent,Maharashtra,18-24,704
USR003802,2025-01-09,Frequent,Maharashtra,35-44,596
USR003803,2024-01-12,Occasional,Haryana,35-44,959
USR003804,2024-01-06,Frequent,West Bengal,25-34,965
USR003805,2025-10-03,Occasional,West Bengal,60+,329
USR003806,2024-04-22,Frequent,Delhi,25-34,858
USR003807,2023-02-06,New,Delhi,25-34,1299
USR003808,2023-01-28,New,Rajasthan,25-34,1308
USR003809,2023-03-15,Frequent,Delhi,25-34,1262
USR003810,2023-02-17,Occasional,Haryana,25-34,1288
USR003811,2024-01-07,Occasional,Tamil Nadu,25-34,964
USR003812,2024-03-07,Power,Rajasthan,18-24,904
USR003813,2023-12-11,Power,Maharashtra,35-44,991
USR003814,2025-10-17,Frequent,Maharashtra,45-59,315
USR003815,2024-06-19,Frequent,Telangana,25-34,800
USR003816,2025-05-17,New,Haryana,25-34,468
USR003817,2024-05-04,Frequent,Uttar Pradesh,60+,846
USR003818,2024-10-30,Frequent,Karnataka,35-44,667
USR003819,2024-07-21,Occasional,Haryana,25-34,768
USR003820,2025-04-15,Frequent,West Bengal,18-24,500
USR003821,2025-02-18,Frequent,West Bengal,35-44,556
USR003822,2025-01-11,Frequent,Uttar Pradesh,45-59,594
USR003823,2024-03-24,Occasional,Karnataka,18-24,887
USR003824,2025-05-28,Power,Rajasthan,25-34,457
USR003825,2025-05-07,Occasional,Rajasthan,18-24,478
USR003826,2024-07-02,Frequent,Uttar Pradesh,25-34,787
USR003827,2024-04-13,Frequent,Gujarat,25-34,867
USR003828,2025-05-28,Frequent,Telangana,35-44,457
USR003829,2024-03-18,Occasional,Telangana,35-44,893
USR003830,2025-11-26,Occasional,Delhi,18-24,275
USR003831,2025-08-01,Frequent,Rajasthan,25-34,392
USR003832,2025-11-06,Power,Uttar Pradesh,18-24,295
USR003833,2025-04-16,Frequent,Haryana,25-34,499
USR003834,2024-05-30,Occasional,Telangana,60+,820
USR003835,2024-11-21,Power,Maharashtra,25-34,645
USR003836,2024-09-17,Occasional,Maharashtra,25-34,710
USR003837,2023-03-07,Frequent,Rajasthan,18-24,1270
USR003838,2025-08-07,Occasional,Maharashtra,18-24,386
USR003839,2024-02-08,Occasional,Haryana,35-44,932
USR003840,2026-03-07,New,West Bengal,25-34,174
USR003841,2025-09-30,Power,Haryana,25-34,332
USR003842,2024-12-08,Frequent,Maharashtra,18-24,628
USR003843,2023-02-28,New,Delhi,25-34,1277
USR003844,2024-12-20,New,Maharashtra,25-34,616
USR003845,2023-01-10,Occasional,Gujarat,18-24,1326
USR003846,2024-01-14,Power,Karnataka,25-34,957
USR003847,2024-12-04,Occasional,Karnataka,18-24,632
USR003848,2025-08-08,Frequent,Tamil Nadu,35-44,385
USR003849,2025-10-03,Frequent,Gujarat,18-24,329
USR003850,2023-07-25,New,Tamil Nadu,25-34,1130
USR003851,2026-03-25,New,Delhi,25-34,156
USR003852,2024-01-14,Power,Uttar Pradesh,18-24,957
USR003853,2025-06-08,Power,Telangana,45-59,446
USR003854,2024-12-05,New,Maharashtra,25-34,631
USR003855,2025-10-12,Occasional,Tamil Nadu,25-34,320
USR003856,2024-12-17,Occasional,Gujarat,45-59,619
USR003857,2024-06-15,Frequent,Telangana,60+,804
USR003858,2023-06-15,Frequent,Gujarat,18-24,1170
USR003859,2025-09-03,Frequent,Uttar Pradesh,25-34,359
USR003860,2025-01-02,Occasional,Tamil Nadu,25-34,603
USR003861,2023-03-06,Power,Telangana,18-24,1271
USR003862,2024-01-17,Frequent,Karnataka,25-34,954
USR003863,2024-02-14,Occasional,Uttar Pradesh,25-34,926
USR003864,2023-10-15,Power,Gujarat,35-44,1048
USR003865,2025-02-06,Power,Delhi,35-44,568
USR003866,2024-06-11,Power,Delhi,35-44,808
USR003867,2023-02-28,Frequent,Rajasthan,18-24,1277
USR003868,2025-06-24,Occasional,Maharashtra,25-34,430
USR003869,2023-05-02,Occasional,Tamil Nadu,18-24,1214
USR003870,2025-06-02,Occasional,Tamil Nadu,45-59,452
USR003871,2024-11-19,Power,Telangana,35-44,647
USR003872,2023-05-02,Occasional,Maharashtra,35-44,1214
USR003873,2026-01-10,New,Delhi,45-59,230
USR003874,2025-05-07,Occasional,Karnataka,45-59,478
USR003875,2024-03-16,Occasional,Tamil Nadu,35-44,895
USR003876,2025-12-23,Power,Rajasthan,45-59,248
USR003877,2024-09-23,Frequent,Karnataka,25-34,704
USR003878,2023-11-08,New,Gujarat,25-34,1024
USR003879,2024-05-11,Occasional,Gujarat,18-24,839
USR003880,2023-10-24,Frequent,Tamil Nadu,18-24,1039
USR003881,2024-06-06,New,Gujarat,35-44,813
USR003882,2025-06-23,Occasional,Delhi,25-34,431
USR003883,2023-05-11,New,Gujarat,18-24,1205
USR003884,2023-02-19,Frequent,Uttar Pradesh,18-24,1286
USR003885,2023-06-24,Frequent,Tamil Nadu,25-34,1161
USR003886,2024-05-24,Occasional,Haryana,25-34,826
USR003887,2023-06-23,Power,Delhi,25-34,1162
USR003888,2026-04-13,Frequent,Karnataka,25-34,137
USR003889,2023-08-08,Occasional,Telangana,18-24,1116
USR003890,2026-04-12,New,West Bengal,25-34,138
USR003891,2025-03-09,Power,Gujarat,35-44,537
USR003892,2025-07-14,Occasional,Delhi,25-34,410
USR003893,2025-05-25,New,Haryana,18-24,460
USR003894,2023-04-20,Frequent,West Bengal,18-24,1226
USR003895,2023-11-15,Occasional,Haryana,25-34,1017
USR003896,2025-03-24,Frequent,Karnataka,35-44,522
USR003897,2025-06-25,Occasional,West Bengal,25-34,429
USR003898,2025-09-18,New,Maharashtra,25-34,344
USR003899,2026-03-02,Frequent,West Bengal,25-34,179
USR003900,2025-06-24,Frequent,Gujarat,35-44,430
USR003901,2023-06-15,Occasional,Tamil Nadu,18-24,1170
USR003902,2024-07-15,Occasional,Maharashtra,35-44,774
USR003903,2023-12-30,New,Telangana,35-44,972
USR003904,2025-12-02,Occasional,West Bengal,25-34,269
USR003905,2023-03-12,Power,Uttar Pradesh,25-34,1265
USR003906,2023-04-24,Occasional,Gujarat,25-34,1222
USR003907,2025-07-15,Frequent,Maharashtra,18-24,409
USR003908,2023-04-08,Occasional,Haryana,35-44,1238
USR003909,2024-02-26,Occasional,West Bengal,25-34,914
USR003910,2024-09-01,Frequent,Rajasthan,35-44,726
USR003911,2023-10-27,Occasional,Telangana,25-34,1036
USR003912,2023-07-17,New,Tamil Nadu,35-44,1138
USR003913,2023-09-28,Occasional,Karnataka,18-24,1065
USR003914,2024-10-04,New,Tamil Nadu,18-24,693
USR003915,2023-05-04,New,Uttar Pradesh,18-24,1212
USR003916,2023-01-06,New,Rajasthan,25-34,1330
USR003917,2023-12-13,Occasional,Tamil Nadu,18-24,989
USR003918,2026-01-31,Frequent,Karnataka,45-59,209
USR003919,2025-03-03,Frequent,Telangana,18-24,543
USR003920,2023-01-19,Occasional,Haryana,25-34,1317
USR003921,2023-06-26,Frequent,West Bengal,60+,1159
USR003922,2025-02-18,Frequent,West Bengal,35-44,556
USR003923,2024-09-19,Frequent,Telangana,25-34,708
USR003924,2023-04-05,New,Gujarat,18-24,1241
USR003925,2024-06-10,Frequent,Karnataka,35-44,809
USR003926,2025-08-28,Power,West Bengal,18-24,365
USR003927,2024-05-09,Occasional,Gujarat,35-44,841
USR003928,2023-02-26,Frequent,Rajasthan,35-44,1279
USR003929,2024-10-18,New,Tamil Nadu,25-34,679
USR003930,2025-12-19,Occasional,Karnataka,45-59,252
USR003931,2026-04-11,Frequent,Haryana,18-24,139
USR003932,2024-09-14,Occasional,Gujarat,25-34,713
USR003933,2025-08-25,New,Telangana,25-34,368
USR003934,2025-03-08,Power,Haryana,18-24,538
USR003935,2025-05-26,Frequent,Tamil Nadu,25-34,459
USR003936,2023-08-27,Frequent,Rajasthan,25-34,1097
USR003937,2023-10-17,Power,Tamil Nadu,25-34,1046
USR003938,2025-03-31,New,Telangana,35-44,515
USR003939,2025-02-20,Power,West Bengal,25-34,554
USR003940,2023-02-21,Occasional,West Bengal,18-24,1284
USR003941,2023-07-21,Occasional,Rajasthan,25-34,1134
USR003942,2024-08-09,Power,Maharashtra,18-24,749
USR003943,2023-10-14,Occasional,Uttar Pradesh,25-34,1049
USR003944,2023-05-21,Occasional,Telangana,45-59,1195
USR003945,2023-12-27,Frequent,Tamil Nadu,35-44,975
USR003946,2023-01-02,Occasional,Karnataka,18-24,1334
USR003947,2025-07-25,Occasional,Karnataka,25-34,399
USR003948,2023-12-23,Frequent,Karnataka,25-34,979
USR003949,2024-08-28,Frequent,Karnataka,25-34,730
USR003950,2025-12-25,Frequent,Tamil Nadu,45-59,246
USR003951,2025-05-01,Occasional,Maharashtra,35-44,484
USR003952,2025-03-06,Occasional,Rajasthan,60+,540
USR003953,2025-03-04,Frequent,West Bengal,45-59,542
USR003954,2024-03-19,Occasional,Rajasthan,35-44,892
USR003955,2024-04-18,New,Uttar Pradesh,25-34,862
USR003956,2025-09-23,Frequent,Tamil Nadu,25-34,339
USR003957,2024-04-09,Frequent,Karnataka,35-44,871
USR003958,2026-03-26,Power,Delhi,35-44,155
USR003959,2023-08-21,Frequent,Delhi,25-34,1103
USR003960,2023-04-29,Occasional,Haryana,18-24,1217
USR003961,2023-05-12,New,Uttar Pradesh,18-24,1204
USR003962,2023-10-25,Frequent,Karnataka,25-34,1038
USR003963,2023-12-15,New,Delhi,18-24,987
USR003964,2023-09-12,Frequent,Maharashtra,18-24,1081
USR003965,2023-08-22,Occasional,Haryana,35-44,1102
USR003966,2025-03-31,Frequent,West Bengal,25-34,515
USR003967,2025-07-06,Frequent,Rajasthan,25-34,418
USR003968,2026-03-26,Frequent,Uttar Pradesh,25-34,155
USR003969,2025-07-08,Frequent,Maharashtra,25-34,416
USR003970,2023-10-04,New,Karnataka,18-24,1059
USR003971,2026-01-23,Power,Gujarat,60+,217
USR003972,2024-12-29,Frequent,Karnataka,25-34,607
USR003973,2025-12-30,Frequent,Maharashtra,25-34,241
USR003974,2025-10-05,Occasional,Gujarat,25-34,327
USR003975,2024-05-13,New,Telangana,18-24,837
USR003976,2023-07-12,Occasional,West Bengal,60+,1143
USR003977,2025-01-20,Power,West Bengal,35-44,585
USR003978,2025-04-28,New,Haryana,25-34,487
USR003979,2025-04-20,Occasional,Rajasthan,25-34,495
USR003980,2023-07-01,Frequent,Tamil Nadu,25-34,1154
USR003981,2026-04-04,Power,Maharashtra,25-34,146
USR003982,2023-12-08,Frequent,Karnataka,35-44,994
USR003983,2023-01-27,Frequent,Telangana,60+,1309
USR003984,2024-12-13,Occasional,Delhi,18-24,623
USR003985,2024-03-30,Power,Tamil Nadu,25-34,881
USR003986,2023-09-04,Power,Tamil Nadu,18-24,1089
USR003987,2025-12-15,Occasional,Haryana,18-24,256
USR003988,2023-04-03,Occasional,Haryana,35-44,1243
USR003989,2024-05-11,Frequent,Delhi,25-34,839
USR003990,2024-08-28,Occasional,Gujarat,25-34,730
USR003991,2024-11-30,Frequent,Tamil Nadu,25-34,636
USR003992,2026-04-15,Frequent,Karnataka,18-24,135
USR003993,2024-07-24,Power,Tamil Nadu,25-34,765
USR003994,2023-11-12,New,Gujarat,35-44,1020
USR003995,2024-12-01,New,Uttar Pradesh,18-24,635
USR003996,2024-01-13,Occasional,Karnataka,25-34,958
USR003997,2024-06-04,Power,Telangana,45-59,815
USR003998,2023-08-06,Power,Delhi,35-44,1118
USR003999,2025-04-11,Power,Karnataka,25-34,504
USR004000,2025-03-20,Occasional,Haryana,18-24,526
USR004001,2024-06-12,New,Tamil Nadu,35-44,807
USR004002,2026-02-10,Occasional,Tamil Nadu,18-24,199
USR004003,2025-03-08,Occasional,Maharashtra,25-34,538
USR004004,2023-01-18,Power,West Bengal,25-34,1318
USR004005,2025-12-03,Frequent,Gujarat,35-44,268
USR004006,2023-04-05,Frequent,Telangana,25-34,1241
USR004007,2024-09-18,Occasional,Haryana,25-34,709
USR004008,2023-10-05,Frequent,Maharashtra,25-34,1058
USR004009,2023-12-27,Frequent,West Bengal,25-34,975
USR004010,2024-01-21,Occasional,Karnataka,25-34,950
USR004011,2025-11-06,New,Tamil Nadu,18-24,295
USR004012,2025-08-21,Occasional,Telangana,25-34,372
USR004013,2025-09-06,Frequent,Karnataka,25-34,356
USR004014,2024-04-08,Frequent,Maharashtra,35-44,872
USR004015,2024-01-05,Occasional,Delhi,25-34,966
USR004016,2024-07-07,New,Haryana,25-34,782
USR004017,2024-04-15,Power,Maharashtra,25-34,865
USR004018,2024-05-18,Occasional,Tamil Nadu,25-34,832
USR004019,2024-09-23,Power,Karnataka,45-59,704
USR004020,2023-07-24,Frequent,Uttar Pradesh,18-24,1131
USR004021,2023-12-11,Occasional,Rajasthan,35-44,991
USR004022,2024-07-08,Occasional,Maharashtra,18-24,781
USR004023,2024-07-26,Occasional,Gujarat,18-24,763
USR004024,2024-09-22,Occasional,Gujarat,35-44,705
USR004025,2023-07-06,New,Rajasthan,25-34,1149
USR004026,2023-05-14,Power,Telangana,60+,1202
USR004027,2023-01-17,Frequent,Haryana,18-24,1319
USR004028,2024-09-24,Frequent,Tamil Nadu,25-34,703
USR004029,2023-05-14,Power,West Bengal,18-24,1202
USR004030,2024-09-29,Power,Delhi,25-34,698
USR004031,2024-10-27,Power,Haryana,18-24,670
USR004032,2024-01-02,Occasional,Karnataka,25-34,969
USR004033,2023-05-25,New,Tamil Nadu,25-34,1191
USR004034,2024-10-16,Frequent,Delhi,35-44,681
USR004035,2023-12-26,New,Delhi,18-24,976
USR004036,2025-02-21,Frequent,Telangana,25-34,553
USR004037,2025-05-17,Frequent,Delhi,25-34,468
USR004038,2024-04-23,Occasional,Telangana,18-24,857
USR004039,2024-05-27,New,Karnataka,25-34,823
USR004040,2026-01-14,Frequent,Tamil Nadu,25-34,226
USR004041,2023-02-03,Power,Tamil Nadu,35-44,1302
USR004042,2024-09-17,New,Delhi,18-24,710
USR004043,2025-02-14,Occasional,Delhi,25-34,560
USR004044,2024-01-20,Occasional,Tamil Nadu,18-24,951
USR004045,2024-09-06,Frequent,Rajasthan,25-34,721
USR004046,2024-05-02,Occasional,West Bengal,25-34,848
USR004047,2025-12-14,Occasional,Haryana,18-24,257
USR004048,2023-03-18,Frequent,Gujarat,35-44,1259
USR004049,2023-12-26,Occasional,Rajasthan,18-24,976
USR004050,2023-10-01,Frequent,Gujarat,18-24,1062
USR004051,2024-07-04,Occasional,Maharashtra,25-34,785
USR004052,2024-12-12,Occasional,Rajasthan,25-34,624
USR004053,2025-12-07,Power,Gujarat,25-34,264
USR004054,2025-09-09,Power,Maharashtra,18-24,353
USR004055,2025-05-24,Power,Haryana,35-44,461
USR004056,2025-05-14,Occasional,Tamil Nadu,25-34,471
USR004057,2023-07-16,Power,West Bengal,25-34,1139
USR004058,2023-04-02,Occasional,Karnataka,35-44,1244
USR004059,2025-12-07,Occasional,Maharashtra,35-44,264
USR004060,2024-11-27,Occasional,Rajasthan,25-34,639
USR004061,2025-07-21,Occasional,Uttar Pradesh,60+,403
USR004062,2025-04-03,Frequent,Rajasthan,45-59,512
USR004063,2025-05-30,Occasional,Rajasthan,25-34,455
USR004064,2024-06-12,Frequent,Telangana,35-44,807
USR004065,2025-07-26,Frequent,Maharashtra,35-44,398
USR004066,2025-06-06,Frequent,Karnataka,35-44,448
USR004067,2025-06-20,Power,Karnataka,18-24,434
USR004068,2024-03-16,Frequent,Uttar Pradesh,35-44,895
USR004069,2025-07-06,New,Telangana,25-34,418
USR004070,2025-01-04,Occasional,Gujarat,18-24,601
USR004071,2024-11-24,New,Rajasthan,25-34,642
USR004072,2023-02-10,Frequent,Telangana,25-34,1295
USR004073,2024-08-22,Occasional,Delhi,18-24,736
USR004074,2024-02-29,Power,Gujarat,25-34,911
USR004075,2025-06-09,Frequent,Gujarat,18-24,445
USR004076,2024-07-23,Occasional,Maharashtra,25-34,766
USR004077,2025-04-17,Occasional,Haryana,35-44,498
USR004078,2024-04-14,Frequent,Uttar Pradesh,18-24,866
USR004079,2024-06-25,Power,Rajasthan,25-34,794
USR004080,2025-08-23,Power,Rajasthan,25-34,370
USR004081,2024-11-09,Power,Karnataka,25-34,657
USR004082,2023-03-10,Power,Gujarat,18-24,1267
USR004083,2024-05-07,Frequent,West Bengal,25-34,843
USR004084,2023-12-20,Frequent,Uttar Pradesh,25-34,982
USR004085,2023-05-27,Frequent,Tamil Nadu,25-34,1189
USR004086,2024-08-11,Frequent,Telangana,35-44,747
USR004087,2023-04-17,Frequent,Tamil Nadu,25-34,1229
USR004088,2024-12-19,Occasional,Karnataka,18-24,617
USR004089,2023-06-12,Power,Delhi,25-34,1173
USR004090,2026-03-29,Occasional,Gujarat,18-24,152
USR004091,2024-03-02,New,Uttar Pradesh,25-34,909
USR004092,2025-10-28,Power,Delhi,45-59,304
USR004093,2025-09-29,Frequent,Rajasthan,25-34,333
USR004094,2025-08-30,New,Tamil Nadu,25-34,363
USR004095,2025-04-29,New,Tamil Nadu,35-44,486
USR004096,2024-03-17,Occasional,Uttar Pradesh,18-24,894
USR004097,2024-06-12,Occasional,Haryana,25-34,807
USR004098,2024-05-15,Occasional,Rajasthan,18-24,835
USR004099,2023-11-05,Occasional,Gujarat,25-34,1027
USR004100,2025-05-13,New,Maharashtra,25-34,472
USR004101,2024-03-26,Power,West Bengal,25-34,885
USR004102,2025-01-01,Frequent,Telangana,18-24,604
USR004103,2025-04-26,Power,Telangana,18-24,489
USR004104,2025-03-14,Occasional,Gujarat,25-34,532
USR004105,2025-11-09,Frequent,Rajasthan,45-59,292
USR004106,2025-09-27,Power,Uttar Pradesh,35-44,335
USR004107,2025-02-05,Frequent,Uttar Pradesh,25-34,569
USR004108,2024-08-07,Power,Gujarat,18-24,751
USR004109,2024-12-26,Power,West Bengal,35-44,610
USR004110,2024-06-03,Power,Maharashtra,45-59,816
USR004111,2024-05-06,Frequent,West Bengal,25-34,844
USR004112,2025-08-31,Occasional,Uttar Pradesh,35-44,362
USR004113,2023-02-16,Power,West Bengal,25-34,1289
USR004114,2024-12-27,New,Haryana,25-34,609
USR004115,2024-02-14,Occasional,Karnataka,25-34,926
USR004116,2025-08-22,Frequent,Tamil Nadu,18-24,371
USR004117,2023-04-30,Frequent,Maharashtra,25-34,1216
USR004118,2024-07-22,Frequent,Telangana,25-34,767
USR004119,2025-01-01,Frequent,Delhi,18-24,604
USR004120,2024-08-17,Frequent,Gujarat,18-24,741
USR004121,2024-11-14,Frequent,Telangana,25-34,652
USR004122,2024-12-01,Power,Tamil Nadu,35-44,635
USR004123,2023-09-24,Power,Telangana,60+,1069
USR004124,2023-01-28,Power,Maharashtra,18-24,1308
USR004125,2023-03-01,Power,Haryana,35-44,1276
USR004126,2023-05-24,New,Tamil Nadu,35-44,1192
USR004127,2026-04-12,Power,Gujarat,35-44,138
USR004128,2023-06-09,New,Haryana,25-34,1176
USR004129,2025-03-28,Power,Karnataka,18-24,518
USR004130,2023-07-28,Frequent,Gujarat,25-34,1127
USR004131,2025-07-06,Frequent,Uttar Pradesh,25-34,418
USR004132,2023-06-06,Occasional,Uttar Pradesh,25-34,1179
USR004133,2025-05-20,Power,Rajasthan,25-34,465
USR004134,2025-04-16,Frequent,Maharashtra,18-24,499
USR004135,2025-08-03,Frequent,Telangana,25-34,390
USR004136,2025-02-24,Frequent,Delhi,35-44,550
USR004137,2023-02-02,Frequent,Delhi,25-34,1303
USR004138,2024-12-03,Power,Haryana,25-34,633
USR004139,2025-12-14,Frequent,Karnataka,18-24,257
USR004140,2023-12-03,Frequent,Tamil Nadu,18-24,999
USR004141,2024-01-05,Frequent,Delhi,25-34,966
USR004142,2024-08-08,Power,Gujarat,18-24,750
USR004143,2025-09-12,Frequent,Haryana,25-34,350
USR004144,2023-12-24,Power,Karnataka,18-24,978
USR004145,2024-12-27,New,Karnataka,25-34,609
USR004146,2025-02-09,New,West Bengal,25-34,565
USR004147,2024-05-13,Occasional,Haryana,35-44,837
USR004148,2024-06-02,Frequent,Rajasthan,25-34,817
USR004149,2024-06-18,Frequent,Uttar Pradesh,35-44,801
USR004150,2023-01-06,Occasional,Haryana,18-24,1330
USR004151,2023-07-31,New,Delhi,45-59,1124
USR004152,2024-04-07,Frequent,West Bengal,25-34,873
USR004153,2025-01-01,Power,Rajasthan,45-59,604
USR004154,2025-04-12,Occasional,West Bengal,25-34,503
USR004155,2023-07-15,Occasional,Tamil Nadu,45-59,1140
USR004156,2023-06-06,Frequent,Tamil Nadu,18-24,1179
USR004157,2024-12-28,Frequent,Tamil Nadu,18-24,608
USR004158,2025-05-06,Frequent,Rajasthan,35-44,479
USR004159,2024-12-16,Occasional,Haryana,45-59,620
USR004160,2026-01-06,Occasional,Delhi,25-34,234
USR004161,2025-09-28,Frequent,Gujarat,25-34,334
USR004162,2023-04-29,Power,Rajasthan,25-34,1217
USR004163,2023-06-05,Power,Rajasthan,60+,1180
USR004164,2024-11-07,Occasional,Rajasthan,35-44,659
USR004165,2023-08-15,Occasional,Gujarat,35-44,1109
USR004166,2023-12-31,Occasional,Tamil Nadu,45-59,971
USR004167,2023-07-18,Frequent,Uttar Pradesh,25-34,1137
USR004168,2026-03-17,New,Maharashtra,35-44,164
USR004169,2024-02-06,Power,Karnataka,35-44,934
USR004170,2025-02-27,Occasional,Delhi,35-44,547
USR004171,2023-12-21,Occasional,Delhi,18-24,981
USR004172,2025-01-27,Frequent,Tamil Nadu,60+,578
USR004173,2023-04-17,Power,Karnataka,18-24,1229
USR004174,2025-11-20,Occasional,West Bengal,45-59,281
USR004175,2024-08-27,New,Karnataka,18-24,731
USR004176,2025-04-02,New,Tamil Nadu,18-24,513
USR004177,2024-12-30,Occasional,Maharashtra,45-59,606
USR004178,2024-10-18,Occasional,Tamil Nadu,18-24,679
USR004179,2024-09-21,Occasional,West Bengal,25-34,706
USR004180,2023-06-30,Frequent,Karnataka,45-59,1155
USR004181,2025-04-14,Occasional,Rajasthan,25-34,501
USR004182,2024-10-02,Occasional,Telangana,35-44,695
USR004183,2025-06-04,Occasional,Uttar Pradesh,25-34,450
USR004184,2024-09-13,New,Rajasthan,35-44,714
USR004185,2024-01-12,Frequent,Karnataka,18-24,959
USR004186,2024-06-30,Occasional,Maharashtra,25-34,789
USR004187,2023-06-18,Power,Karnataka,18-24,1167
USR004188,2023-08-03,Power,Telangana,60+,1121
USR004189,2025-02-18,Frequent,Karnataka,18-24,556
USR004190,2025-12-14,Frequent,Delhi,25-34,257
USR004191,2023-10-02,Power,Karnataka,25-34,1061
USR004192,2023-10-17,Occasional,Rajasthan,45-59,1046
USR004193,2023-11-08,Frequent,West Bengal,25-34,1024
USR004194,2025-04-03,Occasional,Telangana,35-44,512
USR004195,2026-03-10,Frequent,Delhi,18-24,171
USR004196,2024-02-01,Frequent,West Bengal,25-34,939
USR004197,2023-06-26,Frequent,Maharashtra,25-34,1159
USR004198,2024-04-16,New,Gujarat,25-34,864
USR004199,2023-09-29,Frequent,West Bengal,18-24,1064
USR004200,2024-02-17,Occasional,Maharashtra,18-24,923
USR004201,2025-08-06,Power,Uttar Pradesh,25-34,387
USR004202,2025-10-07,Frequent,Uttar Pradesh,35-44,325
USR004203,2026-02-13,Frequent,Karnataka,18-24,196
USR004204,2024-12-17,New,Gujarat,18-24,619
USR004205,2023-04-02,Occasional,Rajasthan,45-59,1244
USR004206,2023-02-17,Frequent,Delhi,45-59,1288
USR004207,2025-11-22,Occasional,Telangana,18-24,279
USR004208,2026-02-05,New,Delhi,18-24,204
USR004209,2025-05-07,Frequent,Uttar Pradesh,45-59,478
USR004210,2024-06-23,Frequent,Telangana,25-34,796
USR004211,2024-11-29,New,Haryana,18-24,637
USR004212,2023-06-20,Frequent,Haryana,25-34,1165
USR004213,2025-06-11,Occasional,Uttar Pradesh,18-24,443
USR004214,2023-07-12,Power,Gujarat,25-34,1143
USR004215,2024-12-26,Occasional,Delhi,18-24,610
USR004216,2026-02-18,Frequent,Rajasthan,45-59,191
USR004217,2025-06-25,Frequent,Telangana,25-34,429
USR004218,2024-05-01,New,Telangana,25-34,849
USR004219,2023-04-18,Occasional,Delhi,45-59,1228
USR004220,2023-10-10,Power,Maharashtra,45-59,1053
USR004221,2023-07-20,Frequent,Tamil Nadu,25-34,1135
USR004222,2023-01-19,Power,West Bengal,35-44,1317
USR004223,2024-07-21,Frequent,West Bengal,45-59,768
USR004224,2023-06-13,Frequent,Haryana,18-24,1172
USR004225,2025-11-08,New,Gujarat,18-24,293
USR004226,2024-06-09,Power,Rajasthan,25-34,810
USR004227,2024-10-22,Frequent,Rajasthan,18-24,675
USR004228,2026-03-12,Occasional,Karnataka,25-34,169
USR004229,2023-09-07,Occasional,Haryana,35-44,1086
USR004230,2025-01-10,Occasional,West Bengal,18-24,595
USR004231,2024-05-05,Frequent,Karnataka,45-59,845
USR004232,2025-04-17,Frequent,Maharashtra,35-44,498
USR004233,2024-11-09,Frequent,Delhi,25-34,657
USR004234,2025-03-17,Frequent,Rajasthan,18-24,529
USR004235,2025-11-11,Frequent,Telangana,35-44,290
USR004236,2025-12-18,Frequent,Telangana,35-44,253
USR004237,2024-11-10,Occasional,Delhi,25-34,656
USR004238,2023-12-08,Occasional,Rajasthan,25-34,994
USR004239,2023-11-22,Frequent,Delhi,35-44,1010
USR004240,2023-01-04,Frequent,Karnataka,25-34,1332
USR004241,2023-11-12,Occasional,Tamil Nadu,18-24,1020
USR004242,2025-11-10,Frequent,Telangana,25-34,291
USR004243,2024-09-02,Frequent,Telangana,25-34,725
USR004244,2025-04-18,Frequent,Rajasthan,18-24,497
USR004245,2025-03-28,Occasional,Rajasthan,18-24,518
USR004246,2024-07-04,Frequent,Haryana,25-34,785
USR004247,2026-03-23,Frequent,Delhi,18-24,158
USR004248,2025-01-01,Frequent,Karnataka,45-59,604
USR004249,2024-10-22,Power,Gujarat,25-34,675
USR004250,2023-11-21,Power,Haryana,25-34,1011
USR004251,2026-01-05,Frequent,Uttar Pradesh,18-24,235
USR004252,2023-05-12,Frequent,Uttar Pradesh,60+,1204
USR004253,2025-03-01,Frequent,Delhi,25-34,545
USR004254,2024-10-23,Frequent,Karnataka,35-44,674
USR004255,2025-10-06,Occasional,Gujarat,18-24,326
USR004256,2025-04-12,Occasional,Gujarat,18-24,503
USR004257,2025-01-03,Frequent,Telangana,25-34,602
USR004258,2023-08-17,Frequent,West Bengal,25-34,1107
USR004259,2025-05-24,Occasional,Maharashtra,45-59,461
USR004260,2023-04-13,Frequent,Tamil Nadu,25-34,1233
USR004261,2025-10-29,Power,Maharashtra,35-44,303
USR004262,2025-03-22,Frequent,Maharashtra,18-24,524
USR004263,2024-11-01,Frequent,Delhi,18-24,665
USR004264,2024-07-29,New,Rajasthan,18-24,760
USR004265,2026-01-13,Frequent,Tamil Nadu,25-34,227
USR004266,2023-12-09,Frequent,Telangana,25-34,993
USR004267,2026-03-08,Frequent,Uttar Pradesh,25-34,173
USR004268,2023-04-11,Power,Rajasthan,60+,1235
USR004269,2024-07-16,New,Tamil Nadu,18-24,773
USR004270,2024-09-06,Frequent,Karnataka,35-44,721
USR004271,2024-11-14,Power,West Bengal,35-44,652
USR004272,2025-02-06,Frequent,Rajasthan,25-34,568
USR004273,2025-09-22,New,Gujarat,25-34,340
USR004274,2024-07-12,Occasional,Maharashtra,25-34,777
USR004275,2026-04-14,Occasional,Telangana,18-24,136
USR004276,2025-06-14,Frequent,Uttar Pradesh,45-59,440
USR004277,2025-04-05,Frequent,Delhi,25-34,510
USR004278,2023-04-09,Frequent,Tamil Nadu,25-34,1237
USR004279,2024-09-04,Frequent,Karnataka,18-24,723
USR004280,2023-11-10,Frequent,Gujarat,25-34,1022
USR004281,2023-11-11,Power,Gujarat,35-44,1021
USR004282,2023-12-16,Power,Gujarat,45-59,986
USR004283,2024-03-21,Frequent,Maharashtra,25-34,890
USR004284,2025-07-18,Occasional,Gujarat,25-34,406
USR004285,2023-07-02,Power,Telangana,18-24,1153
USR004286,2024-06-16,Occasional,Haryana,25-34,803
USR004287,2025-09-05,Frequent,Uttar Pradesh,18-24,357
USR004288,2025-03-20,New,Rajasthan,25-34,526
USR004289,2023-02-15,Power,Gujarat,18-24,1290
USR004290,2026-02-26,Frequent,Karnataka,25-34,183
USR004291,2023-05-13,Frequent,Gujarat,25-34,1203
USR004292,2023-11-10,Frequent,Uttar Pradesh,18-24,1022
USR004293,2024-09-20,Frequent,Delhi,25-34,707
USR004294,2023-07-25,Occasional,Uttar Pradesh,25-34,1130
USR004295,2023-12-31,Frequent,Tamil Nadu,25-34,971
USR004296,2024-11-19,Frequent,West Bengal,18-24,647
USR004297,2025-06-30,Occasional,Telangana,35-44,424
USR004298,2026-04-07,Power,West Bengal,18-24,143
USR004299,2024-10-29,Occasional,Haryana,18-24,668
USR004300,2024-03-06,Frequent,Uttar Pradesh,18-24,905
USR004301,2025-06-03,Frequent,West Bengal,18-24,451
USR004302,2025-04-20,Power,Delhi,45-59,495
USR004303,2023-01-06,Power,Uttar Pradesh,35-44,1330
USR004304,2023-04-21,Frequent,Tamil Nadu,18-24,1225
USR004305,2023-08-19,Occasional,Gujarat,25-34,1105
USR004306,2025-08-13,New,Maharashtra,25-34,380
USR004307,2023-08-13,New,Gujarat,25-34,1111
USR004308,2025-08-04,Frequent,Tamil Nadu,35-44,389
USR004309,2024-06-22,Occasional,Karnataka,35-44,797
USR004310,2024-06-21,Frequent,West Bengal,18-24,798
USR004311,2024-12-22,Power,West Bengal,45-59,614
USR004312,2024-11-20,Occasional,Karnataka,18-24,646
USR004313,2024-07-07,Frequent,West Bengal,25-34,782
USR004314,2025-03-16,Frequent,Gujarat,25-34,530
USR004315,2024-10-05,Occasional,Delhi,25-34,692
USR004316,2025-02-02,Occasional,Maharashtra,35-44,572
USR004317,2026-04-07,Frequent,Gujarat,25-34,143
USR004318,2024-09-09,Power,Gujarat,45-59,718
USR004319,2023-07-20,Frequent,Telangana,18-24,1135
USR004320,2025-12-23,Frequent,Uttar Pradesh,25-34,248
USR004321,2023-08-29,Frequent,Telangana,18-24,1095
USR004322,2024-03-13,Frequent,Uttar Pradesh,25-34,898
USR004323,2024-09-07,New,Karnataka,18-24,720
USR004324,2025-06-29,Frequent,Karnataka,18-24,425
USR004325,2025-10-06,Frequent,West Bengal,35-44,326
USR004326,2024-05-17,Power,Karnataka,25-34,833
USR004327,2024-10-16,Frequent,Maharashtra,25-34,681
USR004328,2024-03-19,Frequent,Uttar Pradesh,25-34,892
USR004329,2025-04-04,New,West Bengal,18-24,511
USR004330,2025-03-06,New,Karnataka,25-34,540
USR004331,2023-03-05,Frequent,Maharashtra,35-44,1272
USR004332,2025-06-16,Frequent,Telangana,25-34,438
USR004333,2024-07-06,Frequent,West Bengal,25-34,783
USR004334,2023-12-31,Power,Gujarat,25-34,971
USR004335,2023-07-20,Occasional,Delhi,18-24,1135
USR004336,2025-01-17,Frequent,Tamil Nadu,25-34,588
USR004337,2026-04-13,Occasional,Telangana,25-34,137
USR004338,2024-12-23,Power,Telangana,25-34,613
USR004339,2024-05-06,Occasional,Gujarat,35-44,844
USR004340,2025-04-14,New,Maharashtra,25-34,501
USR004341,2023-09-30,Frequent,Tamil Nadu,18-24,1063
USR004342,2023-06-24,Power,Tamil Nadu,35-44,1161
USR004343,2023-08-07,Frequent,Haryana,18-24,1117
USR004344,2024-07-11,Occasional,Haryana,25-34,778
USR004345,2024-09-26,Occasional,Uttar Pradesh,60+,701
USR004346,2024-04-09,Occasional,Tamil Nadu,25-34,871
USR004347,2026-03-08,Occasional,Karnataka,45-59,173
USR004348,2024-07-02,Frequent,Maharashtra,18-24,787
USR004349,2023-01-23,Frequent,West Bengal,25-34,1313
USR004350,2024-04-12,Power,Telangana,35-44,868
USR004351,2026-02-22,Power,Telangana,35-44,187
USR004352,2025-11-17,Occasional,Gujarat,18-24,284
USR004353,2025-04-30,Occasional,West Bengal,35-44,485
USR004354,2024-06-25,Frequent,Karnataka,18-24,794
USR004355,2025-11-03,Power,Rajasthan,25-34,298
USR004356,2026-04-09,New,Delhi,25-34,141
USR004357,2024-02-06,Frequent,Delhi,18-24,934
USR004358,2023-12-07,Occasional,Delhi,35-44,995
USR004359,2023-06-19,Power,Haryana,25-34,1166
USR004360,2026-01-24,Frequent,Delhi,35-44,216
USR004361,2024-09-18,Occasional,Gujarat,25-34,709
USR004362,2024-06-24,Frequent,Uttar Pradesh,25-34,795
USR004363,2025-02-01,Frequent,Delhi,25-34,573
USR004364,2024-10-11,Occasional,Karnataka,18-24,686
USR004365,2023-07-19,Frequent,Rajasthan,25-34,1136
USR004366,2024-12-02,New,Telangana,45-59,634
USR004367,2024-01-20,Frequent,Maharashtra,25-34,951
USR004368,2023-10-23,New,Rajasthan,35-44,1040
USR004369,2026-01-10,New,Haryana,18-24,230
USR004370,2025-05-28,Frequent,Karnataka,25-34,457
USR004371,2024-07-26,Power,Karnataka,18-24,763
USR004372,2023-10-03,Occasional,Karnataka,18-24,1060
USR004373,2025-12-05,Occasional,Tamil Nadu,25-34,266
USR004374,2023-05-03,Power,Karnataka,18-24,1213
USR004375,2023-12-13,Frequent,Telangana,18-24,989
USR004376,2023-01-04,Frequent,Telangana,45-59,1332
USR004377,2025-08-17,Power,Maharashtra,35-44,376
USR004378,2023-01-22,Power,West Bengal,25-34,1314
USR004379,2026-01-18,Occasional,West Bengal,25-34,222
USR004380,2025-02-03,New,Telangana,25-34,571
USR004381,2023-05-15,Frequent,Delhi,45-59,1201
USR004382,2025-10-18,New,Uttar Pradesh,25-34,314
USR004383,2025-11-23,Occasional,Maharashtra,25-34,278
USR004384,2023-07-30,Frequent,Haryana,18-24,1125
USR004385,2024-04-08,Power,Delhi,25-34,872
USR004386,2024-09-01,Frequent,Telangana,18-24,726
USR004387,2025-05-29,Frequent,Karnataka,25-34,456
USR004388,2023-06-20,Occasional,Gujarat,35-44,1165
USR004389,2024-04-17,Frequent,Maharashtra,25-34,863
USR004390,2024-05-27,Frequent,Haryana,18-24,823
USR004391,2026-03-02,Frequent,West Bengal,25-34,179
USR004392,2024-04-14,Occasional,Gujarat,35-44,866
USR004393,2023-08-23,Frequent,Haryana,25-34,1101
USR004394,2023-04-19,New,Karnataka,35-44,1227
USR004395,2025-02-04,Frequent,Karnataka,18-24,570
USR004396,2026-01-20,New,Telangana,25-34,220
USR004397,2023-01-23,Frequent,Delhi,18-24,1313
USR004398,2024-11-11,Power,Karnataka,25-34,655
USR004399,2025-03-26,Frequent,Gujarat,45-59,520
USR004400,2025-04-02,Frequent,Delhi,18-24,513
USR004401,2025-05-17,Frequent,Maharashtra,25-34,468
USR004402,2025-11-10,Frequent,Uttar Pradesh,25-34,291
USR004403,2023-10-17,Power,Haryana,18-24,1046
USR004404,2025-01-23,Frequent,Rajasthan,35-44,582
USR004405,2024-01-29,Frequent,Haryana,25-34,942
USR004406,2023-01-09,Occasional,West Bengal,18-24,1327
USR004407,2024-10-30,Power,West Bengal,25-34,667
USR004408,2024-06-03,Occasional,Tamil Nadu,35-44,816
USR004409,2024-12-07,New,Delhi,35-44,629
USR004410,2024-09-15,New,Karnataka,18-24,712
USR004411,2026-01-17,Occasional,Karnataka,25-34,223
USR004412,2025-01-22,Frequent,Haryana,35-44,583
USR004413,2026-03-05,Frequent,Tamil Nadu,25-34,176
USR004414,2025-07-18,New,West Bengal,18-24,406
USR004415,2025-09-22,Frequent,Tamil Nadu,18-24,340
USR004416,2025-04-21,Frequent,Maharashtra,45-59,494
USR004417,2024-09-13,New,Uttar Pradesh,45-59,714
USR004418,2025-02-21,New,Karnataka,45-59,553
USR004419,2024-06-02,Frequent,Tamil Nadu,35-44,817
USR004420,2026-02-11,Frequent,Tamil Nadu,18-24,198
USR004421,2025-02-27,Frequent,Karnataka,35-44,547
USR004422,2025-07-17,Frequent,Telangana,25-34,407
USR004423,2025-06-11,Power,Maharashtra,25-34,443
USR004424,2024-04-04,Occasional,Haryana,35-44,876
USR004425,2025-07-20,Frequent,Tamil Nadu,35-44,404
USR004426,2025-08-25,Frequent,Maharashtra,18-24,368
USR004427,2023-12-29,Occasional,Telangana,35-44,973
USR004428,2025-07-13,Occasional,West Bengal,45-59,411
USR004429,2024-06-24,Power,Gujarat,18-24,795
USR004430,2023-01-01,Occasional,Uttar Pradesh,45-59,1335
USR004431,2023-03-30,Frequent,West Bengal,35-44,1247
USR004432,2024-03-20,Power,Rajasthan,18-24,891
USR004433,2024-12-06,Occasional,Gujarat,35-44,630
USR004434,2023-11-29,Frequent,West Bengal,25-34,1003
USR004435,2026-04-10,Power,Gujarat,35-44,140
USR004436,2024-09-04,Power,Telangana,35-44,723
USR004437,2023-08-04,New,West Bengal,45-59,1120
USR004438,2026-03-25,Frequent,Uttar Pradesh,45-59,156
USR004439,2025-01-11,Occasional,Gujarat,25-34,594
USR004440,2025-08-02,New,Haryana,35-44,391
USR004441,2023-11-07,Occasional,Haryana,18-24,1025
USR004442,2025-11-04,Occasional,Maharashtra,35-44,297
USR004443,2026-04-02,New,Rajasthan,18-24,148
USR004444,2025-02-17,Frequent,Gujarat,35-44,557
USR004445,2023-01-24,Power,Telangana,35-44,1312
USR004446,2024-01-08,Power,Telangana,18-24,963
USR004447,2025-11-29,New,Telangana,35-44,272
USR004448,2025-09-02,New,West Bengal,45-59,360
USR004449,2025-07-23,Occasional,Gujarat,25-34,401
USR004450,2024-02-25,Frequent,Telangana,18-24,915
USR004451,2024-04-01,Frequent,Haryana,18-24,879
USR004452,2025-06-28,New,Karnataka,18-24,426
USR004453,2025-06-15,Frequent,Gujarat,18-24,439
USR004454,2026-02-08,Frequent,Delhi,18-24,201
USR004455,2023-03-08,Occasional,Delhi,18-24,1269
USR004456,2023-12-02,Occasional,Tamil Nadu,18-24,1000
USR004457,2023-10-21,Occasional,Haryana,45-59,1042
USR004458,2024-05-31,Occasional,Maharashtra,35-44,819
USR004459,2023-02-26,Power,Telangana,25-34,1279
USR004460,2024-06-13,Frequent,Maharashtra,25-34,806
USR004461,2024-12-05,Frequent,Tamil Nadu,25-34,631
USR004462,2026-01-06,Power,Gujarat,35-44,234
USR004463,2024-09-17,New,Rajasthan,25-34,710
USR004464,2025-09-14,Frequent,Maharashtra,18-24,348
USR004465,2025-02-22,Power,Uttar Pradesh,18-24,552
USR004466,2026-02-12,Occasional,Rajasthan,25-34,197
USR004467,2024-11-28,Occasional,Karnataka,45-59,638
USR004468,2025-12-01,Frequent,Uttar Pradesh,18-24,270
USR004469,2024-12-17,Power,Delhi,25-34,619
USR004470,2023-01-14,Occasional,West Bengal,25-34,1322
USR004471,2024-09-11,Power,Gujarat,25-34,716
USR004472,2023-03-03,Frequent,Telangana,25-34,1274
USR004473,2025-07-03,Frequent,Maharashtra,25-34,421
USR004474,2023-03-28,Occasional,Haryana,45-59,1249
USR004475,2023-12-12,New,Karnataka,45-59,990
USR004476,2023-03-12,Power,Karnataka,25-34,1265
USR004477,2024-10-29,Frequent,Telangana,45-59,668
USR004478,2026-03-27,Frequent,Rajasthan,35-44,154
USR004479,2026-03-04,Frequent,West Bengal,18-24,177
USR004480,2025-11-29,Frequent,Karnataka,18-24,272
USR004481,2023-11-19,Power,Haryana,25-34,1013
USR004482,2025-04-17,Occasional,Karnataka,25-34,498
USR004483,2026-03-28,Occasional,Uttar Pradesh,18-24,153
USR004484,2023-01-18,Occasional,Delhi,25-34,1318
USR004485,2025-11-03,New,Maharashtra,18-24,298
USR004486,2023-06-10,Frequent,Delhi,25-34,1175
USR004487,2024-10-01,Occasional,Karnataka,18-24,696
USR004488,2023-02-13,New,Delhi,35-44,1292
USR004489,2023-01-08,New,West Bengal,25-34,1328
USR004490,2025-01-20,Power,Karnataka,25-34,585
USR004491,2025-12-21,Frequent,Delhi,25-34,250
USR004492,2023-05-20,New,Uttar Pradesh,25-34,1196
USR004493,2023-09-27,Power,Gujarat,25-34,1066
USR004494,2023-02-06,Frequent,Gujarat,18-24,1299
USR004495,2026-03-15,Occasional,Uttar Pradesh,18-24,166
USR004496,2023-04-15,Occasional,Telangana,18-24,1231
USR004497,2025-12-30,Power,Gujarat,18-24,241
USR004498,2026-01-16,Power,Tamil Nadu,18-24,224
USR004499,2026-03-19,Power,Rajasthan,45-59,162
USR004500,2023-10-18,Power,Rajasthan,18-24,1045
USR004501,2025-12-31,Frequent,Maharashtra,25-34,240
USR004502,2023-06-30,Power,Gujarat,25-34,1155
USR004503,2023-11-11,Occasional,Telangana,25-34,1021
USR004504,2024-07-02,Frequent,Rajasthan,25-34,787
USR004505,2023-07-24,Frequent,West Bengal,18-24,1131
USR004506,2025-01-17,New,Karnataka,25-34,588
USR004507,2025-10-13,Frequent,West Bengal,25-34,319
USR004508,2023-02-26,Frequent,Gujarat,18-24,1279
USR004509,2023-09-25,New,Rajasthan,18-24,1068
USR004510,2024-12-23,New,Tamil Nadu,35-44,613
USR004511,2026-03-03,Occasional,Maharashtra,35-44,178
USR004512,2026-03-24,Frequent,Tamil Nadu,35-44,157
USR004513,2026-04-14,Occasional,Delhi,25-34,136
USR004514,2023-07-31,Occasional,Gujarat,45-59,1124
USR004515,2023-09-13,New,Tamil Nadu,35-44,1080
USR004516,2025-06-27,New,Haryana,18-24,427
USR004517,2023-02-09,Power,West Bengal,25-34,1296
USR004518,2025-07-30,Occasional,Karnataka,60+,394
USR004519,2024-09-26,Power,Uttar Pradesh,25-34,701
USR004520,2025-08-15,Power,Haryana,25-34,378
USR004521,2025-02-28,New,Haryana,18-24,546
USR004522,2026-01-22,Occasional,Karnataka,18-24,218
USR004523,2026-03-23,Power,West Bengal,35-44,158
USR004524,2024-04-27,Frequent,Telangana,35-44,853
USR004525,2025-08-02,Frequent,Uttar Pradesh,18-24,391
USR004526,2024-09-18,Occasional,Gujarat,35-44,709
USR004527,2025-08-05,Frequent,Delhi,25-34,388
USR004528,2025-02-09,Occasional,Karnataka,25-34,565
USR004529,2025-04-11,Frequent,Uttar Pradesh,18-24,504
USR004530,2025-11-27,Power,Maharashtra,35-44,274
USR004531,2026-03-16,New,Tamil Nadu,18-24,165
USR004532,2025-12-29,Frequent,Uttar Pradesh,18-24,242
USR004533,2025-08-22,Frequent,Telangana,45-59,371
USR004534,2023-03-04,Frequent,Haryana,18-24,1273
USR004535,2023-05-15,Occasional,Gujarat,25-34,1201
USR004536,2025-09-05,Occasional,Uttar Pradesh,35-44,357
USR004537,2025-04-10,Occasional,Delhi,18-24,505
USR004538,2024-06-19,Frequent,Maharashtra,18-24,800
USR004539,2024-04-17,New,Karnataka,35-44,863
USR004540,2024-07-03,Power,Maharashtra,45-59,786
USR004541,2024-11-11,New,Tamil Nadu,18-24,655
USR004542,2023-08-21,Frequent,Delhi,35-44,1103
USR004543,2025-03-22,Occasional,Karnataka,18-24,524
USR004544,2024-11-03,Occasional,Maharashtra,35-44,663
USR004545,2023-05-15,Frequent,Delhi,45-59,1201
USR004546,2024-04-01,Occasional,Gujarat,25-34,879
USR004547,2024-07-12,Occasional,Uttar Pradesh,18-24,777
USR004548,2026-03-24,Frequent,Tamil Nadu,35-44,157
USR004549,2024-10-23,Frequent,Telangana,45-59,674
USR004550,2025-09-12,Frequent,Karnataka,60+,350
USR004551,2024-05-25,Power,Maharashtra,35-44,825
USR004552,2023-12-07,Occasional,Delhi,35-44,995
USR004553,2025-08-10,Frequent,Tamil Nadu,25-34,383
USR004554,2023-01-22,New,Tamil Nadu,18-24,1314
USR004555,2026-02-26,New,Maharashtra,35-44,183
USR004556,2023-04-24,Occasional,West Bengal,25-34,1222
USR004557,2024-09-30,Occasional,West Bengal,25-34,697
USR004558,2024-05-25,Power,Gujarat,25-34,825
USR004559,2023-04-18,Frequent,Uttar Pradesh,18-24,1228
USR004560,2024-05-24,New,Haryana,25-34,826
USR004561,2023-10-22,Frequent,Maharashtra,35-44,1041
USR004562,2025-06-26,Power,Uttar Pradesh,45-59,428
USR004563,2024-04-05,Frequent,Uttar Pradesh,45-59,875
USR004564,2026-03-22,Occasional,Maharashtra,18-24,159
USR004565,2024-03-10,Frequent,Haryana,35-44,901
USR004566,2024-12-11,Occasional,West Bengal,25-34,625
USR004567,2024-03-31,Occasional,Tamil Nadu,18-24,880
USR004568,2025-11-12,New,Tamil Nadu,18-24,289
USR004569,2025-09-12,Occasional,Gujarat,18-24,350
USR004570,2024-03-02,New,Tamil Nadu,25-34,909
USR004571,2023-07-27,Power,Delhi,18-24,1128
USR004572,2025-09-01,Power,Maharashtra,25-34,361
USR004573,2026-01-08,Occasional,West Bengal,18-24,232
USR004574,2024-05-10,Occasional,Maharashtra,25-34,840
USR004575,2023-05-29,Occasional,Delhi,18-24,1187
USR004576,2023-09-28,Occasional,Maharashtra,25-34,1065
USR004577,2023-07-03,Occasional,Gujarat,25-34,1152
USR004578,2025-10-18,New,Haryana,45-59,314
USR004579,2024-06-30,Frequent,Maharashtra,18-24,789
USR004580,2023-11-08,Power,Uttar Pradesh,45-59,1024
USR004581,2025-03-16,Occasional,Karnataka,25-34,530
USR004582,2023-11-17,Occasional,Gujarat,35-44,1015
USR004583,2023-09-27,Occasional,Rajasthan,35-44,1066
USR004584,2023-03-14,Power,Rajasthan,18-24,1263
USR004585,2023-07-06,Power,Gujarat,45-59,1149
USR004586,2024-12-16,Frequent,Tamil Nadu,35-44,620
USR004587,2024-09-27,Frequent,Uttar Pradesh,45-59,700
USR004588,2023-05-21,Frequent,West Bengal,18-24,1195
USR004589,2025-10-15,Power,Gujarat,25-34,317
USR004590,2023-09-06,Power,Telangana,25-34,1087
USR004591,2024-04-17,Occasional,Rajasthan,25-34,863
USR004592,2023-09-27,Power,Telangana,18-24,1066
USR004593,2025-05-31,New,Telangana,18-24,454
USR004594,2023-06-02,Frequent,Rajasthan,25-34,1183
USR004595,2025-06-04,Occasional,Delhi,18-24,450
USR004596,2023-01-02,Frequent,Karnataka,25-34,1334
USR004597,2024-08-15,Occasional,Gujarat,25-34,743
USR004598,2025-02-28,Frequent,Gujarat,25-34,546
USR004599,2025-05-10,Frequent,West Bengal,35-44,475
USR004600,2024-09-18,Occasional,Tamil Nadu,25-34,709
USR004601,2025-05-15,New,Rajasthan,18-24,470
USR004602,2023-03-19,New,Karnataka,45-59,1258
USR004603,2025-05-05,Frequent,Maharashtra,35-44,480
USR004604,2023-11-01,Frequent,Rajasthan,25-34,1031
USR004605,2026-02-15,New,Haryana,18-24,194
USR004606,2024-07-29,Frequent,Telangana,25-34,760
USR004607,2025-03-01,Power,Rajasthan,25-34,545
USR004608,2025-04-14,Power,West Bengal,35-44,501
USR004609,2024-12-22,New,Gujarat,45-59,614
USR004610,2023-04-04,Power,Maharashtra,25-34,1242
USR004611,2025-02-20,Occasional,Telangana,35-44,554
USR004612,2026-01-03,Frequent,Telangana,25-34,237
USR004613,2025-12-09,New,West Bengal,45-59,262
USR004614,2025-09-26,Occasional,Maharashtra,35-44,336
USR004615,2026-02-08,New,Uttar Pradesh,25-34,201
USR004616,2024-01-31,Frequent,Gujarat,25-34,940
USR004617,2023-02-06,Frequent,Tamil Nadu,35-44,1299
USR004618,2023-02-28,Power,Tamil Nadu,18-24,1277
USR004619,2025-03-30,Frequent,Rajasthan,35-44,516
USR004620,2026-04-11,Frequent,Haryana,25-34,139
USR004621,2024-06-06,Occasional,Uttar Pradesh,25-34,813
USR004622,2024-02-23,Occasional,Karnataka,18-24,917
USR004623,2025-09-11,Occasional,Maharashtra,45-59,351
USR004624,2025-02-15,Frequent,Telangana,25-34,559
USR004625,2023-05-21,Power,Gujarat,35-44,1195
USR004626,2023-07-26,New,Uttar Pradesh,25-34,1129
USR004627,2023-04-04,Occasional,Haryana,35-44,1242
USR004628,2025-04-03,Occasional,Uttar Pradesh,18-24,512
USR004629,2023-07-03,Frequent,West Bengal,18-24,1152
USR004630,2023-10-28,New,Maharashtra,18-24,1035
USR004631,2025-12-19,Power,Gujarat,25-34,252
USR004632,2024-03-14,Occasional,West Bengal,35-44,897
USR004633,2025-09-14,Frequent,Maharashtra,25-34,348
USR004634,2023-07-23,Occasional,Rajasthan,25-34,1132
USR004635,2023-11-26,Power,Karnataka,25-34,1006
USR004636,2026-01-26,Frequent,Delhi,18-24,214
USR004637,2023-07-31,New,Maharashtra,18-24,1124
USR004638,2025-02-06,Power,Uttar Pradesh,25-34,568
USR004639,2023-02-18,Frequent,Gujarat,18-24,1287
USR004640,2023-03-06,Frequent,Maharashtra,25-34,1271
USR004641,2026-04-15,Power,Tamil Nadu,25-34,135
USR004642,2025-10-12,Occasional,West Bengal,18-24,320
USR004643,2025-11-10,Frequent,Uttar Pradesh,25-34,291
USR004644,2025-03-13,Occasional,Tamil Nadu,35-44,533
USR004645,2024-07-31,Occasional,Tamil Nadu,35-44,758
USR004646,2023-05-02,New,Haryana,18-24,1214
USR004647,2024-04-02,Occasional,Haryana,25-34,878
USR004648,2024-04-07,Power,West Bengal,25-34,873
USR004649,2024-07-23,New,Haryana,25-34,766
USR004650,2025-04-25,Occasional,Uttar Pradesh,25-34,490
USR004651,2025-03-04,Occasional,Haryana,25-34,542
USR004652,2024-02-03,Occasional,Rajasthan,25-34,937
USR004653,2025-02-12,Occasional,Gujarat,18-24,562
USR004654,2024-11-01,Frequent,Maharashtra,18-24,665
USR004655,2023-09-18,Occasional,Delhi,18-24,1075
USR004656,2024-08-10,New,Telangana,35-44,748
USR004657,2025-07-13,Power,Karnataka,18-24,411
USR004658,2023-06-11,Frequent,Rajasthan,25-34,1174
USR004659,2023-03-31,Power,Karnataka,45-59,1246
USR004660,2023-12-06,Frequent,Rajasthan,45-59,996
USR004661,2023-01-25,Occasional,Telangana,25-34,1311
USR004662,2023-03-30,Frequent,Karnataka,35-44,1247
USR004663,2024-03-21,Frequent,West Bengal,25-34,890
USR004664,2024-08-24,Frequent,West Bengal,25-34,734
USR004665,2023-03-10,Frequent,Telangana,35-44,1267
USR004666,2025-05-02,New,Delhi,25-34,483
USR004667,2024-10-23,Power,Uttar Pradesh,25-34,674
USR004668,2023-11-15,New,Delhi,35-44,1017
USR004669,2024-06-15,Frequent,Delhi,18-24,804
USR004670,2026-01-19,Power,Tamil Nadu,35-44,221
USR004671,2024-05-15,Power,Tamil Nadu,25-34,835
USR004672,2024-09-06,Occasional,Tamil Nadu,45-59,721
USR004673,2023-08-14,Power,Maharashtra,25-34,1110
USR004674,2025-02-17,Frequent,Haryana,35-44,557
USR004675,2024-06-23,Frequent,Haryana,35-44,796
USR004676,2026-03-21,Occasional,Telangana,18-24,160
USR004677,2024-06-24,Frequent,Karnataka,35-44,795
USR004678,2026-03-08,Power,Karnataka,35-44,173
USR004679,2026-04-03,Power,Haryana,18-24,147
USR004680,2024-10-07,Power,Telangana,45-59,690
USR004681,2023-10-20,Power,West Bengal,25-34,1043
USR004682,2026-02-04,Frequent,Tamil Nadu,18-24,205
USR004683,2023-04-03,Occasional,Karnataka,18-24,1243
USR004684,2024-02-10,Frequent,Rajasthan,18-24,930
USR004685,2026-02-25,Frequent,Uttar Pradesh,18-24,184
USR004686,2024-12-01,Power,Tamil Nadu,18-24,635
USR004687,2023-08-26,Occasional,Haryana,25-34,1098
USR004688,2024-09-26,Occasional,Maharashtra,25-34,701
USR004689,2025-04-28,New,Uttar Pradesh,35-44,487
USR004690,2025-03-02,Frequent,Uttar Pradesh,25-34,544
USR004691,2025-10-27,Frequent,Tamil Nadu,18-24,305
USR004692,2024-02-10,New,Gujarat,35-44,930
USR004693,2025-03-09,Occasional,West Bengal,18-24,537
USR004694,2023-11-09,Frequent,West Bengal,25-34,1023
USR004695,2023-04-22,Frequent,Uttar Pradesh,18-24,1224
USR004696,2024-03-15,Power,West Bengal,18-24,896
USR004697,2026-04-04,Frequent,Rajasthan,25-34,146
USR004698,2024-04-15,Occasional,Karnataka,35-44,865
USR004699,2025-03-16,Frequent,Haryana,18-24,530
USR004700,2024-01-16,Power,Telangana,45-59,955
USR004701,2023-05-26,New,Telangana,18-24,1190
USR004702,2023-12-10,Occasional,West Bengal,25-34,992
USR004703,2023-05-14,Frequent,Rajasthan,18-24,1202
USR004704,2025-09-28,Power,Telangana,18-24,334
USR004705,2023-03-16,New,Rajasthan,25-34,1261
USR004706,2024-11-11,Occasional,Karnataka,18-24,655
USR004707,2024-04-07,Occasional,Telangana,45-59,873
USR004708,2023-02-13,New,West Bengal,18-24,1292
USR004709,2025-12-03,Occasional,Haryana,25-34,268
USR004710,2026-02-23,Occasional,Haryana,35-44,186
USR004711,2024-07-10,Frequent,Rajasthan,18-24,779
USR004712,2023-01-25,Power,Tamil Nadu,25-34,1311
USR004713,2023-08-07,New,Maharashtra,45-59,1117
USR004714,2025-07-22,Frequent,Maharashtra,35-44,402
USR004715,2025-06-29,Frequent,Tamil Nadu,25-34,425
USR004716,2024-10-03,Frequent,Uttar Pradesh,25-34,694
USR004717,2024-02-18,Power,Maharashtra,25-34,922
USR004718,2023-07-31,New,Karnataka,25-34,1124
USR004719,2026-03-21,Frequent,Telangana,35-44,160
USR004720,2023-03-16,Occasional,Maharashtra,18-24,1261
USR004721,2023-07-10,Occasional,Uttar Pradesh,18-24,1145
USR004722,2024-12-31,Occasional,Haryana,25-34,605
USR004723,2024-07-26,Occasional,Tamil Nadu,25-34,763
USR004724,2025-11-28,Occasional,Haryana,35-44,273
USR004725,2024-12-02,Occasional,Delhi,18-24,634
USR004726,2023-08-12,Frequent,Maharashtra,35-44,1112
USR004727,2024-04-24,Occasional,Maharashtra,35-44,856
USR004728,2023-04-24,Occasional,Haryana,25-34,1222
USR004729,2025-02-26,Frequent,Gujarat,18-24,548
USR004730,2025-03-01,Frequent,Haryana,25-34,545
USR004731,2025-07-23,Occasional,West Bengal,18-24,401
USR004732,2026-03-09,Power,Telangana,25-34,172
USR004733,2023-11-13,Occasional,West Bengal,35-44,1019
USR004734,2023-11-08,Power,Tamil Nadu,35-44,1024
USR004735,2026-02-21,Power,Rajasthan,25-34,188
USR004736,2024-11-05,Power,Tamil Nadu,35-44,661
USR004737,2023-11-11,Power,Telangana,25-34,1021
USR004738,2023-07-09,Occasional,Karnataka,60+,1146
USR004739,2024-05-09,Occasional,Tamil Nadu,35-44,841
USR004740,2025-09-13,Power,Telangana,25-34,349
USR004741,2023-03-10,Occasional,Gujarat,25-34,1267
USR004742,2023-07-27,Frequent,Tamil Nadu,35-44,1128
USR004743,2025-08-05,Frequent,Karnataka,45-59,388
USR004744,2023-09-06,Occasional,Gujarat,18-24,1087
USR004745,2026-02-15,Frequent,Gujarat,35-44,194
USR004746,2025-03-16,Occasional,Tamil Nadu,35-44,530
USR004747,2025-12-31,Frequent,West Bengal,18-24,240
USR004748,2024-08-29,Frequent,Gujarat,25-34,729
USR004749,2023-01-11,Power,Tamil Nadu,25-34,1325
USR004750,2024-05-01,Occasional,Delhi,25-34,849
USR004751,2023-07-22,Frequent,Telangana,25-34,1133
USR004752,2026-04-09,Power,Gujarat,25-34,141
USR004753,2023-04-23,Occasional,Haryana,45-59,1223
USR004754,2025-03-08,Power,Maharashtra,18-24,538
USR004755,2023-06-14,Frequent,Karnataka,25-34,1171
USR004756,2023-04-24,New,Gujarat,25-34,1222
USR004757,2025-04-30,New,Haryana,25-34,485
USR004758,2026-02-24,Occasional,Uttar Pradesh,45-59,185
USR004759,2025-11-19,New,Karnataka,35-44,282
USR004760,2023-01-03,New,Rajasthan,25-34,1333
USR004761,2024-01-31,Frequent,Uttar Pradesh,25-34,940
USR004762,2025-02-07,Power,Haryana,18-24,567
USR004763,2026-02-22,Power,West Bengal,18-24,187
USR004764,2024-03-22,New,Uttar Pradesh,25-34,889
USR004765,2025-12-19,New,West Bengal,45-59,252
USR004766,2024-05-16,Frequent,Telangana,35-44,834
USR004767,2025-01-13,Power,Telangana,18-24,592
USR004768,2023-10-11,New,Karnataka,35-44,1052
USR004769,2025-12-22,Frequent,Delhi,18-24,249
USR004770,2024-03-12,Frequent,Rajasthan,35-44,899
USR004771,2025-03-25,Power,Karnataka,25-34,521
USR004772,2023-05-10,Frequent,Tamil Nadu,35-44,1206
USR004773,2023-11-15,Occasional,Uttar Pradesh,35-44,1017
USR004774,2025-06-12,Frequent,Telangana,25-34,442
USR004775,2024-10-10,Power,Haryana,25-34,687
USR004776,2025-04-27,Power,Telangana,18-24,488
USR004777,2024-05-14,New,Haryana,25-34,836
USR004778,2026-03-16,Frequent,Delhi,60+,165
USR004779,2023-10-14,Frequent,Rajasthan,18-24,1049
USR004780,2025-04-03,Power,Karnataka,18-24,512
USR004781,2024-05-07,Frequent,Uttar Pradesh,25-34,843
USR004782,2026-03-08,Occasional,Delhi,45-59,173
USR004783,2024-10-03,Occasional,Haryana,25-34,694
USR004784,2024-06-10,Occasional,Rajasthan,18-24,809
USR004785,2024-05-23,Power,Telangana,35-44,827
USR004786,2026-01-15,Occasional,Karnataka,35-44,225
USR004787,2023-08-26,New,Tamil Nadu,18-24,1098
USR004788,2025-05-22,Occasional,Haryana,35-44,463
USR004789,2023-02-20,Occasional,West Bengal,25-34,1285
USR004790,2024-11-14,Occasional,Gujarat,25-34,652
USR004791,2023-04-25,Frequent,Telangana,25-34,1221
USR004792,2023-12-08,Frequent,Rajasthan,25-34,994
USR004793,2023-04-17,Occasional,Gujarat,25-34,1229
USR004794,2023-11-08,New,Uttar Pradesh,45-59,1024
USR004795,2024-04-27,Frequent,Karnataka,25-34,853
USR004796,2025-03-23,Occasional,Maharashtra,18-24,523
USR004797,2024-01-25,Occasional,Uttar Pradesh,18-24,946
USR004798,2023-01-14,Occasional,Gujarat,25-34,1322
USR004799,2026-03-08,Power,West Bengal,35-44,173
USR004800,2025-07-21,Power,Haryana,18-24,403
USR004801,2025-01-05,Power,Haryana,25-34,600
USR004802,2024-12-10,New,Delhi,18-24,626
USR004803,2025-07-13,Occasional,Karnataka,18-24,411
USR004804,2025-09-08,Frequent,Telangana,45-59,354
USR004805,2025-07-22,New,Rajasthan,25-34,402
USR004806,2024-12-28,Occasional,West Bengal,35-44,608
USR004807,2023-08-02,New,Gujarat,45-59,1122
USR004808,2024-08-20,Frequent,Delhi,18-24,738
USR004809,2023-03-04,Frequent,Rajasthan,18-24,1273
USR004810,2025-03-25,Power,Maharashtra,35-44,521
USR004811,2025-11-06,Frequent,Haryana,45-59,295
USR004812,2024-06-01,Power,Rajasthan,18-24,818
USR004813,2025-08-13,Occasional,Delhi,35-44,380
USR004814,2023-03-22,Power,Rajasthan,25-34,1255
USR004815,2023-06-20,Occasional,West Bengal,18-24,1165
USR004816,2025-05-24,Power,Uttar Pradesh,25-34,461
USR004817,2023-11-02,Occasional,West Bengal,18-24,1030
USR004818,2023-05-12,Frequent,Maharashtra,25-34,1204
USR004819,2023-10-10,Frequent,Uttar Pradesh,35-44,1053
USR004820,2023-05-23,Occasional,Delhi,25-34,1193
USR004821,2025-05-30,Frequent,Tamil Nadu,25-34,455
USR004822,2024-10-30,New,Haryana,35-44,667
USR004823,2024-11-01,Occasional,Karnataka,25-34,665
USR004824,2023-02-09,New,Gujarat,45-59,1296
USR004825,2023-03-08,Frequent,Haryana,25-34,1269
USR004826,2026-01-06,Frequent,Delhi,18-24,234
USR004827,2023-12-21,Occasional,Maharashtra,18-24,981
USR004828,2025-05-06,New,West Bengal,18-24,479
USR004829,2024-05-07,Occasional,Delhi,35-44,843
USR004830,2025-12-19,Occasional,Tamil Nadu,25-34,252
USR004831,2023-10-19,Power,Uttar Pradesh,18-24,1044
USR004832,2025-07-24,Occasional,Tamil Nadu,25-34,400
USR004833,2025-06-09,Frequent,Delhi,35-44,445
USR004834,2026-02-21,New,Haryana,18-24,188
USR004835,2025-05-01,Frequent,Tamil Nadu,18-24,484
USR004836,2025-05-23,Frequent,Rajasthan,25-34,462
USR004837,2024-09-17,New,Tamil Nadu,35-44,710
USR004838,2024-06-04,Occasional,Uttar Pradesh,18-24,815
USR004839,2023-02-08,Occasional,Telangana,25-34,1297
USR004840,2026-04-03,Frequent,Maharashtra,25-34,147
USR004841,2024-08-11,Occasional,Gujarat,25-34,747
USR004842,2023-07-24,Occasional,Karnataka,25-34,1131
USR004843,2024-09-05,New,Telangana,35-44,722
USR004844,2023-12-15,Frequent,Haryana,18-24,987
USR004845,2023-07-16,New,Maharashtra,25-34,1139
USR004846,2023-02-07,Frequent,Telangana,25-34,1298
USR004847,2025-05-01,New,Tamil Nadu,18-24,484
USR004848,2023-11-29,Frequent,Gujarat,18-24,1003
USR004849,2024-05-15,Frequent,Delhi,25-34,835
USR004850,2026-02-05,Power,Gujarat,25-34,204
USR004851,2026-01-27,Occasional,West Bengal,25-34,213
USR004852,2024-09-14,Occasional,Uttar Pradesh,35-44,713
USR004853,2024-09-18,Frequent,Telangana,18-24,709
USR004854,2024-11-27,Frequent,Tamil Nadu,25-34,639
USR004855,2023-04-06,Frequent,Karnataka,18-24,1240
USR004856,2024-11-06,Frequent,Gujarat,25-34,660
USR004857,2025-06-10,Power,West Bengal,25-34,444
USR004858,2026-01-17,Frequent,Delhi,25-34,223
USR004859,2024-03-28,New,West Bengal,18-24,883
USR004860,2023-02-08,Power,Maharashtra,18-24,1297
USR004861,2025-01-04,Power,Rajasthan,45-59,601
USR004862,2025-11-05,New,Haryana,25-34,296
USR004863,2026-01-18,Occasional,Uttar Pradesh,35-44,222
USR004864,2023-09-26,Occasional,Tamil Nadu,25-34,1067
USR004865,2024-11-03,Power,Uttar Pradesh,25-34,663
USR004866,2025-01-16,Frequent,Delhi,18-24,589
USR004867,2024-12-23,Frequent,West Bengal,25-34,613
USR004868,2025-10-12,Frequent,Karnataka,18-24,320
USR004869,2024-01-21,Frequent,Haryana,35-44,950
USR004870,2024-04-02,New,Uttar Pradesh,35-44,878
USR004871,2025-08-15,Occasional,Delhi,25-34,378
USR004872,2024-05-27,Occasional,Karnataka,18-24,823
USR004873,2025-03-07,New,Haryana,60+,539
USR004874,2024-12-31,Power,Haryana,25-34,605
USR004875,2023-03-21,Frequent,Karnataka,35-44,1256
USR004876,2023-12-10,Occasional,Tamil Nadu,18-24,992
USR004877,2025-12-04,Frequent,Telangana,18-24,267
USR004878,2025-11-18,Occasional,West Bengal,25-34,283
USR004879,2023-05-25,New,Rajasthan,25-34,1191
USR004880,2025-11-23,Frequent,Tamil Nadu,18-24,278
USR004881,2025-10-12,Occasional,Karnataka,35-44,320
USR004882,2024-05-19,Frequent,Haryana,25-34,831
USR004883,2025-09-08,Frequent,Haryana,18-24,354
USR004884,2023-08-04,Frequent,Gujarat,25-34,1120
USR004885,2023-04-10,Power,Tamil Nadu,18-24,1236
USR004886,2025-09-21,Frequent,Rajasthan,25-34,341
USR004887,2023-10-26,Frequent,Rajasthan,35-44,1037
USR004888,2025-11-14,Occasional,Karnataka,25-34,287
USR004889,2024-06-12,Frequent,Haryana,25-34,807
USR004890,2024-05-12,New,Haryana,18-24,838
USR004891,2023-01-09,Frequent,West Bengal,25-34,1327
USR004892,2026-04-07,Power,Uttar Pradesh,35-44,143
USR004893,2024-10-02,Frequent,Uttar Pradesh,35-44,695
USR004894,2024-09-26,Occasional,Maharashtra,25-34,701
USR004895,2026-04-05,Power,Delhi,35-44,145
USR004896,2023-10-05,Occasional,Gujarat,18-24,1058
USR004897,2024-04-20,Occasional,West Bengal,35-44,860
USR004898,2026-03-09,New,Telangana,18-24,172
USR004899,2024-06-14,Occasional,Haryana,25-34,805
USR004900,2025-11-21,Occasional,Haryana,25-34,280
USR004901,2026-03-08,Frequent,West Bengal,35-44,173
USR004902,2026-03-18,Power,Gujarat,25-34,163
USR004903,2024-10-05,Frequent,Tamil Nadu,45-59,692
USR004904,2025-10-14,Occasional,Rajasthan,18-24,318
USR004905,2025-09-03,Frequent,Tamil Nadu,60+,359
USR004906,2023-03-21,Frequent,Tamil Nadu,18-24,1256
USR004907,2025-06-25,Frequent,Karnataka,35-44,429
USR004908,2025-08-12,Frequent,Telangana,18-24,381
USR004909,2024-01-31,Occasional,Maharashtra,25-34,940
USR004910,2023-01-06,Frequent,Rajasthan,18-24,1330
USR004911,2026-04-10,Occasional,Tamil Nadu,18-24,140
USR004912,2025-10-23,Occasional,Maharashtra,18-24,309
USR004913,2024-01-23,Occasional,Haryana,25-34,948
USR004914,2023-09-24,Power,Gujarat,25-34,1069
USR004915,2023-03-30,Frequent,Tamil Nadu,18-24,1247
USR004916,2023-10-11,Power,Telangana,25-34,1052
USR004917,2023-11-21,Frequent,Gujarat,25-34,1011
USR004918,2024-11-08,Power,Uttar Pradesh,25-34,658
USR004919,2023-11-16,Occasional,Maharashtra,18-24,1016
USR004920,2023-09-20,Occasional,West Bengal,25-34,1073
USR004921,2024-08-21,Occasional,Haryana,25-34,737
USR004922,2023-03-10,Frequent,Gujarat,25-34,1267
USR004923,2024-12-06,Frequent,Maharashtra,45-59,630
USR004924,2023-11-01,New,Telangana,18-24,1031
USR004925,2024-05-30,New,Telangana,60+,820
USR004926,2024-06-27,Power,Gujarat,25-34,792
USR004927,2025-08-20,Frequent,Karnataka,35-44,373
USR004928,2023-08-09,Frequent,Tamil Nadu,45-59,1115
USR004929,2023-07-10,Power,Delhi,25-34,1145
USR004930,2023-01-30,Power,Gujarat,18-24,1306
USR004931,2025-04-09,New,Delhi,18-24,506
USR004932,2023-11-03,Power,Rajasthan,25-34,1029
USR004933,2023-02-24,Occasional,Uttar Pradesh,18-24,1281
USR004934,2026-02-15,Frequent,Tamil Nadu,25-34,194
USR004935,2024-06-09,Occasional,Gujarat,35-44,810
USR004936,2024-11-27,Frequent,Maharashtra,18-24,639
USR004937,2025-04-15,Occasional,Gujarat,25-34,500
USR004938,2025-10-20,Frequent,Rajasthan,25-34,312
USR004939,2024-09-30,Power,Tamil Nadu,18-24,697
USR004940,2023-10-08,Frequent,Tamil Nadu,25-34,1055
USR004941,2023-05-07,Occasional,Telangana,18-24,1209
USR004942,2025-11-30,Occasional,Tamil Nadu,25-34,271
USR004943,2025-02-11,Frequent,Delhi,45-59,563
USR004944,2025-05-18,Power,Haryana,18-24,467
USR004945,2024-01-12,New,Haryana,25-34,959
USR004946,2024-11-21,Frequent,Telangana,18-24,645
USR004947,2023-03-18,Occasional,West Bengal,18-24,1259
USR004948,2023-05-18,Power,Karnataka,18-24,1198
USR004949,2023-04-25,Occasional,Tamil Nadu,18-24,1221
USR004950,2023-03-09,Frequent,Haryana,25-34,1268
USR004951,2023-12-02,Power,Telangana,18-24,1000
USR004952,2023-06-01,Frequent,Tamil Nadu,25-34,1184
USR004953,2024-04-18,Frequent,Karnataka,35-44,862
USR004954,2023-11-19,Frequent,Telangana,35-44,1013
USR004955,2023-10-28,New,Gujarat,18-24,1035
USR004956,2025-09-10,New,Delhi,45-59,352
USR004957,2023-03-28,Power,Rajasthan,18-24,1249
USR004958,2023-10-25,Frequent,West Bengal,25-34,1038
USR004959,2024-07-26,Occasional,Maharashtra,25-34,763
USR004960,2026-02-20,Occasional,Rajasthan,25-34,189
USR004961,2025-06-30,Frequent,Rajasthan,45-59,424
USR004962,2023-05-08,Occasional,Delhi,18-24,1208
USR004963,2025-11-27,Power,Maharashtra,45-59,274
USR004964,2023-12-09,Occasional,Haryana,25-34,993
USR004965,2024-08-19,Occasional,Telangana,25-34,739
USR004966,2026-04-02,Occasional,Uttar Pradesh,25-34,148
USR004967,2023-01-27,Power,Telangana,35-44,1309
USR004968,2023-02-09,Frequent,Uttar Pradesh,25-34,1296
USR004969,2024-06-10,Power,Gujarat,18-24,809
USR004970,2025-08-02,Occasional,Rajasthan,25-34,391
USR004971,2024-05-28,Frequent,Rajasthan,45-59,822
USR004972,2024-06-18,New,Maharashtra,35-44,801
USR004973,2024-07-12,Occasional,West Bengal,25-34,777
USR004974,2023-04-19,Power,Karnataka,18-24,1227
USR004975,2025-11-18,Frequent,West Bengal,45-59,283
USR004976,2023-11-10,Frequent,Delhi,25-34,1022
USR004977,2023-05-06,Frequent,Delhi,25-34,1210
USR004978,2023-10-28,Power,Karnataka,35-44,1035
USR004979,2025-02-12,Occasional,West Bengal,18-24,562
USR004980,2024-11-30,Occasional,West Bengal,18-24,636
USR004981,2025-11-22,Power,Maharashtra,25-34,279
USR004982,2025-03-25,Frequent,Maharashtra,35-44,521
USR004983,2023-06-02,Frequent,Telangana,25-34,1183
USR004984,2025-08-24,Power,Haryana,35-44,369
USR004985,2023-05-12,New,Haryana,25-34,1204
USR004986,2023-09-10,Power,Uttar Pradesh,18-24,1083
USR004987,2025-01-09,Occasional,Gujarat,25-34,596
USR004988,2024-07-07,New,Telangana,35-44,782
USR004989,2023-06-23,Frequent,Karnataka,60+,1162
USR004990,2026-02-13,Frequent,Rajasthan,18-24,196
USR004991,2025-06-20,New,Karnataka,25-34,434
USR004992,2025-11-19,Frequent,Telangana,25-34,282
USR004993,2023-07-30,Occasional,Maharashtra,25-34,1125
USR004994,2023-07-31,Frequent,Maharashtra,25-34,1124
USR004995,2024-08-07,New,Tamil Nadu,18-24,751
USR004996,2026-01-27,Frequent,West Bengal,25-34,213
USR004997,2025-07-16,Frequent,Uttar Pradesh,25-34,408
USR004998,2023-04-20,Occasional,Karnataka,18-24,1226
USR004999,2026-03-14,Power,Maharashtra,25-34,167
USR005000,2023-04-15,Power,West Bengal,25-34,1231
USR005001,2025-01-11,New,Delhi,18-24,594
USR005002,2023-04-09,New,Uttar Pradesh,25-34,1237
USR005003,2023-12-01,Frequent,Tamil Nadu,35-44,1001
USR005004,2023-12-26,New,Maharashtra,60+,976
USR005005,2023-12-19,Frequent,West Bengal,25-34,983
USR005006,2025-08-27,Occasional,West Bengal,25-34,366
USR005007,2024-11-14,Frequent,Haryana,25-34,652
USR005008,2025-07-13,Frequent,Uttar Pradesh,35-44,411
USR005009,2023-12-09,Occasional,Telangana,25-34,993
USR005010,2024-06-12,Frequent,Delhi,18-24,807
USR005011,2023-06-20,Occasional,Karnataka,25-34,1165
USR005012,2024-03-08,Occasional,Maharashtra,45-59,903
USR005013,2025-01-20,New,Tamil Nadu,18-24,585
USR005014,2024-04-15,Power,Telangana,35-44,865
USR005015,2025-03-20,Frequent,Haryana,25-34,526
USR005016,2025-12-28,New,Telangana,35-44,243
USR005017,2023-01-10,Power,Gujarat,25-34,1326
USR005018,2023-07-01,Power,West Bengal,25-34,1154
USR005019,2023-04-06,Frequent,Rajasthan,18-24,1240
USR005020,2025-03-11,Frequent,Karnataka,18-24,535
USR005021,2023-03-13,Frequent,Tamil Nadu,45-59,1264
USR005022,2024-11-22,Frequent,Delhi,18-24,644
USR005023,2023-04-03,Frequent,West Bengal,18-24,1243
USR005024,2024-11-08,New,Haryana,25-34,658
USR005025,2025-06-13,Occasional,Uttar Pradesh,25-34,441
USR005026,2024-05-13,Occasional,West Bengal,35-44,837
USR005027,2023-08-12,New,Karnataka,18-24,1112
USR005028,2023-04-27,Power,Rajasthan,25-34,1219
USR005029,2023-05-26,Power,Uttar Pradesh,25-34,1190
USR005030,2025-05-18,Power,Haryana,25-34,467
USR005031,2024-10-20,Frequent,Delhi,18-24,677
USR005032,2025-01-01,Power,Telangana,18-24,604
USR005033,2024-03-05,New,West Bengal,35-44,906
USR005034,2024-02-11,Frequent,Rajasthan,18-24,929
USR005035,2023-03-23,Power,Delhi,25-34,1254
USR005036,2025-05-07,Occasional,Gujarat,25-34,478
USR005037,2025-10-11,Frequent,Delhi,18-24,321
USR005038,2024-11-10,Occasional,Delhi,35-44,656
USR005039,2025-11-24,Power,West Bengal,45-59,277
USR005040,2026-01-27,Power,Haryana,18-24,213
USR005041,2023-05-12,Power,Uttar Pradesh,25-34,1204
USR005042,2024-06-07,Frequent,Rajasthan,18-24,812
USR005043,2024-09-16,Occasional,Uttar Pradesh,18-24,711
USR005044,2024-05-22,Power,Karnataka,25-34,828
USR005045,2026-01-26,Power,West Bengal,60+,214
USR005046,2024-01-05,New,Telangana,18-24,966
USR005047,2024-01-11,Frequent,Rajasthan,18-24,960
USR005048,2024-07-09,Occasional,Delhi,25-34,780
USR005049,2024-01-06,Occasional,Telangana,25-34,965
USR005050,2025-10-28,Frequent,Haryana,25-34,304
USR005051,2026-01-14,Frequent,West Bengal,25-34,226
USR005052,2024-07-24,Occasional,Uttar Pradesh,45-59,765
USR005053,2024-08-26,Power,Tamil Nadu,18-24,732
USR005054,2023-08-25,Power,Delhi,35-44,1099
USR005055,2026-04-05,Power,Tamil Nadu,25-34,145
USR005056,2023-01-07,Frequent,Haryana,25-34,1329
USR005057,2025-07-18,Occasional,Karnataka,60+,406
USR005058,2026-04-05,Occasional,Telangana,45-59,145
USR005059,2025-11-22,Frequent,Karnataka,18-24,279
USR005060,2024-07-24,Power,Rajasthan,18-24,765
USR005061,2024-08-26,Frequent,Tamil Nadu,25-34,732
USR005062,2024-12-16,Occasional,Karnataka,60+,620
USR005063,2025-04-18,Frequent,Telangana,18-24,497
USR005064,2023-09-28,Frequent,Tamil Nadu,35-44,1065
USR005065,2023-05-08,Power,West Bengal,18-24,1208
USR005066,2025-05-07,Occasional,Uttar Pradesh,25-34,478
USR005067,2024-10-09,Power,Karnataka,25-34,688
USR005068,2023-09-26,Frequent,West Bengal,25-34,1067
USR005069,2024-09-05,Occasional,Maharashtra,18-24,722
USR005070,2025-06-20,Power,Delhi,35-44,434
USR005071,2025-10-04,New,Telangana,25-34,328
USR005072,2023-11-28,Occasional,West Bengal,35-44,1004
USR005073,2024-12-22,Occasional,Karnataka,35-44,614
USR005074,2023-08-04,New,Karnataka,18-24,1120
USR005075,2023-01-30,Frequent,Delhi,25-34,1306
USR005076,2025-09-26,Frequent,Maharashtra,45-59,336
USR005077,2025-05-02,New,Uttar Pradesh,25-34,483
USR005078,2025-11-11,Occasional,Telangana,25-34,290
USR005079,2024-12-25,Occasional,Uttar Pradesh,18-24,611
USR005080,2023-02-28,Occasional,Rajasthan,25-34,1277
USR005081,2023-12-27,Occasional,Karnataka,45-59,975
USR005082,2025-12-07,Frequent,Telangana,25-34,264
USR005083,2023-03-26,Power,Gujarat,35-44,1251
USR005084,2024-07-12,Occasional,Haryana,25-34,777
USR005085,2024-09-27,Occasional,Rajasthan,45-59,700
USR005086,2025-12-26,Power,West Bengal,45-59,245
USR005087,2024-11-03,Occasional,Tamil Nadu,18-24,663
USR005088,2024-03-27,Power,Delhi,35-44,884
USR005089,2026-01-11,Frequent,West Bengal,18-24,229
USR005090,2023-12-10,Occasional,Delhi,45-59,992
USR005091,2024-03-01,Power,Telangana,25-34,910
USR005092,2024-08-23,New,West Bengal,45-59,735
USR005093,2025-09-11,Frequent,Delhi,25-34,351
USR005094,2026-01-14,Frequent,Gujarat,18-24,226
USR005095,2023-10-22,Frequent,Telangana,60+,1041
USR005096,2024-05-13,New,Rajasthan,60+,837
USR005097,2025-09-16,Occasional,Tamil Nadu,35-44,346
USR005098,2025-06-15,Power,Maharashtra,25-34,439
USR005099,2026-01-04,Occasional,Tamil Nadu,18-24,236
USR005100,2024-12-11,Power,Gujarat,25-34,625
USR005101,2024-12-01,Power,Delhi,18-24,635
USR005102,2023-09-22,Power,West Bengal,25-34,1071
USR005103,2023-03-16,New,Gujarat,18-24,1261
USR005104,2025-12-22,Occasional,Haryana,25-34,249
USR005105,2023-05-05,Power,West Bengal,18-24,1211
USR005106,2023-09-17,Occasional,Gujarat,35-44,1076
USR005107,2025-07-06,Power,Maharashtra,25-34,418
USR005108,2023-12-01,Frequent,Maharashtra,35-44,1001
USR005109,2023-11-09,Occasional,Gujarat,18-24,1023
USR005110,2025-04-20,Frequent,Tamil Nadu,60+,495
USR005111,2025-07-10,Power,West Bengal,25-34,414
USR005112,2024-08-23,New,Telangana,25-34,735
USR005113,2026-02-16,Frequent,Karnataka,25-34,193
USR005114,2026-04-10,Occasional,Uttar Pradesh,25-34,140
USR005115,2025-07-31,Occasional,Telangana,35-44,393
USR005116,2024-12-04,Occasional,Maharashtra,18-24,632
USR005117,2024-07-24,Frequent,Uttar Pradesh,35-44,765
USR005118,2025-06-02,Frequent,Tamil Nadu,18-24,452
USR005119,2024-01-01,Frequent,Karnataka,45-59,970
USR005120,2023-11-30,Occasional,Haryana,25-34,1002
USR005121,2025-12-30,Frequent,West Bengal,18-24,241
USR005122,2025-05-16,Power,Tamil Nadu,25-34,469
USR005123,2024-06-20,Power,Haryana,35-44,799
USR005124,2024-07-25,Power,Telangana,18-24,764
USR005125,2025-09-26,Occasional,Rajasthan,25-34,336
USR005126,2024-02-27,New,Delhi,45-59,913
USR005127,2023-04-07,Occasional,Tamil Nadu,25-34,1239
USR005128,2023-03-01,Frequent,Tamil Nadu,35-44,1276
USR005129,2025-10-30,Frequent,Telangana,18-24,302
USR005130,2024-04-03,Occasional,Telangana,25-34,877
USR005131,2023-04-20,Occasional,Rajasthan,35-44,1226
USR005132,2023-06-05,New,Maharashtra,45-59,1180
USR005133,2025-01-19,Power,Tamil Nadu,25-34,586
USR005134,2024-02-09,Occasional,West Bengal,18-24,931
USR005135,2025-07-10,Frequent,Rajasthan,35-44,414
USR005136,2023-05-26,Power,Telangana,25-34,1190
USR005137,2025-06-02,Frequent,Gujarat,25-34,452
USR005138,2026-04-05,Frequent,Uttar Pradesh,25-34,145
USR005139,2025-10-10,Occasional,Gujarat,25-34,322
USR005140,2025-01-29,Power,Maharashtra,45-59,576
USR005141,2024-10-25,Power,Tamil Nadu,25-34,672
USR005142,2025-03-03,New,Karnataka,25-34,543
USR005143,2024-09-07,Frequent,Uttar Pradesh,45-59,720
USR005144,2026-02-19,Occasional,Gujarat,45-59,190
USR005145,2024-10-02,New,Gujarat,18-24,695
USR005146,2023-05-07,Power,Rajasthan,25-34,1209
USR005147,2025-10-22,Occasional,Karnataka,25-34,310
USR005148,2024-10-03,New,Karnataka,25-34,694
USR005149,2024-01-14,New,Gujarat,25-34,957
USR005150,2024-08-28,Occasional,Maharashtra,35-44,730
USR005151,2023-03-24,Frequent,Delhi,25-34,1253
USR005152,2025-02-28,Frequent,Uttar Pradesh,25-34,546
USR005153,2023-02-22,Frequent,Rajasthan,18-24,1283
USR005154,2023-04-27,Occasional,Gujarat,25-34,1219
USR005155,2024-05-10,Occasional,Karnataka,35-44,840
USR005156,2024-08-05,Power,Uttar Pradesh,18-24,753
USR005157,2023-12-21,Frequent,Telangana,18-24,981
USR005158,2023-02-15,Frequent,Karnataka,18-24,1290
USR005159,2023-07-01,Power,Maharashtra,25-34,1154
USR005160,2023-12-04,Occasional,Haryana,25-34,998
USR005161,2026-03-09,New,Maharashtra,18-24,172
USR005162,2025-09-06,Frequent,Uttar Pradesh,18-24,356
USR005163,2024-04-29,Power,Gujarat,25-34,851
USR005164,2023-01-17,New,Haryana,18-24,1319
USR005165,2023-08-22,Occasional,Uttar Pradesh,35-44,1102
USR005166,2024-04-22,Occasional,Rajasthan,35-44,858
USR005167,2025-08-26,New,Tamil Nadu,25-34,367
USR005168,2025-06-04,Frequent,West Bengal,25-34,450
USR005169,2025-05-01,New,West Bengal,18-24,484
USR005170,2023-09-21,New,Karnataka,18-24,1072
USR005171,2023-12-05,Frequent,Tamil Nadu,25-34,997
USR005172,2024-04-03,New,Uttar Pradesh,25-34,877
USR005173,2024-09-17,Frequent,Delhi,25-34,710
USR005174,2023-04-14,Frequent,Rajasthan,35-44,1232
USR005175,2026-03-30,Occasional,Telangana,25-34,151
USR005176,2025-01-08,Occasional,Karnataka,35-44,597
USR005177,2023-08-09,Frequent,Haryana,18-24,1115
USR005178,2023-11-12,New,Tamil Nadu,18-24,1020
USR005179,2025-03-14,Power,Tamil Nadu,18-24,532
USR005180,2023-11-07,Occasional,Telangana,45-59,1025
USR005181,2025-03-27,Frequent,Uttar Pradesh,60+,519
USR005182,2023-05-22,Power,Karnataka,18-24,1194
USR005183,2024-03-21,Frequent,Haryana,18-24,890
USR005184,2023-08-24,Power,West Bengal,18-24,1100
USR005185,2024-10-19,Power,Maharashtra,18-24,678
USR005186,2024-02-26,Frequent,Maharashtra,35-44,914
USR005187,2024-05-24,Occasional,Uttar Pradesh,25-34,826
USR005188,2025-05-30,New,West Bengal,18-24,455
USR005189,2025-11-29,Frequent,Telangana,25-34,272
USR005190,2025-10-12,Frequent,Delhi,25-34,320
USR005191,2025-07-29,Occasional,Karnataka,35-44,395
USR005192,2024-03-03,New,Maharashtra,35-44,908
USR005193,2025-10-15,Power,Rajasthan,35-44,317
USR005194,2023-07-10,Frequent,Maharashtra,25-34,1145
USR005195,2025-06-19,Power,Maharashtra,45-59,435
USR005196,2026-03-20,Frequent,Tamil Nadu,18-24,161
USR005197,2025-03-28,Power,Maharashtra,18-24,518
USR005198,2024-07-29,Occasional,Haryana,35-44,760
USR005199,2025-03-23,Occasional,Haryana,18-24,523
USR005200,2023-10-08,Power,Tamil Nadu,18-24,1055
USR005201,2025-08-02,New,West Bengal,18-24,391
USR005202,2024-10-13,Frequent,Maharashtra,35-44,684
USR005203,2026-04-02,Frequent,Karnataka,18-24,148
USR005204,2023-04-10,Frequent,Tamil Nadu,18-24,1236
USR005205,2024-03-18,Occasional,Maharashtra,35-44,893
USR005206,2025-04-11,Occasional,Rajasthan,35-44,504
USR005207,2024-08-23,Occasional,Rajasthan,25-34,735
USR005208,2026-02-04,Occasional,Delhi,18-24,205
USR005209,2024-11-17,Frequent,Maharashtra,35-44,649
USR005210,2025-10-06,Occasional,Rajasthan,35-44,326
USR005211,2024-10-27,Power,Delhi,25-34,670
USR005212,2026-02-01,Power,Uttar Pradesh,25-34,208
USR005213,2023-08-19,Occasional,Karnataka,45-59,1105
USR005214,2025-05-11,Frequent,Tamil Nadu,45-59,474
USR005215,2025-11-29,Power,Tamil Nadu,25-34,272
USR005216,2026-01-16,Frequent,Tamil Nadu,25-34,224
USR005217,2025-09-28,Occasional,Haryana,35-44,334
USR005218,2024-01-30,New,Tamil Nadu,25-34,941
USR005219,2023-03-08,Occasional,Tamil Nadu,25-34,1269
USR005220,2025-06-18,Occasional,Uttar Pradesh,25-34,436
USR005221,2024-07-14,Frequent,West Bengal,45-59,775
USR005222,2024-06-28,New,Tamil Nadu,25-34,791
USR005223,2023-06-30,New,Telangana,18-24,1155
USR005224,2025-07-25,Occasional,Delhi,25-34,399
USR005225,2025-09-11,Occasional,Karnataka,18-24,351
USR005226,2025-11-17,Occasional,Rajasthan,18-24,284
USR005227,2024-07-05,Occasional,Karnataka,25-34,784
USR005228,2024-01-01,Frequent,Uttar Pradesh,35-44,970
USR005229,2025-02-15,Power,Karnataka,25-34,559
USR005230,2025-02-19,New,Uttar Pradesh,25-34,555
USR005231,2023-03-05,Power,Telangana,18-24,1272
USR005232,2025-11-23,Frequent,Telangana,35-44,278
USR005233,2023-02-15,Frequent,Gujarat,25-34,1290
USR005234,2024-07-06,Occasional,Gujarat,45-59,783
USR005235,2023-12-26,Frequent,Rajasthan,45-59,976
USR005236,2025-02-16,Frequent,Uttar Pradesh,45-59,558
USR005237,2024-04-19,Frequent,Karnataka,60+,861
USR005238,2023-02-25,Occasional,Uttar Pradesh,25-34,1280
USR005239,2024-10-06,Occasional,Gujarat,35-44,691
USR005240,2024-12-26,Frequent,Telangana,18-24,610
USR005241,2024-04-17,Power,Karnataka,18-24,863
USR005242,2025-04-27,Frequent,Delhi,18-24,488
USR005243,2023-11-03,Power,Rajasthan,25-34,1029
USR005244,2025-08-23,Power,Delhi,25-34,370
USR005245,2025-06-30,Frequent,Tamil Nadu,25-34,424
USR005246,2025-12-22,Occasional,Gujarat,25-34,249
USR005247,2023-04-24,Power,Gujarat,35-44,1222
USR005248,2025-07-12,New,Haryana,18-24,412
USR005249,2023-03-02,Frequent,Haryana,25-34,1275
USR005250,2025-04-12,Frequent,Gujarat,18-24,503
USR005251,2023-08-21,New,Telangana,35-44,1103
USR005252,2024-06-15,Power,Maharashtra,18-24,804
USR005253,2025-12-16,Frequent,Rajasthan,18-24,255
USR005254,2025-08-28,Power,Maharashtra,18-24,365
USR005255,2025-05-10,Occasional,West Bengal,45-59,475
USR005256,2024-11-08,Frequent,Haryana,25-34,658
USR005257,2023-09-12,Occasional,Delhi,25-34,1081
USR005258,2024-12-28,Occasional,Haryana,35-44,608
USR005259,2025-05-26,Frequent,Uttar Pradesh,18-24,459
USR005260,2023-06-23,Power,West Bengal,35-44,1162
USR005261,2024-12-25,Power,Delhi,25-34,611
USR005262,2023-12-12,Frequent,Maharashtra,18-24,990
USR005263,2023-05-17,Frequent,West Bengal,18-24,1199
USR005264,2024-09-18,Frequent,Uttar Pradesh,25-34,709
USR005265,2024-10-15,Frequent,Tamil Nadu,25-34,682
USR005266,2023-08-29,Power,Tamil Nadu,25-34,1095
USR005267,2023-11-29,Occasional,Rajasthan,25-34,1003
USR005268,2023-07-06,Frequent,Maharashtra,18-24,1149
USR005269,2025-06-30,New,Rajasthan,45-59,424
USR005270,2023-07-31,New,Haryana,18-24,1124
USR005271,2024-11-22,Occasional,Karnataka,35-44,644
USR005272,2024-05-05,New,Uttar Pradesh,35-44,845
USR005273,2026-03-05,Occasional,Uttar Pradesh,18-24,176
USR005274,2024-08-13,Occasional,Tamil Nadu,25-34,745
USR005275,2024-12-19,Frequent,Rajasthan,18-24,617
USR005276,2024-03-12,Frequent,Rajasthan,35-44,899
USR005277,2025-01-05,Power,West Bengal,25-34,600
USR005278,2026-02-10,New,Tamil Nadu,18-24,199
USR005279,2023-10-11,Occasional,Gujarat,25-34,1052
USR005280,2025-07-23,Power,West Bengal,18-24,401
USR005281,2023-06-19,Occasional,Rajasthan,18-24,1166
USR005282,2023-05-13,Power,West Bengal,45-59,1203
USR005283,2025-12-04,Frequent,Uttar Pradesh,18-24,267
USR005284,2023-01-05,Frequent,Haryana,18-24,1331
USR005285,2025-05-03,New,Uttar Pradesh,45-59,482
USR005286,2024-06-11,Occasional,Karnataka,45-59,808
USR005287,2026-04-08,Power,Tamil Nadu,18-24,142
USR005288,2026-03-26,Frequent,Uttar Pradesh,18-24,155
USR005289,2024-09-10,Power,West Bengal,18-24,717
USR005290,2025-11-23,Power,Gujarat,60+,278
USR005291,2024-01-14,Occasional,West Bengal,60+,957
USR005292,2026-02-19,Frequent,West Bengal,25-34,190
USR005293,2023-04-26,Frequent,Rajasthan,45-59,1220
USR005294,2023-10-29,Occasional,Delhi,25-34,1034
USR005295,2023-07-14,Occasional,Rajasthan,35-44,1141
USR005296,2026-02-01,Power,Delhi,25-34,208
USR005297,2026-03-16,Power,Maharashtra,25-34,165
USR005298,2025-04-11,Occasional,Maharashtra,18-24,504
USR005299,2025-05-31,Occasional,Tamil Nadu,25-34,454
USR005300,2024-03-16,Power,Gujarat,25-34,895
USR005301,2025-04-19,Occasional,Rajasthan,18-24,496
USR005302,2023-08-11,Frequent,Maharashtra,35-44,1113
USR005303,2024-01-22,Frequent,West Bengal,18-24,949
USR005304,2023-02-13,Occasional,Tamil Nadu,25-34,1292
USR005305,2023-05-05,Frequent,Rajasthan,35-44,1211
USR005306,2025-05-03,Power,Telangana,35-44,482
USR005307,2026-04-02,Occasional,Maharashtra,25-34,148
USR005308,2023-03-13,Frequent,Rajasthan,18-24,1264
USR005309,2025-10-30,Occasional,Delhi,25-34,302
USR005310,2025-06-10,Frequent,Uttar Pradesh,25-34,444
USR005311,2025-04-18,Power,Delhi,25-34,497
USR005312,2024-12-12,New,West Bengal,35-44,624
USR005313,2024-07-04,Power,Telangana,25-34,785
USR005314,2023-09-30,Occasional,Telangana,25-34,1063
USR005315,2024-07-19,New,Haryana,25-34,770
USR005316,2025-10-25,New,Haryana,18-24,307
USR005317,2025-09-03,Frequent,Maharashtra,35-44,359
USR005318,2023-03-24,Occasional,Gujarat,35-44,1253
USR005319,2023-11-02,New,Telangana,60+,1030
USR005320,2025-03-24,Frequent,Tamil Nadu,18-24,522
USR005321,2023-09-14,Power,Telangana,25-34,1079
USR005322,2024-06-07,Occasional,Gujarat,45-59,812
USR005323,2024-04-01,Occasional,Haryana,45-59,879
USR005324,2023-03-09,Power,West Bengal,35-44,1268
USR005325,2024-06-12,Frequent,Maharashtra,35-44,807
USR005326,2024-04-10,Occasional,Telangana,25-34,870
USR005327,2023-10-28,Frequent,Uttar Pradesh,25-34,1035
USR005328,2025-09-07,Occasional,Delhi,25-34,355
USR005329,2026-02-16,Occasional,Haryana,25-34,193
USR005330,2023-02-20,New,Gujarat,35-44,1285
USR005331,2024-03-05,Occasional,Telangana,25-34,906
USR005332,2024-03-03,Occasional,West Bengal,25-34,908
USR005333,2024-03-20,Power,Delhi,18-24,891
USR005334,2024-12-27,Frequent,Delhi,35-44,609
USR005335,2025-11-30,Occasional,Delhi,45-59,271
USR005336,2024-03-24,Frequent,Delhi,18-24,887
USR005337,2026-04-02,Occasional,Maharashtra,18-24,148
USR005338,2024-04-14,Frequent,Maharashtra,18-24,866
USR005339,2026-04-11,Occasional,Tamil Nadu,18-24,139
USR005340,2023-03-11,Occasional,West Bengal,18-24,1266
USR005341,2024-02-09,Occasional,Tamil Nadu,25-34,931
USR005342,2026-01-05,Power,Rajasthan,18-24,235
USR005343,2024-07-29,Occasional,Karnataka,18-24,760
USR005344,2025-09-24,Power,Maharashtra,18-24,338
USR005345,2024-03-24,Occasional,Haryana,25-34,887
USR005346,2025-01-31,Frequent,Karnataka,25-34,574
USR005347,2025-05-12,Frequent,Telangana,25-34,473
USR005348,2025-03-01,Occasional,Gujarat,25-34,545
USR005349,2023-10-23,New,West Bengal,25-34,1040
USR005350,2026-01-09,Frequent,West Bengal,25-34,231
USR005351,2023-11-19,Occasional,Maharashtra,25-34,1013
USR005352,2023-10-25,Frequent,West Bengal,18-24,1038
USR005353,2025-05-27,Frequent,Gujarat,25-34,458
USR005354,2024-06-22,Frequent,Delhi,25-34,797
USR005355,2026-02-12,Occasional,Haryana,18-24,197
USR005356,2025-07-24,Frequent,Haryana,25-34,400
USR005357,2025-11-26,Power,Tamil Nadu,18-24,275
USR005358,2025-02-01,New,Delhi,18-24,573
USR005359,2025-11-10,Occasional,Haryana,35-44,291
USR005360,2025-05-11,Power,Gujarat,35-44,474
USR005361,2023-03-03,New,Maharashtra,25-34,1274
USR005362,2025-06-08,Power,Rajasthan,25-34,446
USR005363,2023-03-17,Occasional,West Bengal,18-24,1260
USR005364,2024-09-01,Frequent,West Bengal,18-24,726
USR005365,2024-09-01,Power,Haryana,25-34,726
USR005366,2025-05-27,Occasional,Rajasthan,25-34,458
USR005367,2023-07-02,Power,Maharashtra,18-24,1153
USR005368,2024-11-16,Occasional,Delhi,35-44,650
USR005369,2025-02-19,Occasional,Karnataka,25-34,555
USR005370,2026-03-05,Frequent,Tamil Nadu,45-59,176
USR005371,2025-06-23,Occasional,Haryana,25-34,431
USR005372,2025-04-29,Occasional,Haryana,18-24,486
USR005373,2024-11-20,Power,Uttar Pradesh,18-24,646
USR005374,2026-02-13,Frequent,Gujarat,35-44,196
USR005375,2024-08-08,Occasional,Telangana,35-44,750
USR005376,2025-01-23,Occasional,West Bengal,18-24,582
USR005377,2025-10-01,Occasional,Maharashtra,18-24,331
USR005378,2023-07-06,New,Delhi,35-44,1149
USR005379,2025-08-15,Power,Telangana,25-34,378
USR005380,2024-03-29,Frequent,Delhi,25-34,882
USR005381,2025-03-10,Frequent,West Bengal,18-24,536
USR005382,2024-01-16,Occasional,Tamil Nadu,18-24,955
USR005383,2025-10-31,Frequent,Haryana,18-24,301
USR005384,2023-05-14,Occasional,Telangana,18-24,1202
USR005385,2023-07-16,Frequent,Maharashtra,25-34,1139
USR005386,2024-09-11,Frequent,Telangana,25-34,716
USR005387,2023-02-16,Frequent,Tamil Nadu,60+,1289
USR005388,2023-11-12,Occasional,Uttar Pradesh,45-59,1020
USR005389,2025-07-05,Frequent,Rajasthan,45-59,419
USR005390,2024-02-09,Frequent,Rajasthan,25-34,931
USR005391,2025-01-13,Frequent,Uttar Pradesh,18-24,592
USR005392,2025-06-01,Frequent,Haryana,25-34,453
USR005393,2024-02-10,Frequent,Telangana,18-24,930
USR005394,2025-01-19,Frequent,Rajasthan,18-24,586
USR005395,2024-08-07,Occasional,West Bengal,35-44,751
USR005396,2024-07-10,Occasional,Haryana,35-44,779
USR005397,2024-06-06,Power,Tamil Nadu,25-34,813
USR005398,2024-04-23,Frequent,Rajasthan,45-59,857
USR005399,2024-10-28,New,Haryana,18-24,669
USR005400,2024-11-10,Occasional,Gujarat,45-59,656
USR005401,2023-06-29,Frequent,West Bengal,25-34,1156
USR005402,2024-09-12,Frequent,West Bengal,18-24,715
USR005403,2025-12-18,Power,Rajasthan,25-34,253
USR005404,2025-06-30,Occasional,Uttar Pradesh,25-34,424
USR005405,2025-04-05,Frequent,Haryana,18-24,510
USR005406,2023-03-25,Occasional,Gujarat,18-24,1252
USR005407,2024-05-05,New,Haryana,25-34,845
USR005408,2025-03-09,Occasional,Haryana,45-59,537
USR005409,2023-12-05,Occasional,Tamil Nadu,18-24,997
USR005410,2024-04-20,Occasional,Rajasthan,25-34,860
USR005411,2024-11-06,Occasional,Karnataka,18-24,660
USR005412,2023-07-29,Frequent,Telangana,18-24,1126
USR005413,2024-04-26,Frequent,Karnataka,18-24,854
USR005414,2026-01-23,New,Gujarat,35-44,217
USR005415,2025-05-09,Frequent,Telangana,25-34,476
USR005416,2024-09-05,Frequent,Maharashtra,18-24,722
USR005417,2025-04-04,Occasional,Uttar Pradesh,25-34,511
USR005418,2026-04-08,New,Karnataka,25-34,142
USR005419,2024-01-17,Occasional,Gujarat,18-24,954
USR005420,2024-05-01,Frequent,Telangana,25-34,849
USR005421,2024-12-20,Frequent,Telangana,35-44,616
USR005422,2023-05-24,Frequent,Maharashtra,18-24,1192
USR005423,2024-09-11,New,Rajasthan,25-34,716
USR005424,2024-03-16,Occasional,Delhi,35-44,895
USR005425,2025-05-01,Frequent,Telangana,18-24,484
USR005426,2024-04-02,Frequent,Gujarat,35-44,878
USR005427,2023-02-23,Occasional,Gujarat,35-44,1282
USR005428,2025-09-13,Occasional,Rajasthan,18-24,349
USR005429,2023-03-05,New,Uttar Pradesh,35-44,1272
USR005430,2025-08-11,New,Rajasthan,18-24,382
USR005431,2025-02-06,Frequent,Telangana,35-44,568
USR005432,2023-07-05,Frequent,Haryana,25-34,1150
USR005433,2026-03-30,New,Telangana,25-34,151
USR005434,2025-02-04,New,Gujarat,25-34,570
USR005435,2026-03-24,New,Haryana,18-24,157
USR005436,2026-03-26,Occasional,West Bengal,18-24,155
USR005437,2025-06-05,Frequent,West Bengal,18-24,449
USR005438,2023-01-16,Frequent,Uttar Pradesh,25-34,1320
USR005439,2023-10-30,Frequent,Tamil Nadu,35-44,1033
USR005440,2026-02-17,Power,Gujarat,18-24,192
USR005441,2023-07-27,Frequent,Karnataka,18-24,1128
USR005442,2024-03-26,Occasional,Delhi,18-24,885
USR005443,2024-02-03,Occasional,Gujarat,18-24,937
USR005444,2023-10-04,New,Uttar Pradesh,18-24,1059
USR005445,2023-04-17,Power,Tamil Nadu,25-34,1229
USR005446,2023-05-30,Power,West Bengal,25-34,1186
USR005447,2025-12-05,Frequent,Telangana,18-24,266
USR005448,2025-07-08,Occasional,Maharashtra,25-34,416
USR005449,2023-08-06,New,Delhi,45-59,1118
USR005450,2023-09-26,Frequent,Tamil Nadu,45-59,1067
USR005451,2025-03-06,Frequent,Gujarat,45-59,540
USR005452,2025-05-29,Occasional,Karnataka,18-24,456
USR005453,2023-08-30,Frequent,Maharashtra,35-44,1094
USR005454,2023-05-10,Frequent,Karnataka,25-34,1206
USR005455,2023-09-27,Power,Tamil Nadu,35-44,1066
USR005456,2024-03-29,Occasional,Delhi,25-34,882
USR005457,2026-04-10,Power,Rajasthan,35-44,140
USR005458,2026-04-04,Frequent,Delhi,18-24,146
USR005459,2023-11-05,Occasional,Uttar Pradesh,35-44,1027
USR005460,2024-11-29,Frequent,Rajasthan,25-34,637
USR005461,2025-10-31,Frequent,Karnataka,35-44,301
USR005462,2026-04-08,Frequent,Karnataka,25-34,142
USR005463,2025-04-08,Power,Maharashtra,45-59,507
USR005464,2025-01-05,New,Delhi,18-24,600
USR005465,2023-10-16,Frequent,Tamil Nadu,35-44,1047
USR005466,2023-01-13,Frequent,Telangana,35-44,1323
USR005467,2023-07-31,Power,Rajasthan,35-44,1124
USR005468,2024-06-02,Occasional,Telangana,35-44,817
USR005469,2026-01-13,Frequent,Haryana,25-34,227
USR005470,2023-07-29,Occasional,Rajasthan,35-44,1126
USR005471,2024-07-13,Occasional,Gujarat,18-24,776
USR005472,2026-03-05,Power,Maharashtra,35-44,176
USR005473,2023-01-24,Frequent,Gujarat,35-44,1312
USR005474,2025-10-24,New,Delhi,25-34,308
USR005475,2025-07-24,Occasional,Telangana,25-34,400
USR005476,2026-02-15,Occasional,Haryana,25-34,194
USR005477,2024-12-14,Frequent,Maharashtra,25-34,622
USR005478,2023-10-18,Frequent,Uttar Pradesh,18-24,1045
USR005479,2023-10-21,Frequent,Maharashtra,18-24,1042
USR005480,2025-01-05,Frequent,West Bengal,45-59,600
USR005481,2024-01-02,Occasional,Tamil Nadu,25-34,969
USR005482,2025-12-28,Occasional,Telangana,35-44,243
USR005483,2023-06-25,Power,Gujarat,18-24,1160
USR005484,2023-07-16,Occasional,Uttar Pradesh,25-34,1139
USR005485,2025-12-10,Power,Telangana,18-24,261
USR005486,2024-08-24,Frequent,Telangana,45-59,734
USR005487,2024-10-17,Frequent,Maharashtra,18-24,680
USR005488,2025-03-04,New,West Bengal,45-59,542
USR005489,2023-06-23,New,Telangana,25-34,1162
USR005490,2026-01-11,Occasional,Maharashtra,35-44,229
USR005491,2024-09-23,Frequent,Delhi,18-24,704
USR005492,2025-03-30,Power,Haryana,45-59,516
USR005493,2025-04-25,Frequent,Maharashtra,18-24,490
USR005494,2025-01-26,Occasional,West Bengal,35-44,579
USR005495,2024-08-27,New,Karnataka,45-59,731
USR005496,2025-10-15,Power,Tamil Nadu,18-24,317
USR005497,2023-10-30,Occasional,Uttar Pradesh,18-24,1033
USR005498,2024-02-20,Occasional,Gujarat,35-44,920
USR005499,2025-03-10,Power,Maharashtra,25-34,536
USR005500,2025-12-06,Power,Uttar Pradesh,25-34,265
USR005501,2023-05-09,Frequent,Karnataka,25-34,1207
USR005502,2023-04-26,Occasional,Delhi,18-24,1220
USR005503,2025-01-07,Power,Tamil Nadu,25-34,598
USR005504,2023-06-29,Occasional,Karnataka,25-34,1156
USR005505,2025-01-30,Power,Maharashtra,25-34,575
USR005506,2024-04-15,Occasional,Delhi,18-24,865
USR005507,2023-09-17,Frequent,Karnataka,18-24,1076
USR005508,2023-06-24,Power,Haryana,18-24,1161
USR005509,2024-06-12,Power,Tamil Nadu,35-44,807
USR005510,2024-07-21,Power,Karnataka,18-24,768
USR005511,2023-03-05,Power,Rajasthan,45-59,1272
USR005512,2025-09-21,Frequent,Uttar Pradesh,25-34,341
USR005513,2024-02-08,Frequent,West Bengal,35-44,932
USR005514,2025-09-13,Frequent,Rajasthan,18-24,349
USR005515,2024-09-14,New,Delhi,18-24,713
USR005516,2023-08-24,Occasional,Rajasthan,18-24,1100
USR005517,2023-07-09,Occasional,Haryana,45-59,1146
USR005518,2025-11-24,New,Karnataka,25-34,277
USR005519,2023-03-29,Power,Haryana,25-34,1248
USR005520,2024-09-28,Occasional,Telangana,25-34,699
USR005521,2025-08-06,Frequent,Haryana,35-44,387
USR005522,2025-06-10,Power,Gujarat,25-34,444
USR005523,2025-08-27,Frequent,Uttar Pradesh,35-44,366
USR005524,2024-12-11,Power,Telangana,18-24,625
USR005525,2024-09-07,Frequent,Rajasthan,18-24,720
USR005526,2025-10-08,Power,Delhi,25-34,324
USR005527,2024-08-28,Frequent,Delhi,25-34,730
USR005528,2024-02-19,Occasional,Karnataka,45-59,921
USR005529,2025-12-14,Frequent,Delhi,25-34,257
USR005530,2024-11-09,New,Tamil Nadu,18-24,657
USR005531,2025-01-18,Occasional,Rajasthan,18-24,587
USR005532,2025-08-24,Occasional,Uttar Pradesh,25-34,369
USR005533,2025-08-26,Occasional,Telangana,35-44,367
USR005534,2025-12-26,New,Rajasthan,45-59,245
USR005535,2024-09-04,Occasional,Rajasthan,25-34,723
USR005536,2023-09-22,New,West Bengal,25-34,1071
USR005537,2023-05-28,Frequent,Tamil Nadu,35-44,1188
USR005538,2025-03-09,Frequent,Haryana,18-24,537
USR005539,2025-01-30,Frequent,Delhi,25-34,575
USR005540,2023-07-15,Frequent,Maharashtra,25-34,1140
USR005541,2024-08-28,Frequent,Karnataka,18-24,730
USR005542,2024-06-23,Occasional,Karnataka,18-24,796
USR005543,2025-03-04,New,Uttar Pradesh,25-34,542
USR005544,2025-02-21,Power,Gujarat,35-44,553
USR005545,2024-09-30,Occasional,Tamil Nadu,18-24,697
USR005546,2025-09-07,New,Karnataka,25-34,355
USR005547,2025-01-12,Occasional,Tamil Nadu,45-59,593
USR005548,2026-04-04,Power,Delhi,25-34,146
USR005549,2025-08-15,New,Maharashtra,35-44,378
USR005550,2024-02-26,Frequent,Uttar Pradesh,18-24,914
USR005551,2024-09-09,Frequent,West Bengal,25-34,718
USR005552,2026-01-16,Frequent,Rajasthan,35-44,224
USR005553,2023-05-21,Frequent,Rajasthan,25-34,1195
USR005554,2025-09-02,Frequent,Maharashtra,45-59,360
USR005555,2023-09-25,New,Haryana,25-34,1068
USR005556,2025-10-19,Frequent,Tamil Nadu,25-34,313
USR005557,2024-03-25,Frequent,West Bengal,45-59,886
USR005558,2026-04-09,Power,Tamil Nadu,18-24,141
USR005559,2023-11-25,Occasional,Tamil Nadu,35-44,1007
USR005560,2024-10-20,Occasional,Maharashtra,45-59,677
USR005561,2025-06-18,New,West Bengal,18-24,436
USR005562,2023-08-29,Power,Rajasthan,18-24,1095
USR005563,2025-03-22,Frequent,Uttar Pradesh,25-34,524
USR005564,2025-10-13,Occasional,West Bengal,18-24,319
USR005565,2025-04-04,Occasional,Gujarat,25-34,511
USR005566,2023-01-08,Frequent,West Bengal,25-34,1328
USR005567,2023-10-13,Occasional,Rajasthan,35-44,1050
USR005568,2023-09-04,Power,Delhi,35-44,1089
USR005569,2026-01-08,New,Haryana,35-44,232
USR005570,2024-03-11,Power,Rajasthan,25-34,900
USR005571,2026-01-05,Occasional,Rajasthan,35-44,235
USR005572,2025-06-20,New,Uttar Pradesh,35-44,434
USR005573,2024-03-17,Frequent,Tamil Nadu,35-44,894
USR005574,2024-09-05,Frequent,Gujarat,25-34,722
USR005575,2025-06-01,Frequent,Maharashtra,45-59,453
USR005576,2025-04-01,Frequent,Telangana,18-24,514
USR005577,2024-07-13,Frequent,Tamil Nadu,18-24,776
USR005578,2024-02-19,Occasional,Uttar Pradesh,18-24,921
USR005579,2024-11-27,Frequent,Uttar Pradesh,25-34,639
USR005580,2026-02-25,New,Rajasthan,25-34,184
USR005581,2025-06-05,Occasional,Delhi,45-59,449
USR005582,2024-01-07,New,Telangana,35-44,964
USR005583,2025-08-15,Frequent,Karnataka,25-34,378
USR005584,2023-02-08,Occasional,Tamil Nadu,35-44,1297
USR005585,2024-05-31,Frequent,Rajasthan,18-24,819
USR005586,2025-04-21,Frequent,Haryana,25-34,494
USR005587,2025-01-10,Frequent,Rajasthan,35-44,595
USR005588,2025-02-01,Frequent,Uttar Pradesh,18-24,573
USR005589,2024-05-20,Frequent,Tamil Nadu,45-59,830
USR005590,2024-03-03,Frequent,Telangana,18-24,908
USR005591,2025-03-17,Occasional,West Bengal,18-24,529
USR005592,2025-03-29,Frequent,Rajasthan,25-34,517
USR005593,2025-09-26,Occasional,Tamil Nadu,25-34,336
USR005594,2026-02-18,Occasional,Tamil Nadu,35-44,191
USR005595,2024-09-24,New,Uttar Pradesh,60+,703
USR005596,2023-05-30,Frequent,Tamil Nadu,35-44,1186
USR005597,2026-02-11,New,Rajasthan,25-34,198
USR005598,2024-09-01,Occasional,West Bengal,35-44,726
USR005599,2024-01-29,Occasional,Haryana,18-24,942
USR005600,2025-09-30,Power,Karnataka,25-34,332
USR005601,2023-02-26,New,Karnataka,18-24,1279
USR005602,2023-08-06,Occasional,Rajasthan,45-59,1118
USR005603,2024-09-22,Occasional,Tamil Nadu,25-34,705
USR005604,2024-05-29,Frequent,Delhi,35-44,821
USR005605,2024-06-19,Power,Haryana,18-24,800
USR005606,2023-01-06,Power,Rajasthan,45-59,1330
USR005607,2023-07-19,Power,Telangana,35-44,1136
USR005608,2024-05-27,Power,Haryana,18-24,823
USR005609,2026-03-14,Power,Gujarat,60+,167
USR005610,2025-09-12,Occasional,Maharashtra,25-34,350
USR005611,2026-03-18,Occasional,Tamil Nadu,25-34,163
USR005612,2024-01-07,Power,Haryana,25-34,964
USR005613,2023-08-31,New,Delhi,35-44,1093
USR005614,2025-07-27,Occasional,Uttar Pradesh,18-24,397
USR005615,2023-12-22,New,Rajasthan,35-44,980
USR005616,2026-03-08,Frequent,Delhi,45-59,173
USR005617,2025-01-13,Frequent,West Bengal,18-24,592
USR005618,2025-01-15,Occasional,West Bengal,25-34,590
USR005619,2023-11-18,Frequent,West Bengal,25-34,1014
USR005620,2023-08-31,New,Gujarat,25-34,1093
USR005621,2023-07-16,Power,West Bengal,25-34,1139
USR005622,2024-02-26,Frequent,Delhi,35-44,914
USR005623,2025-04-27,New,Haryana,25-34,488
USR005624,2024-11-27,Occasional,Rajasthan,25-34,639
USR005625,2026-02-01,Occasional,Karnataka,18-24,208
USR005626,2025-12-08,Occasional,Haryana,25-34,263
USR005627,2024-12-11,Frequent,West Bengal,35-44,625
USR005628,2024-08-23,Power,Tamil Nadu,60+,735
USR005629,2025-04-21,Occasional,West Bengal,18-24,494
USR005630,2025-02-22,Occasional,West Bengal,25-34,552
USR005631,2025-10-06,Frequent,Gujarat,25-34,326
USR005632,2024-06-24,Frequent,Rajasthan,25-34,795
USR005633,2025-03-04,Occasional,Uttar Pradesh,35-44,542
USR005634,2024-06-26,Power,Karnataka,25-34,793
USR005635,2024-05-03,Occasional,West Bengal,45-59,847
USR005636,2024-10-16,Frequent,Delhi,18-24,681
USR005637,2025-01-16,Occasional,West Bengal,18-24,589
USR005638,2023-01-12,Frequent,Uttar Pradesh,25-34,1324
USR005639,2025-12-09,Frequent,Gujarat,35-44,262
USR005640,2024-06-13,Occasional,Maharashtra,18-24,806
USR005641,2024-12-16,Occasional,Maharashtra,35-44,620
USR005642,2025-09-14,Frequent,Gujarat,18-24,348
USR005643,2024-03-18,Occasional,Rajasthan,25-34,893
USR005644,2025-04-05,Frequent,Delhi,35-44,510
USR005645,2023-09-05,Occasional,Haryana,25-34,1088
USR005646,2025-12-10,New,Uttar Pradesh,35-44,261
USR005647,2023-03-01,Frequent,West Bengal,18-24,1276
USR005648,2024-07-16,New,Maharashtra,35-44,773
USR005649,2025-03-02,Occasional,Uttar Pradesh,35-44,544
USR005650,2024-10-05,New,Delhi,25-34,692
USR005651,2025-11-23,Occasional,Rajasthan,25-34,278
USR005652,2026-04-05,Occasional,Tamil Nadu,45-59,145
USR005653,2025-03-19,Frequent,Telangana,18-24,527
USR005654,2025-03-18,Power,Maharashtra,18-24,528
USR005655,2023-10-07,Power,Tamil Nadu,35-44,1056
USR005656,2026-03-14,Frequent,Uttar Pradesh,18-24,167
USR005657,2023-10-28,Frequent,Haryana,18-24,1035
USR005658,2023-05-23,New,Karnataka,18-24,1193
USR005659,2025-09-28,Occasional,West Bengal,35-44,334
USR005660,2023-08-14,Frequent,Haryana,25-34,1110
USR005661,2025-03-13,Occasional,Rajasthan,18-24,533
USR005662,2025-08-03,Frequent,West Bengal,18-24,390
USR005663,2024-02-07,Power,Maharashtra,25-34,933
USR005664,2024-06-23,Occasional,Gujarat,25-34,796
USR005665,2025-01-30,Occasional,West Bengal,25-34,575
USR005666,2024-03-06,Power,Maharashtra,45-59,905
USR005667,2024-12-05,Frequent,Delhi,25-34,631
USR005668,2024-01-16,Frequent,Maharashtra,35-44,955
USR005669,2025-12-17,Frequent,Telangana,35-44,254
USR005670,2023-05-04,Frequent,Rajasthan,25-34,1212
USR005671,2023-09-03,Power,Haryana,18-24,1090
USR005672,2025-03-28,Power,Tamil Nadu,25-34,518
USR005673,2023-09-18,Occasional,West Bengal,18-24,1075
USR005674,2025-12-02,Power,Karnataka,25-34,269
USR005675,2024-02-29,Power,Tamil Nadu,25-34,911
USR005676,2025-10-22,Occasional,Gujarat,45-59,310
USR005677,2025-10-31,Frequent,Maharashtra,25-34,301
USR005678,2023-05-16,Frequent,Telangana,35-44,1200
USR005679,2025-01-14,New,Maharashtra,35-44,591
USR005680,2024-07-01,New,Maharashtra,45-59,788
USR005681,2025-12-16,Occasional,Rajasthan,25-34,255
USR005682,2024-09-09,Occasional,Uttar Pradesh,25-34,718
USR005683,2024-02-06,Power,Tamil Nadu,18-24,934
USR005684,2024-12-20,Frequent,Telangana,45-59,616
USR005685,2024-11-03,Frequent,Maharashtra,35-44,663
USR005686,2024-06-21,Frequent,West Bengal,18-24,798
USR005687,2023-04-29,Frequent,Tamil Nadu,18-24,1217
USR005688,2025-07-14,Frequent,Rajasthan,18-24,410
USR005689,2025-03-09,Power,Uttar Pradesh,18-24,537
USR005690,2023-06-19,Occasional,Rajasthan,25-34,1166
USR005691,2025-10-26,Power,Uttar Pradesh,60+,306
USR005692,2023-03-27,Frequent,Haryana,45-59,1250
USR005693,2024-03-17,New,Delhi,60+,894
USR005694,2023-03-10,Frequent,Gujarat,25-34,1267
USR005695,2024-12-01,Occasional,Haryana,25-34,635
USR005696,2023-04-21,New,Gujarat,18-24,1225
USR005697,2023-03-19,Power,Haryana,45-59,1258
USR005698,2025-04-03,Occasional,Tamil Nadu,18-24,512
USR005699,2023-12-05,Power,Gujarat,35-44,997
USR005700,2025-03-29,Occasional,Maharashtra,60+,517
USR005701,2023-03-02,Occasional,Haryana,18-24,1275
USR005702,2024-12-24,Occasional,Maharashtra,35-44,612
USR005703,2025-08-06,Occasional,Delhi,18-24,387
USR005704,2023-10-26,Power,Haryana,25-34,1037
USR005705,2023-07-11,Frequent,Gujarat,18-24,1144
USR005706,2024-08-21,New,Karnataka,25-34,737
USR005707,2025-12-24,New,Maharashtra,35-44,247
USR005708,2025-02-26,Power,Delhi,35-44,548
USR005709,2023-04-24,Occasional,Karnataka,35-44,1222
USR005710,2023-03-08,Frequent,Maharashtra,45-59,1269
USR005711,2024-12-10,Occasional,Uttar Pradesh,35-44,626
USR005712,2024-03-21,Power,Gujarat,25-34,890
USR005713,2025-09-21,Frequent,Tamil Nadu,25-34,341
USR005714,2025-12-12,Power,Delhi,18-24,259
USR005715,2024-11-05,Frequent,Gujarat,18-24,661
USR005716,2023-08-03,Occasional,Karnataka,25-34,1121
USR005717,2025-09-22,New,Tamil Nadu,35-44,340
USR005718,2023-10-10,Occasional,Uttar Pradesh,35-44,1053
USR005719,2024-12-28,Power,Karnataka,25-34,608
USR005720,2024-01-14,Power,Gujarat,25-34,957
USR005721,2025-05-07,Frequent,Rajasthan,25-34,478
USR005722,2023-06-12,Occasional,Gujarat,25-34,1173
USR005723,2024-05-14,New,Rajasthan,18-24,836
USR005724,2025-05-16,Frequent,Haryana,25-34,469
USR005725,2024-09-13,Occasional,Rajasthan,25-34,714
USR005726,2023-07-31,Frequent,Gujarat,18-24,1124
USR005727,2024-08-25,Frequent,Uttar Pradesh,25-34,733
USR005728,2023-08-24,Power,Gujarat,35-44,1100
USR005729,2025-11-11,Frequent,Uttar Pradesh,18-24,290
USR005730,2024-08-17,New,Gujarat,18-24,741
USR005731,2025-04-25,Frequent,Gujarat,25-34,490
USR005732,2024-12-22,Frequent,Tamil Nadu,25-34,614
USR005733,2024-11-12,Frequent,Karnataka,35-44,654
USR005734,2025-11-05,Frequent,Delhi,25-34,296
USR005735,2025-07-03,Occasional,Gujarat,25-34,421
USR005736,2025-07-14,Frequent,West Bengal,18-24,410
USR005737,2026-03-22,Power,Gujarat,18-24,159
USR005738,2023-08-29,New,Rajasthan,25-34,1095
USR005739,2024-08-13,Frequent,Tamil Nadu,25-34,745
USR005740,2025-08-20,Frequent,Maharashtra,25-34,373
USR005741,2024-08-06,Power,Gujarat,25-34,752
USR005742,2024-08-05,Frequent,Uttar Pradesh,25-34,753
USR005743,2025-05-02,Frequent,Uttar Pradesh,45-59,483
USR005744,2023-08-05,Occasional,Delhi,18-24,1119
USR005745,2026-02-28,Occasional,Telangana,25-34,181
USR005746,2025-09-27,New,Gujarat,25-34,335
USR005747,2024-03-28,Occasional,Maharashtra,45-59,883
USR005748,2025-07-11,Occasional,Uttar Pradesh,25-34,413
USR005749,2023-02-12,Occasional,Karnataka,35-44,1293
USR005750,2023-11-10,Frequent,West Bengal,25-34,1022
USR005751,2024-02-09,Power,Uttar Pradesh,35-44,931
USR005752,2023-08-20,Frequent,Tamil Nadu,18-24,1104
USR005753,2025-10-13,Power,Maharashtra,18-24,319
USR005754,2024-08-02,Power,Gujarat,25-34,756
USR005755,2024-08-16,Occasional,Haryana,45-59,742
USR005756,2025-01-14,Power,Delhi,45-59,591
USR005757,2025-05-18,Power,Tamil Nadu,18-24,467
USR005758,2025-09-17,Frequent,Telangana,25-34,345
USR005759,2023-04-21,Frequent,Haryana,25-34,1225
USR005760,2023-01-16,Occasional,Haryana,18-24,1320
USR005761,2025-10-26,Occasional,Maharashtra,18-24,306
USR005762,2023-06-12,Frequent,Gujarat,45-59,1173
USR005763,2025-08-23,Frequent,Delhi,18-24,370
USR005764,2026-03-31,Frequent,Tamil Nadu,18-24,150
USR005765,2026-02-12,Occasional,Maharashtra,35-44,197
USR005766,2024-05-11,Power,Telangana,18-24,839
USR005767,2026-03-25,Power,Rajasthan,60+,156
USR005768,2026-01-23,Occasional,Maharashtra,60+,217
USR005769,2023-03-10,Occasional,Rajasthan,18-24,1267
USR005770,2023-06-10,New,Gujarat,35-44,1175
USR005771,2023-12-21,New,Telangana,18-24,981
USR005772,2023-03-09,Frequent,Tamil Nadu,25-34,1268
USR005773,2024-05-01,Frequent,Haryana,25-34,849
USR005774,2025-10-20,Frequent,Delhi,45-59,312
USR005775,2024-04-28,Frequent,West Bengal,25-34,852
USR005776,2023-05-09,Frequent,Haryana,18-24,1207
USR005777,2024-08-31,Occasional,West Bengal,25-34,727
USR005778,2025-04-24,Frequent,Telangana,25-34,491
USR005779,2024-07-13,Power,Delhi,35-44,776
USR005780,2026-01-18,Occasional,Rajasthan,25-34,222
USR005781,2024-01-16,Occasional,Telangana,25-34,955
USR005782,2025-09-11,Occasional,Telangana,25-34,351
USR005783,2023-03-03,Occasional,Rajasthan,18-24,1274
USR005784,2023-12-07,Frequent,Haryana,35-44,995
USR005785,2025-04-12,Occasional,Haryana,35-44,503
USR005786,2024-11-01,Frequent,Rajasthan,25-34,665
USR005787,2024-09-11,Occasional,Haryana,18-24,716
USR005788,2025-03-05,Frequent,Karnataka,25-34,541
USR005789,2024-06-10,Occasional,Haryana,18-24,809
USR005790,2026-03-11,Frequent,Gujarat,18-24,170
USR005791,2024-10-31,Occasional,Telangana,25-34,666
USR005792,2023-10-23,Occasional,Uttar Pradesh,18-24,1040
USR005793,2023-11-09,Frequent,Haryana,35-44,1023
USR005794,2026-02-11,Power,Telangana,18-24,198
USR005795,2025-03-06,Occasional,Rajasthan,18-24,540
USR005796,2023-09-07,Frequent,Rajasthan,18-24,1086
USR005797,2023-10-12,Frequent,Delhi,18-24,1051
USR005798,2023-10-07,Occasional,Rajasthan,25-34,1056
USR005799,2024-01-16,Power,Tamil Nadu,25-34,955
USR005800,2024-04-16,Frequent,Rajasthan,35-44,864
USR005801,2023-04-20,Power,Karnataka,18-24,1226
USR005802,2025-04-27,Frequent,Uttar Pradesh,35-44,488
USR005803,2025-12-02,Power,West Bengal,25-34,269
USR005804,2023-04-16,Power,Gujarat,25-34,1230
USR005805,2025-02-27,Frequent,Gujarat,25-34,547
USR005806,2025-07-09,Frequent,Gujarat,35-44,415
USR005807,2025-07-31,Frequent,Rajasthan,25-34,393
USR005808,2023-04-21,Power,Gujarat,18-24,1225
USR005809,2023-09-27,Power,West Bengal,25-34,1066
USR005810,2024-06-18,Frequent,Haryana,18-24,801
USR005811,2025-04-28,Power,Delhi,25-34,487
USR005812,2025-01-22,Occasional,Uttar Pradesh,45-59,583
USR005813,2024-12-28,Occasional,Uttar Pradesh,35-44,608
USR005814,2023-12-30,New,Uttar Pradesh,18-24,972
USR005815,2025-11-10,Occasional,Uttar Pradesh,25-34,291
USR005816,2023-07-24,Power,Delhi,18-24,1131
USR005817,2024-10-29,New,Haryana,18-24,668
USR005818,2025-12-16,Occasional,Maharashtra,35-44,255
USR005819,2025-04-17,Occasional,Karnataka,18-24,498
USR005820,2024-10-10,Power,Rajasthan,25-34,687
USR005821,2026-01-17,New,Uttar Pradesh,60+,223
USR005822,2024-01-16,Power,Haryana,25-34,955
USR005823,2025-09-01,Power,Telangana,35-44,361
USR005824,2024-02-24,Occasional,West Bengal,25-34,916
USR005825,2023-04-08,Frequent,Delhi,18-24,1238
USR005826,2026-01-27,New,Telangana,18-24,213
USR005827,2025-11-01,Frequent,Karnataka,35-44,300
USR005828,2025-10-02,New,Gujarat,18-24,330
USR005829,2023-06-16,Frequent,Gujarat,25-34,1169
USR005830,2024-08-28,Frequent,Telangana,25-34,730
USR005831,2023-02-12,Occasional,Delhi,25-34,1293
USR005832,2024-01-05,Occasional,Haryana,25-34,966
USR005833,2023-08-20,Power,Tamil Nadu,25-34,1104
USR005834,2025-10-28,Power,Maharashtra,25-34,304
USR005835,2023-01-13,Frequent,West Bengal,35-44,1323
USR005836,2025-01-20,New,Maharashtra,25-34,585
USR005837,2023-01-23,Frequent,Delhi,45-59,1313
USR005838,2023-10-14,New,Rajasthan,25-34,1049
USR005839,2024-08-11,Occasional,Tamil Nadu,35-44,747
USR005840,2023-08-14,Occasional,West Bengal,18-24,1110
USR005841,2023-11-14,New,Tamil Nadu,18-24,1018
USR005842,2023-09-16,Occasional,Tamil Nadu,35-44,1077
USR005843,2024-01-03,Occasional,Telangana,25-34,968
USR005844,2023-03-30,Occasional,Tamil Nadu,25-34,1247
USR005845,2025-04-27,Power,Gujarat,25-34,488
USR005846,2025-05-07,Frequent,Uttar Pradesh,25-34,478
USR005847,2024-11-10,Occasional,Telangana,25-34,656
USR005848,2023-10-12,Power,Tamil Nadu,25-34,1051
USR005849,2025-08-26,Frequent,Delhi,25-34,367
USR005850,2024-10-05,New,Maharashtra,45-59,692
USR005851,2024-12-30,Power,Telangana,25-34,606
USR005852,2023-03-27,Occasional,Maharashtra,25-34,1250
USR005853,2023-06-05,Frequent,Delhi,18-24,1180
USR005854,2025-12-06,New,Telangana,25-34,265
USR005855,2024-02-19,Power,Tamil Nadu,25-34,921
USR005856,2024-01-20,Frequent,Tamil Nadu,35-44,951
USR005857,2024-04-18,New,Gujarat,18-24,862
USR005858,2024-07-31,Frequent,Gujarat,45-59,758
USR005859,2025-05-07,Occasional,Maharashtra,45-59,478
USR005860,2026-04-06,Occasional,Delhi,35-44,144
USR005861,2025-12-17,Occasional,Delhi,18-24,254
USR005862,2025-03-21,Frequent,Telangana,35-44,525
USR005863,2024-11-15,Frequent,Gujarat,35-44,651
USR005864,2026-03-20,New,Maharashtra,25-34,161
USR005865,2023-05-13,Occasional,Uttar Pradesh,25-34,1203
USR005866,2023-03-09,Frequent,Karnataka,18-24,1268
USR005867,2024-03-29,Occasional,Telangana,35-44,882
USR005868,2024-05-22,Occasional,Telangana,18-24,828
USR005869,2024-05-02,New,West Bengal,35-44,848
USR005870,2025-01-24,Frequent,Tamil Nadu,25-34,581
USR005871,2023-04-19,New,Rajasthan,45-59,1227
USR005872,2023-09-02,Occasional,Uttar Pradesh,18-24,1091
USR005873,2025-07-08,New,Delhi,18-24,416
USR005874,2025-08-05,New,Uttar Pradesh,25-34,388
USR005875,2023-08-16,Power,Gujarat,35-44,1108
USR005876,2023-12-14,Frequent,Tamil Nadu,35-44,988
USR005877,2026-03-03,Frequent,Karnataka,25-34,178
USR005878,2026-01-09,Occasional,Rajasthan,18-24,231
USR005879,2025-02-14,Frequent,Gujarat,18-24,560
USR005880,2023-07-13,Frequent,Tamil Nadu,45-59,1142
USR005881,2026-02-26,Occasional,Karnataka,60+,183
USR005882,2024-12-11,Frequent,Haryana,18-24,625
USR005883,2025-02-14,Frequent,Rajasthan,18-24,560
USR005884,2023-05-31,Frequent,Tamil Nadu,60+,1185
USR005885,2025-02-08,Occasional,West Bengal,18-24,566
USR005886,2024-06-11,Frequent,Maharashtra,25-34,808
USR005887,2024-08-29,Power,Gujarat,35-44,729
USR005888,2024-11-15,Frequent,Gujarat,25-34,651
USR005889,2025-10-15,Power,Telangana,35-44,317
USR005890,2023-01-14,Frequent,Telangana,18-24,1322
USR005891,2023-01-26,Frequent,Gujarat,25-34,1310
USR005892,2024-01-09,Frequent,Haryana,25-34,962
USR005893,2023-11-24,Occasional,Delhi,60+,1008
USR005894,2025-02-23,Frequent,Karnataka,18-24,551
USR005895,2025-06-12,Frequent,Maharashtra,35-44,442
USR005896,2023-02-24,Power,Tamil Nadu,25-34,1281
USR005897,2023-01-07,Frequent,Karnataka,25-34,1329
USR005898,2026-03-16,New,Rajasthan,18-24,165
USR005899,2025-08-15,New,Tamil Nadu,60+,378
USR005900,2025-10-20,Frequent,Delhi,25-34,312
USR005901,2024-12-06,Power,Rajasthan,25-34,630
USR005902,2025-10-02,Power,Maharashtra,18-24,330
USR005903,2025-08-08,New,Telangana,25-34,385
USR005904,2023-07-25,New,Gujarat,25-34,1130
USR005905,2025-04-01,Occasional,Maharashtra,45-59,514
USR005906,2025-07-09,Occasional,Gujarat,45-59,415
USR005907,2025-01-11,Occasional,Haryana,25-34,594
USR005908,2023-12-09,New,Gujarat,35-44,993
USR005909,2023-09-04,Power,Gujarat,25-34,1089
USR005910,2026-03-11,Power,West Bengal,35-44,170
USR005911,2025-12-22,Frequent,Haryana,18-24,249
USR005912,2023-04-02,New,Gujarat,18-24,1244
USR005913,2025-08-14,Frequent,Rajasthan,25-34,379
USR005914,2025-08-26,Occasional,Rajasthan,18-24,367
USR005915,2023-09-25,Frequent,West Bengal,35-44,1068
USR005916,2024-06-20,Frequent,Uttar Pradesh,25-34,799
USR005917,2024-05-03,Occasional,Haryana,45-59,847
USR005918,2024-11-13,Frequent,Uttar Pradesh,18-24,653
USR005919,2024-04-26,Occasional,Haryana,25-34,854
USR005920,2025-08-19,Frequent,Delhi,25-34,374
USR005921,2023-03-15,Power,Haryana,18-24,1262
USR005922,2025-02-17,Power,Telangana,25-34,557
USR005923,2023-09-10,New,West Bengal,18-24,1083
USR005924,2023-07-02,Frequent,Haryana,25-34,1153
USR005925,2024-03-07,Occasional,Maharashtra,18-24,904
USR005926,2023-06-06,Occasional,Rajasthan,25-34,1179
USR005927,2024-03-19,New,Telangana,25-34,892
USR005928,2025-11-21,Frequent,West Bengal,25-34,280
USR005929,2024-04-27,Occasional,Gujarat,18-24,853
USR005930,2023-12-18,New,Haryana,25-34,984
USR005931,2026-01-29,Power,Uttar Pradesh,25-34,211
USR005932,2023-09-11,New,Rajasthan,18-24,1082
USR005933,2024-02-08,Occasional,Gujarat,18-24,932
USR005934,2024-04-17,Frequent,Delhi,35-44,863
USR005935,2023-10-09,Frequent,Karnataka,25-34,1054
USR005936,2025-07-31,Frequent,Gujarat,45-59,393
USR005937,2023-01-17,Frequent,Haryana,25-34,1319
USR005938,2025-06-18,Occasional,Maharashtra,25-34,436
USR005939,2025-09-14,Frequent,West Bengal,35-44,348
USR005940,2026-02-26,New,Uttar Pradesh,18-24,183
USR005941,2023-09-15,Frequent,Tamil Nadu,25-34,1078
USR005942,2024-10-15,Occasional,Tamil Nadu,25-34,682
USR005943,2023-06-06,New,Gujarat,25-34,1179
USR005944,2023-03-06,Power,Delhi,45-59,1271
USR005945,2025-07-29,Occasional,Haryana,18-24,395
USR005946,2023-03-12,Frequent,Tamil Nadu,25-34,1265
USR005947,2025-02-03,Frequent,Gujarat,60+,571
USR005948,2024-01-17,Power,Uttar Pradesh,18-24,954
USR005949,2026-03-26,New,Rajasthan,25-34,155
USR005950,2025-08-01,Power,Rajasthan,25-34,392
USR005951,2024-10-26,New,Haryana,35-44,671
USR005952,2024-04-11,Frequent,Haryana,25-34,869
USR005953,2024-07-12,Occasional,Karnataka,18-24,777
USR005954,2023-05-19,New,Delhi,35-44,1197
USR005955,2025-08-28,Occasional,Tamil Nadu,25-34,365
USR005956,2026-04-12,Occasional,Maharashtra,18-24,138
USR005957,2025-12-10,Frequent,Rajasthan,25-34,261
USR005958,2025-05-01,Frequent,Haryana,25-34,484
USR005959,2024-03-14,Power,Haryana,18-24,897
USR005960,2025-07-07,Power,Gujarat,18-24,417
USR005961,2024-09-20,Frequent,Karnataka,18-24,707
USR005962,2024-10-27,Frequent,Maharashtra,35-44,670
USR005963,2024-09-05,Frequent,Telangana,18-24,722
USR005964,2023-07-09,Power,Telangana,18-24,1146
USR005965,2023-11-27,Occasional,Uttar Pradesh,35-44,1005
USR005966,2024-11-15,Power,Uttar Pradesh,25-34,651
USR005967,2023-11-30,New,Delhi,45-59,1002
USR005968,2024-04-17,Occasional,Uttar Pradesh,35-44,863
USR005969,2023-12-14,New,Tamil Nadu,25-34,988
USR005970,2023-01-09,Frequent,Karnataka,35-44,1327
USR005971,2024-05-19,Frequent,Tamil Nadu,18-24,831
USR005972,2025-02-23,Power,Haryana,45-59,551
USR005973,2024-06-14,Frequent,Maharashtra,35-44,805
USR005974,2023-04-14,Occasional,Tamil Nadu,45-59,1232
USR005975,2025-12-12,Power,Karnataka,18-24,259
USR005976,2026-03-29,Power,Gujarat,18-24,152
USR005977,2024-01-24,Occasional,Karnataka,18-24,947
USR005978,2023-06-24,Frequent,Maharashtra,45-59,1161
USR005979,2023-12-05,Occasional,Karnataka,25-34,997
USR005980,2025-03-28,New,Rajasthan,18-24,518
USR005981,2024-11-22,Occasional,Karnataka,25-34,644
USR005982,2024-11-18,Occasional,Tamil Nadu,18-24,648
USR005983,2024-02-08,Occasional,Gujarat,35-44,932
USR005984,2023-01-26,New,Gujarat,60+,1310
USR005985,2023-05-18,Occasional,Telangana,25-34,1198
USR005986,2024-10-16,Frequent,West Bengal,25-34,681
USR005987,2023-07-22,Frequent,West Bengal,25-34,1133
USR005988,2026-03-04,New,Gujarat,18-24,177
USR005989,2024-09-14,Frequent,Delhi,18-24,713
USR005990,2026-04-12,Power,Karnataka,25-34,138
USR005991,2023-11-24,Frequent,Haryana,18-24,1008
USR005992,2023-08-20,Occasional,Uttar Pradesh,18-24,1104
USR005993,2023-06-22,Occasional,Rajasthan,45-59,1163
USR005994,2025-03-23,Power,Haryana,18-24,523
USR005995,2023-09-05,Occasional,Delhi,25-34,1088
USR005996,2023-11-12,New,Karnataka,35-44,1020
USR005997,2023-03-04,New,Uttar Pradesh,45-59,1273
USR005998,2023-11-08,New,Rajasthan,25-34,1024
USR005999,2024-09-21,Occasional,Rajasthan,25-34,706
USR006000,2025-12-02,Occasional,Gujarat,25-34,269
USR006001,2026-01-18,New,Rajasthan,18-24,222
USR006002,2024-01-18,Power,Haryana,18-24,953
USR006003,2025-02-28,Frequent,Gujarat,45-59,546
USR006004,2023-07-28,Power,Uttar Pradesh,45-59,1127
USR006005,2026-03-27,New,Gujarat,18-24,154
USR006006,2023-11-03,Frequent,Rajasthan,25-34,1029
USR006007,2023-07-14,New,Maharashtra,25-34,1141
USR006008,2023-10-09,Occasional,Gujarat,25-34,1054
USR006009,2025-12-28,Frequent,Tamil Nadu,18-24,243
USR006010,2026-01-17,Occasional,Maharashtra,35-44,223
USR006011,2023-10-30,Power,Uttar Pradesh,25-34,1033
USR006012,2025-03-15,Frequent,Karnataka,25-34,531
USR006013,2023-11-20,New,Delhi,25-34,1012
USR006014,2024-06-02,Occasional,Rajasthan,25-34,817
USR006015,2023-03-22,Power,West Bengal,25-34,1255
USR006016,2024-09-28,Frequent,Haryana,45-59,699
USR006017,2024-02-10,Frequent,Haryana,35-44,930
USR006018,2025-10-07,Frequent,Telangana,35-44,325
USR006019,2025-08-20,Occasional,Rajasthan,35-44,373
USR006020,2025-10-19,Frequent,Delhi,18-24,313
USR006021,2025-07-08,Frequent,Delhi,35-44,416
USR006022,2023-04-17,New,Tamil Nadu,25-34,1229
USR006023,2025-01-28,Power,Maharashtra,25-34,577
USR006024,2025-10-06,Power,Delhi,18-24,326
USR006025,2025-08-04,Power,Delhi,25-34,389
USR006026,2024-01-10,Occasional,Uttar Pradesh,45-59,961
USR006027,2025-06-13,Frequent,Rajasthan,25-34,441
USR006028,2024-02-29,Frequent,West Bengal,60+,911
USR006029,2025-06-08,Frequent,Tamil Nadu,25-34,446
USR006030,2024-10-15,Frequent,Tamil Nadu,25-34,682
USR006031,2023-07-31,Power,Delhi,35-44,1124
USR006032,2025-11-13,Frequent,Telangana,25-34,288
USR006033,2023-12-07,Frequent,West Bengal,25-34,995
USR006034,2025-05-23,Frequent,West Bengal,45-59,462
USR006035,2023-03-23,Occasional,Tamil Nadu,25-34,1254
USR006036,2025-07-24,Frequent,Tamil Nadu,18-24,400
USR006037,2025-01-22,Frequent,Karnataka,35-44,583
USR006038,2025-05-23,Frequent,Haryana,18-24,462
USR006039,2023-06-15,Frequent,Gujarat,18-24,1170
USR006040,2025-08-15,Frequent,Gujarat,18-24,378
USR006041,2025-08-19,Power,Maharashtra,25-34,374
USR006042,2025-02-06,New,Rajasthan,25-34,568
USR006043,2024-09-01,Frequent,Haryana,25-34,726
USR006044,2025-03-29,Occasional,Gujarat,25-34,517
USR006045,2025-10-30,Occasional,Telangana,18-24,302
USR006046,2023-05-25,Occasional,Maharashtra,35-44,1191
USR006047,2026-03-31,Occasional,Haryana,35-44,150
USR006048,2024-06-10,Frequent,Gujarat,18-24,809
USR006049,2023-12-17,Occasional,Gujarat,25-34,985
USR006050,2024-11-20,New,Tamil Nadu,35-44,646
USR006051,2024-11-01,Frequent,Gujarat,18-24,665
USR006052,2026-04-06,Occasional,Gujarat,18-24,144
USR006053,2023-07-23,New,Telangana,25-34,1132
USR006054,2024-12-02,New,Tamil Nadu,60+,634
USR006055,2025-05-28,Occasional,Gujarat,35-44,457
USR006056,2023-01-21,Power,Gujarat,35-44,1315
USR006057,2024-05-30,New,Tamil Nadu,25-34,820
USR006058,2023-10-19,New,Uttar Pradesh,18-24,1044
USR006059,2025-09-24,Power,West Bengal,35-44,338
USR006060,2023-03-22,Power,Tamil Nadu,45-59,1255
USR006061,2023-12-20,Occasional,Rajasthan,18-24,982
USR006062,2025-11-22,New,Karnataka,45-59,279
USR006063,2025-12-13,Power,Haryana,35-44,258
USR006064,2024-12-24,Power,Uttar Pradesh,25-34,612
USR006065,2024-10-17,Power,Karnataka,18-24,680
USR006066,2023-11-27,Occasional,Gujarat,45-59,1005
USR006067,2025-05-16,Occasional,West Bengal,45-59,469
USR006068,2024-03-21,New,Uttar Pradesh,25-34,890
USR006069,2024-02-26,Occasional,Karnataka,45-59,914
USR006070,2025-12-31,Frequent,Delhi,60+,240
USR006071,2023-04-21,Power,Gujarat,35-44,1225
USR006072,2026-04-05,Power,Maharashtra,18-24,145
USR006073,2025-12-26,New,Maharashtra,18-24,245
USR006074,2025-05-05,Occasional,Gujarat,35-44,480
USR006075,2023-03-18,Power,Delhi,18-24,1259
USR006076,2023-11-10,Occasional,Uttar Pradesh,18-24,1022
USR006077,2023-06-28,Occasional,Delhi,25-34,1157
USR006078,2025-05-15,New,Rajasthan,25-34,470
USR006079,2025-07-01,Frequent,Tamil Nadu,18-24,423
USR006080,2023-05-12,Occasional,Haryana,25-34,1204
USR006081,2023-01-23,Occasional,Delhi,45-59,1313
USR006082,2024-07-27,Occasional,Uttar Pradesh,25-34,762
USR006083,2024-06-07,Occasional,Tamil Nadu,25-34,812
USR006084,2023-09-23,New,Telangana,25-34,1070
USR006085,2023-04-03,Power,Uttar Pradesh,35-44,1243
USR006086,2023-01-04,New,Uttar Pradesh,18-24,1332
USR006087,2023-09-07,Occasional,Gujarat,25-34,1086
USR006088,2025-07-21,Frequent,Delhi,18-24,403
USR006089,2025-08-25,Frequent,Delhi,25-34,368
USR006090,2023-09-19,Frequent,Haryana,45-59,1074
USR006091,2025-05-16,Frequent,West Bengal,18-24,469
USR006092,2023-06-24,Frequent,Karnataka,35-44,1161
USR006093,2026-02-19,Power,Rajasthan,25-34,190
USR006094,2026-02-08,Power,West Bengal,25-34,201
USR006095,2025-09-02,Frequent,Gujarat,35-44,360
USR006096,2024-03-21,Frequent,West Bengal,25-34,890
USR006097,2023-09-21,Frequent,Haryana,25-34,1072
USR006098,2025-12-27,Power,Tamil Nadu,25-34,244
USR006099,2023-11-26,New,Rajasthan,25-34,1006
USR006100,2023-03-21,Occasional,Karnataka,25-34,1256
USR006101,2024-10-15,Occasional,Rajasthan,25-34,682
USR006102,2025-11-10,Power,Karnataka,25-34,291
USR006103,2025-07-23,Power,Tamil Nadu,18-24,401
USR006104,2026-01-07,Frequent,Maharashtra,25-34,233
USR006105,2026-03-31,Frequent,Uttar Pradesh,35-44,150
USR006106,2023-03-24,Occasional,Karnataka,25-34,1253
USR006107,2025-09-19,Power,Rajasthan,25-34,343
USR006108,2024-01-30,Power,Karnataka,35-44,941
USR006109,2026-01-09,Frequent,Tamil Nadu,25-34,231
USR006110,2023-10-15,New,Uttar Pradesh,35-44,1048
USR006111,2024-01-27,Frequent,Haryana,18-24,944
USR006112,2023-06-16,Frequent,Gujarat,18-24,1169
USR006113,2025-04-20,Occasional,Gujarat,35-44,495
USR006114,2025-07-23,New,Maharashtra,35-44,401
USR006115,2023-06-02,Frequent,Tamil Nadu,25-34,1183
USR006116,2024-07-25,Occasional,Gujarat,25-34,764
USR006117,2024-12-14,Frequent,Tamil Nadu,25-34,622
USR006118,2024-06-30,Occasional,Maharashtra,25-34,789
USR006119,2025-11-23,Frequent,Telangana,25-34,278
USR006120,2025-10-27,Power,Rajasthan,60+,305
USR006121,2023-12-04,Frequent,Delhi,60+,998
USR006122,2023-08-05,Frequent,Maharashtra,35-44,1119
USR006123,2025-07-21,Frequent,Maharashtra,45-59,403
USR006124,2023-02-14,Frequent,Haryana,25-34,1291
USR006125,2023-05-20,Power,Delhi,18-24,1196
USR006126,2023-08-05,Frequent,Gujarat,25-34,1119
USR006127,2026-01-05,Frequent,Uttar Pradesh,18-24,235
USR006128,2023-02-17,Power,Uttar Pradesh,25-34,1288
USR006129,2025-04-17,Frequent,Rajasthan,25-34,498
USR006130,2024-07-13,New,Telangana,18-24,776
USR006131,2024-08-21,Occasional,West Bengal,18-24,737
USR006132,2024-06-13,Frequent,Telangana,25-34,806
USR006133,2023-08-24,Power,Karnataka,25-34,1100
USR006134,2025-08-12,Frequent,Tamil Nadu,18-24,381
USR006135,2024-10-30,Frequent,Maharashtra,25-34,667
USR006136,2024-08-24,Occasional,Maharashtra,25-34,734
USR006137,2023-10-03,Occasional,Telangana,25-34,1060
USR006138,2025-12-21,Frequent,Haryana,35-44,250
USR006139,2024-06-09,Frequent,Maharashtra,35-44,810
USR006140,2023-04-27,Occasional,Tamil Nadu,25-34,1219
USR006141,2023-07-27,Power,West Bengal,25-34,1128
USR006142,2025-10-21,Power,Haryana,18-24,311
USR006143,2025-04-07,Power,Delhi,18-24,508
USR006144,2023-02-15,Occasional,Rajasthan,18-24,1290
USR006145,2024-01-28,New,Rajasthan,25-34,943
USR006146,2024-08-13,Occasional,Tamil Nadu,18-24,745
USR006147,2024-06-25,Power,Telangana,35-44,794
USR006148,2023-07-18,Frequent,Karnataka,18-24,1137
USR006149,2025-01-22,Frequent,West Bengal,18-24,583
USR006150,2024-05-18,Occasional,West Bengal,18-24,832
USR006151,2023-11-13,Occasional,Telangana,35-44,1019
USR006152,2025-08-18,Occasional,Gujarat,18-24,375
USR006153,2023-10-10,Occasional,Delhi,18-24,1053
USR006154,2023-05-30,Power,Uttar Pradesh,18-24,1186
USR006155,2023-05-17,New,Maharashtra,25-34,1199
USR006156,2023-02-26,Occasional,West Bengal,18-24,1279
USR006157,2025-04-03,Frequent,Tamil Nadu,18-24,512
USR006158,2023-03-09,Occasional,Delhi,18-24,1268
USR006159,2024-09-25,Occasional,Telangana,35-44,702
USR006160,2025-06-15,Frequent,Tamil Nadu,35-44,439
USR006161,2025-01-18,Power,Rajasthan,18-24,587
USR006162,2023-10-06,Occasional,Telangana,18-24,1057
USR006163,2025-04-18,New,Gujarat,25-34,497
USR006164,2026-03-15,Frequent,Uttar Pradesh,18-24,166
USR006165,2023-10-18,Occasional,Karnataka,25-34,1045
USR006166,2024-11-05,Occasional,West Bengal,35-44,661
USR006167,2024-10-10,Frequent,Delhi,25-34,687
USR006168,2023-09-18,Frequent,Haryana,25-34,1075
USR006169,2025-12-29,New,Haryana,25-34,242
USR006170,2024-09-28,Power,Delhi,35-44,699
USR006171,2023-10-01,Occasional,Rajasthan,25-34,1062
USR006172,2024-04-16,Power,Rajasthan,18-24,864
USR006173,2024-02-27,Power,Gujarat,35-44,913
USR006174,2023-12-18,Frequent,Maharashtra,25-34,984
USR006175,2025-10-12,Occasional,West Bengal,35-44,320
USR006176,2025-11-07,New,West Bengal,35-44,294
USR006177,2025-01-08,Occasional,Uttar Pradesh,45-59,597
USR006178,2025-01-03,Occasional,West Bengal,25-34,602
USR006179,2025-09-15,Occasional,Uttar Pradesh,25-34,347
USR006180,2024-06-25,Frequent,Tamil Nadu,18-24,794
USR006181,2025-05-24,Occasional,Maharashtra,18-24,461
USR006182,2023-01-18,Occasional,Rajasthan,35-44,1318
USR006183,2023-10-05,Occasional,Rajasthan,25-34,1058
USR006184,2025-07-25,Occasional,Gujarat,35-44,399
USR006185,2025-10-14,Frequent,Tamil Nadu,35-44,318
USR006186,2026-02-25,Occasional,Uttar Pradesh,25-34,184
USR006187,2025-02-16,New,Karnataka,18-24,558
USR006188,2023-02-15,Power,Uttar Pradesh,18-24,1290
USR006189,2023-11-18,Power,Uttar Pradesh,35-44,1014
USR006190,2024-12-26,Frequent,Haryana,25-34,610
USR006191,2023-07-09,Frequent,Maharashtra,25-34,1146
USR006192,2024-03-31,New,Uttar Pradesh,25-34,880
USR006193,2025-06-20,Frequent,Telangana,45-59,434
USR006194,2025-01-08,Frequent,Karnataka,35-44,597
USR006195,2024-08-30,Occasional,Telangana,35-44,728
USR006196,2024-03-21,New,Maharashtra,25-34,890
USR006197,2024-04-18,Frequent,Haryana,18-24,862
USR006198,2025-11-07,Power,Uttar Pradesh,45-59,294
USR006199,2023-11-13,Frequent,Haryana,25-34,1019
USR006200,2024-05-12,Occasional,West Bengal,25-34,838
USR006201,2024-06-25,Frequent,Uttar Pradesh,25-34,794
USR006202,2024-09-19,Frequent,Gujarat,35-44,708
USR006203,2024-12-26,Power,Rajasthan,35-44,610
USR006204,2023-12-21,Occasional,Tamil Nadu,35-44,981
USR006205,2025-10-06,Frequent,Uttar Pradesh,25-34,326
USR006206,2023-10-22,Occasional,Karnataka,25-34,1041
USR006207,2023-09-29,Power,Uttar Pradesh,45-59,1064
USR006208,2023-11-27,Occasional,Tamil Nadu,25-34,1005
USR006209,2023-09-22,Frequent,Karnataka,25-34,1071
USR006210,2024-07-08,Frequent,Uttar Pradesh,60+,781
USR006211,2024-07-23,Frequent,Telangana,25-34,766
USR006212,2025-01-20,New,Delhi,25-34,585
USR006213,2024-04-18,Frequent,Karnataka,45-59,862
USR006214,2024-12-18,New,Delhi,35-44,618
USR006215,2023-09-26,Frequent,Haryana,18-24,1067
USR006216,2025-09-03,Frequent,Uttar Pradesh,25-34,359
USR006217,2024-11-24,Frequent,Delhi,35-44,642
USR006218,2025-12-13,Power,Delhi,25-34,258
USR006219,2025-05-10,Frequent,Uttar Pradesh,18-24,475
USR006220,2024-03-06,Occasional,Uttar Pradesh,18-24,905
USR006221,2024-04-14,Power,West Bengal,18-24,866
USR006222,2023-09-30,Frequent,Rajasthan,45-59,1063
USR006223,2025-05-06,Frequent,Haryana,18-24,479
USR006224,2024-12-06,New,Maharashtra,18-24,630
USR006225,2023-01-03,Frequent,Delhi,18-24,1333
USR006226,2024-02-01,Power,Uttar Pradesh,45-59,939
USR006227,2025-12-04,Occasional,Haryana,25-34,267
USR006228,2025-02-22,Power,Gujarat,18-24,552
USR006229,2025-10-14,New,Gujarat,25-34,318
USR006230,2023-08-17,Power,Gujarat,18-24,1107
USR006231,2026-02-21,Frequent,Tamil Nadu,18-24,188
USR006232,2025-07-17,Occasional,Haryana,60+,407
USR006233,2023-04-16,Frequent,Tamil Nadu,35-44,1230
USR006234,2025-08-14,Occasional,Tamil Nadu,18-24,379
USR006235,2023-09-24,Frequent,Tamil Nadu,45-59,1069
USR006236,2024-07-17,Power,Uttar Pradesh,25-34,772
USR006237,2023-04-16,Power,Delhi,25-34,1230
USR006238,2025-07-18,Frequent,Gujarat,25-34,406
USR006239,2023-02-24,Frequent,Telangana,25-34,1281
USR006240,2023-02-07,New,Maharashtra,25-34,1298
USR006241,2023-12-20,New,West Bengal,18-24,982
USR006242,2023-11-17,Power,Karnataka,25-34,1015
USR006243,2024-07-25,Occasional,Tamil Nadu,25-34,764
USR006244,2024-10-24,Frequent,Maharashtra,18-24,673
USR006245,2024-03-05,New,Gujarat,35-44,906
USR006246,2025-11-22,Frequent,Gujarat,18-24,279
USR006247,2025-01-08,Occasional,Haryana,18-24,597
USR006248,2023-12-09,Occasional,Rajasthan,25-34,993
USR006249,2023-04-27,Frequent,Maharashtra,45-59,1219
USR006250,2024-08-02,Power,West Bengal,25-34,756
USR006251,2023-12-13,Power,Uttar Pradesh,18-24,989
USR006252,2024-03-28,Power,Maharashtra,25-34,883
USR006253,2026-01-23,Occasional,Gujarat,25-34,217
USR006254,2025-09-19,Occasional,Rajasthan,25-34,343
USR006255,2023-01-11,Frequent,Haryana,35-44,1325
USR006256,2024-09-13,Occasional,Uttar Pradesh,25-34,714
USR006257,2025-06-15,Occasional,Tamil Nadu,25-34,439
USR006258,2024-08-19,Frequent,Delhi,25-34,739
USR006259,2025-10-24,Occasional,Gujarat,18-24,308
USR006260,2023-09-13,Occasional,Delhi,18-24,1080
USR006261,2024-04-07,Frequent,Uttar Pradesh,35-44,873
USR006262,2024-10-25,Power,Uttar Pradesh,45-59,672
USR006263,2023-10-27,New,Telangana,18-24,1036
USR006264,2024-02-01,Power,Haryana,35-44,939
USR006265,2026-03-21,Power,Karnataka,25-34,160
USR006266,2025-02-12,Occasional,Maharashtra,25-34,562
USR006267,2026-02-20,Frequent,Telangana,25-34,189
USR006268,2025-01-07,Frequent,West Bengal,18-24,598
USR006269,2023-06-04,Power,Karnataka,18-24,1181
USR006270,2025-06-13,Frequent,Delhi,60+,441
USR006271,2024-08-16,Power,Rajasthan,25-34,742
USR006272,2024-04-28,Frequent,West Bengal,25-34,852
USR006273,2024-10-11,Occasional,West Bengal,18-24,686
USR006274,2023-11-24,Occasional,Tamil Nadu,35-44,1008
USR006275,2023-08-13,Occasional,Uttar Pradesh,25-34,1111
USR006276,2025-12-04,Power,Uttar Pradesh,60+,267
USR006277,2025-06-17,Frequent,Uttar Pradesh,25-34,437
USR006278,2024-08-22,New,Haryana,18-24,736
USR006279,2024-12-06,New,Rajasthan,35-44,630
USR006280,2025-02-03,Occasional,Haryana,18-24,571
USR006281,2025-06-03,Power,Haryana,18-24,451
USR006282,2023-04-13,Power,Tamil Nadu,25-34,1233
USR006283,2023-11-22,Frequent,Tamil Nadu,45-59,1010
USR006284,2025-10-13,New,Gujarat,25-34,319
USR006285,2025-09-17,Power,Karnataka,18-24,345
USR006286,2024-05-25,New,Rajasthan,35-44,825
USR006287,2025-07-26,Frequent,Haryana,25-34,398
USR006288,2023-08-24,Occasional,Delhi,35-44,1100
USR006289,2024-01-07,Occasional,Telangana,25-34,964
USR006290,2023-01-15,Frequent,Maharashtra,35-44,1321
USR006291,2024-11-14,Power,Rajasthan,18-24,652
USR006292,2023-04-05,Frequent,Tamil Nadu,18-24,1241
USR006293,2024-07-04,New,Tamil Nadu,35-44,785
USR006294,2025-04-10,Occasional,Tamil Nadu,18-24,505
USR006295,2025-11-21,Occasional,Rajasthan,18-24,280
USR006296,2025-06-27,Power,West Bengal,35-44,427
USR006297,2023-02-26,Frequent,Maharashtra,25-34,1279
USR006298,2023-02-20,Frequent,Telangana,18-24,1285
USR006299,2024-07-23,Frequent,Tamil Nadu,35-44,766
USR006300,2023-03-06,Power,Uttar Pradesh,35-44,1271
USR006301,2023-06-12,Frequent,West Bengal,60+,1173
USR006302,2024-08-04,Occasional,Rajasthan,25-34,754
USR006303,2025-02-20,Occasional,West Bengal,25-34,554
USR006304,2023-06-12,Power,West Bengal,35-44,1173
USR006305,2024-09-08,Power,Gujarat,18-24,719
USR006306,2025-02-06,Power,Telangana,25-34,568
USR006307,2025-12-08,New,Rajasthan,35-44,263
USR006308,2024-09-21,New,Delhi,25-34,706
USR006309,2025-01-10,Power,Karnataka,18-24,595
USR006310,2025-10-27,Frequent,Delhi,25-34,305
USR006311,2024-06-12,Frequent,Delhi,18-24,807
USR006312,2023-11-26,New,Tamil Nadu,25-34,1006
USR006313,2026-04-13,Power,Rajasthan,45-59,137
USR006314,2023-11-23,New,Haryana,35-44,1009
USR006315,2023-01-30,Frequent,Karnataka,18-24,1306
USR006316,2023-10-11,Frequent,Maharashtra,18-24,1052
USR006317,2024-07-13,Power,Uttar Pradesh,45-59,776
USR006318,2024-12-20,Occasional,West Bengal,18-24,616
USR006319,2024-06-28,New,West Bengal,25-34,791
USR006320,2025-02-16,Occasional,Uttar Pradesh,25-34,558
USR006321,2026-01-27,Frequent,Tamil Nadu,25-34,213
USR006322,2023-07-22,Occasional,Uttar Pradesh,25-34,1133
USR006323,2025-03-31,Frequent,West Bengal,35-44,515
USR006324,2025-03-29,Power,West Bengal,35-44,517
USR006325,2025-02-27,Occasional,Uttar Pradesh,25-34,547
USR006326,2025-03-18,New,Gujarat,18-24,528
USR006327,2025-10-21,Frequent,Gujarat,35-44,311
USR006328,2023-10-14,Frequent,Uttar Pradesh,25-34,1049
USR006329,2024-10-18,Power,Karnataka,25-34,679
USR006330,2023-05-08,Occasional,Haryana,25-34,1208
USR006331,2025-10-10,Frequent,Haryana,25-34,322
USR006332,2025-09-25,Power,West Bengal,25-34,337
USR006333,2024-07-18,New,Maharashtra,25-34,771
USR006334,2026-02-08,Occasional,Maharashtra,25-34,201
USR006335,2023-12-15,Frequent,Rajasthan,25-34,987
USR006336,2024-04-20,Frequent,Telangana,35-44,860
USR006337,2024-07-18,New,Telangana,35-44,771
USR006338,2023-10-14,Occasional,Telangana,18-24,1049
USR006339,2023-03-18,Occasional,Karnataka,18-24,1259
USR006340,2023-04-24,Occasional,Rajasthan,25-34,1222
USR006341,2026-03-06,Power,Tamil Nadu,18-24,175
USR006342,2023-02-10,Power,Karnataka,45-59,1295
USR006343,2025-11-07,Occasional,Maharashtra,25-34,294
USR006344,2024-05-30,Frequent,Gujarat,25-34,820
USR006345,2025-10-17,Occasional,Delhi,25-34,315
USR006346,2024-12-29,Occasional,Telangana,18-24,607
USR006347,2023-06-03,Occasional,Telangana,25-34,1182
USR006348,2024-06-02,Occasional,Rajasthan,18-24,817
USR006349,2023-05-30,Power,Haryana,35-44,1186
USR006350,2024-02-14,Frequent,West Bengal,35-44,926
USR006351,2023-07-02,Frequent,Gujarat,25-34,1153
USR006352,2025-03-24,Power,Haryana,25-34,522
USR006353,2024-05-21,Frequent,Tamil Nadu,35-44,829
USR006354,2026-01-16,Frequent,Haryana,25-34,224
USR006355,2026-01-05,Occasional,Uttar Pradesh,18-24,235
USR006356,2025-12-29,Power,Gujarat,45-59,242
USR006357,2025-03-03,Power,Karnataka,25-34,543
USR006358,2026-04-09,Power,Telangana,18-24,141
USR006359,2025-05-19,Power,Uttar Pradesh,25-34,466
USR006360,2025-05-12,Frequent,Delhi,25-34,473
USR006361,2025-03-16,Power,Rajasthan,18-24,530
USR006362,2025-06-02,Frequent,Gujarat,35-44,452
USR006363,2025-09-20,Power,West Bengal,18-24,342
USR006364,2025-09-12,Frequent,Haryana,45-59,350
USR006365,2023-04-10,New,Maharashtra,18-24,1236
USR006366,2025-10-09,Power,Haryana,35-44,323
USR006367,2024-10-02,Power,Delhi,35-44,695
USR006368,2024-01-20,Frequent,West Bengal,18-24,951
USR006369,2023-09-21,New,Gujarat,25-34,1072
USR006370,2026-03-17,New,Uttar Pradesh,45-59,164
USR006371,2025-02-22,Occasional,Uttar Pradesh,35-44,552
USR006372,2024-07-08,Occasional,Delhi,18-24,781
USR006373,2023-07-12,Occasional,Telangana,25-34,1143
USR006374,2024-04-27,Frequent,Gujarat,18-24,853
USR006375,2023-11-15,Occasional,Delhi,25-34,1017
USR006376,2024-10-23,Occasional,Rajasthan,18-24,674
USR006377,2024-07-20,New,Maharashtra,25-34,769
USR006378,2024-10-04,Occasional,Haryana,35-44,693
USR006379,2024-08-04,New,Uttar Pradesh,45-59,754
USR006380,2023-05-06,New,Uttar Pradesh,25-34,1210
USR006381,2024-01-24,Frequent,Gujarat,18-24,947
USR006382,2024-07-27,Occasional,Haryana,18-24,762
USR006383,2024-05-20,Power,Rajasthan,18-24,830
USR006384,2026-04-11,Frequent,Haryana,25-34,139
USR006385,2025-08-11,New,Uttar Pradesh,18-24,382
USR006386,2024-09-11,Power,Tamil Nadu,18-24,716
USR006387,2023-01-25,Frequent,Karnataka,25-34,1311
USR006388,2023-12-23,Occasional,Gujarat,35-44,979
USR006389,2024-05-09,Power,Delhi,35-44,841
USR006390,2025-09-28,Frequent,Tamil Nadu,25-34,334
USR006391,2024-12-27,Occasional,West Bengal,25-34,609
USR006392,2025-06-15,New,Gujarat,25-34,439
USR006393,2024-04-06,Occasional,Uttar Pradesh,25-34,874
USR006394,2023-08-07,Occasional,Karnataka,18-24,1117
USR006395,2025-03-08,Occasional,Karnataka,25-34,538
USR006396,2024-05-20,Frequent,Haryana,35-44,830
USR006397,2023-09-19,Frequent,Delhi,25-34,1074
USR006398,2023-04-15,Power,Karnataka,25-34,1231
USR006399,2023-07-21,Occasional,Uttar Pradesh,35-44,1134
USR006400,2024-03-31,Frequent,Haryana,18-24,880
USR006401,2023-11-19,Frequent,Rajasthan,60+,1013
USR006402,2024-11-07,Frequent,Uttar Pradesh,35-44,659
USR006403,2025-08-27,Occasional,Haryana,18-24,366
USR006404,2023-09-27,Frequent,Haryana,35-44,1066
USR006405,2024-03-28,Occasional,Karnataka,25-34,883
USR006406,2023-08-13,New,West Bengal,25-34,1111
USR006407,2024-05-11,Frequent,Gujarat,25-34,839
USR006408,2023-06-29,Power,Delhi,18-24,1156
USR006409,2023-07-03,Occasional,Delhi,60+,1152
USR006410,2023-03-10,Power,Telangana,35-44,1267
USR006411,2024-10-28,Frequent,Maharashtra,18-24,669
USR006412,2024-07-19,Power,Tamil Nadu,25-34,770
USR006413,2024-03-17,Occasional,Uttar Pradesh,18-24,894
USR006414,2023-11-25,Frequent,Haryana,35-44,1007
USR006415,2025-05-06,Frequent,Uttar Pradesh,18-24,479
USR006416,2023-01-16,Frequent,West Bengal,25-34,1320
USR006417,2023-12-05,Power,West Bengal,25-34,997
USR006418,2025-10-21,Occasional,Delhi,25-34,311
USR006419,2023-04-07,Power,Rajasthan,45-59,1239
USR006420,2025-07-02,Power,Gujarat,25-34,422
USR006421,2023-08-06,New,Tamil Nadu,18-24,1118
USR006422,2025-02-01,Occasional,Maharashtra,18-24,573
USR006423,2023-03-30,Power,Telangana,18-24,1247
USR006424,2023-10-15,Occasional,Telangana,25-34,1048
USR006425,2025-09-01,Power,Gujarat,18-24,361
USR006426,2025-01-27,Frequent,Karnataka,25-34,578
USR006427,2026-02-06,Frequent,West Bengal,25-34,203
USR006428,2024-05-09,Occasional,Telangana,25-34,841
USR006429,2024-03-27,Occasional,Uttar Pradesh,35-44,884
USR006430,2024-12-25,Frequent,Telangana,35-44,611
USR006431,2025-12-18,Occasional,Karnataka,25-34,253
USR006432,2025-04-21,Frequent,Gujarat,18-24,494
USR006433,2024-10-02,Frequent,Gujarat,60+,695
USR006434,2023-05-20,Power,Rajasthan,25-34,1196
USR006435,2025-10-20,Occasional,Telangana,25-34,312
USR006436,2026-03-05,Occasional,Haryana,25-34,176
USR006437,2025-04-23,New,Tamil Nadu,35-44,492
USR006438,2025-07-05,Frequent,Delhi,18-24,419
USR006439,2025-03-20,Frequent,Rajasthan,18-24,526
USR006440,2023-10-14,New,Haryana,18-24,1049
USR006441,2023-09-19,Occasional,Uttar Pradesh,25-34,1074
USR006442,2025-09-09,Power,Gujarat,35-44,353
USR006443,2024-02-10,Frequent,Delhi,18-24,930
USR006444,2025-03-23,Occasional,Uttar Pradesh,18-24,523
USR006445,2023-10-22,Power,Uttar Pradesh,18-24,1041
USR006446,2024-01-14,Frequent,West Bengal,18-24,957
USR006447,2023-06-08,Occasional,West Bengal,18-24,1177
USR006448,2026-02-19,New,Maharashtra,25-34,190
USR006449,2024-02-15,Occasional,Delhi,25-34,925
USR006450,2024-01-25,Frequent,Delhi,25-34,946
USR006451,2025-01-26,New,Uttar Pradesh,25-34,579
USR006452,2023-09-30,Frequent,Maharashtra,25-34,1063
USR006453,2025-06-04,Frequent,Haryana,35-44,450
USR006454,2024-02-10,Frequent,Rajasthan,25-34,930
USR006455,2024-03-11,Frequent,Uttar Pradesh,35-44,900
USR006456,2025-04-05,Frequent,Haryana,18-24,510
USR006457,2025-06-16,Frequent,Uttar Pradesh,25-34,438
USR006458,2025-06-01,Power,Telangana,25-34,453
USR006459,2026-02-24,Occasional,Maharashtra,25-34,185
USR006460,2026-03-03,Frequent,Tamil Nadu,25-34,178
USR006461,2025-11-01,Occasional,Gujarat,45-59,300
USR006462,2023-02-03,Frequent,Gujarat,25-34,1302
USR006463,2024-11-15,Frequent,Telangana,18-24,651
USR006464,2025-09-03,Frequent,Telangana,25-34,359
USR006465,2023-10-27,Occasional,Delhi,25-34,1036
USR006466,2023-11-22,Frequent,Uttar Pradesh,35-44,1010
USR006467,2025-04-25,Power,Haryana,35-44,490
USR006468,2025-08-27,Power,Uttar Pradesh,25-34,366
USR006469,2024-01-30,Frequent,Tamil Nadu,18-24,941
USR006470,2024-05-29,Power,Telangana,25-34,821
USR006471,2023-08-04,New,Karnataka,45-59,1120
USR006472,2024-09-02,Frequent,Telangana,18-24,725
USR006473,2023-04-09,Power,Rajasthan,25-34,1237
USR006474,2025-10-25,Power,Telangana,35-44,307
USR006475,2025-11-30,Frequent,West Bengal,45-59,271
USR006476,2023-12-13,Occasional,Uttar Pradesh,25-34,989
USR006477,2024-06-05,Power,Tamil Nadu,25-34,814
USR006478,2025-01-07,New,Telangana,25-34,598
USR006479,2024-10-25,Occasional,Karnataka,18-24,672
USR006480,2024-09-05,Occasional,Rajasthan,60+,722
USR006481,2024-04-11,Frequent,Tamil Nadu,35-44,869
USR006482,2026-01-20,Occasional,Maharashtra,18-24,220
USR006483,2026-04-01,Frequent,Uttar Pradesh,25-34,149
USR006484,2026-04-14,New,Delhi,25-34,136
USR006485,2024-02-21,Frequent,West Bengal,25-34,919
USR006486,2024-05-22,Frequent,Haryana,25-34,828
USR006487,2023-01-05,New,Delhi,18-24,1331
USR006488,2023-02-26,New,Tamil Nadu,18-24,1279
USR006489,2025-01-21,Occasional,Maharashtra,25-34,584
USR006490,2024-05-07,Frequent,Gujarat,18-24,843
USR006491,2023-05-30,Power,Tamil Nadu,35-44,1186
USR006492,2025-03-19,Frequent,Tamil Nadu,25-34,527
USR006493,2024-08-19,Frequent,Haryana,25-34,739
USR006494,2023-06-12,Occasional,Maharashtra,18-24,1173
USR006495,2023-09-08,Frequent,Telangana,25-34,1085
USR006496,2023-03-13,Power,Delhi,25-34,1264
USR006497,2023-02-07,Power,Tamil Nadu,18-24,1298
USR006498,2025-07-23,Frequent,Gujarat,25-34,401
USR006499,2026-03-24,Frequent,Maharashtra,18-24,157
USR006500,2023-01-12,Frequent,Haryana,25-34,1324
USR006501,2023-06-12,Power,Telangana,35-44,1173
USR006502,2024-03-11,Power,Delhi,45-59,900
USR006503,2024-09-24,Frequent,Uttar Pradesh,60+,703
USR006504,2025-11-11,Power,West Bengal,18-24,290
USR006505,2023-05-29,Occasional,West Bengal,25-34,1187
USR006506,2023-08-25,New,Maharashtra,45-59,1099
USR006507,2026-02-05,Frequent,Delhi,25-34,204
USR006508,2025-12-27,Power,Maharashtra,35-44,244
USR006509,2023-04-20,New,Tamil Nadu,25-34,1226
USR006510,2025-11-30,New,Rajasthan,45-59,271
USR006511,2024-02-18,Occasional,Haryana,25-34,922
USR006512,2024-01-02,Power,Delhi,18-24,969
USR006513,2023-01-26,New,Haryana,35-44,1310
USR006514,2024-03-15,Occasional,Karnataka,25-34,896
USR006515,2023-10-12,Frequent,Gujarat,18-24,1051
USR006516,2025-07-12,Occasional,Gujarat,18-24,412
USR006517,2023-03-29,Power,Karnataka,18-24,1248
USR006518,2023-07-22,Occasional,Haryana,25-34,1133
USR006519,2024-08-17,Occasional,Tamil Nadu,18-24,741
USR006520,2025-03-02,Frequent,Maharashtra,18-24,544
USR006521,2023-06-20,Occasional,Rajasthan,18-24,1165
USR006522,2025-06-05,Power,West Bengal,35-44,449
USR006523,2026-01-04,Occasional,Delhi,45-59,236
USR006524,2023-01-15,Occasional,Karnataka,25-34,1321
USR006525,2025-11-04,Occasional,Uttar Pradesh,35-44,297
USR006526,2025-06-04,Occasional,Maharashtra,18-24,450
USR006527,2023-03-25,Frequent,Uttar Pradesh,18-24,1252
USR006528,2024-11-23,Occasional,Maharashtra,18-24,643
USR006529,2023-01-25,Occasional,Tamil Nadu,18-24,1311
USR006530,2025-12-04,Occasional,Karnataka,18-24,267
USR006531,2024-12-02,New,Gujarat,35-44,634
USR006532,2023-01-06,Frequent,Rajasthan,25-34,1330
USR006533,2026-01-26,Occasional,West Bengal,25-34,214
USR006534,2024-04-21,Frequent,Rajasthan,18-24,859
USR006535,2025-07-14,Frequent,Maharashtra,35-44,410
USR006536,2026-02-19,Frequent,Tamil Nadu,60+,190
USR006537,2025-07-09,Occasional,Uttar Pradesh,35-44,415
USR006538,2024-11-26,Power,Tamil Nadu,25-34,640
USR006539,2023-01-16,New,Delhi,25-34,1320
USR006540,2025-07-19,Frequent,West Bengal,18-24,405
USR006541,2023-10-09,Frequent,Haryana,18-24,1054
USR006542,2026-01-25,Power,Delhi,18-24,215
USR006543,2023-08-10,New,Delhi,18-24,1114
USR006544,2024-01-31,Occasional,Telangana,45-59,940
USR006545,2025-02-24,Frequent,Karnataka,45-59,550
USR006546,2023-03-22,Occasional,Delhi,25-34,1255
USR006547,2025-04-01,Occasional,Karnataka,25-34,514
USR006548,2024-07-13,Power,West Bengal,35-44,776
USR006549,2023-07-01,Frequent,Telangana,18-24,1154
USR006550,2024-12-21,Power,West Bengal,25-34,615
USR006551,2025-11-10,Frequent,Tamil Nadu,25-34,291
USR006552,2023-07-03,Occasional,Uttar Pradesh,35-44,1152
USR006553,2025-07-06,Frequent,Haryana,18-24,418
USR006554,2024-09-01,Frequent,Karnataka,45-59,726
USR006555,2026-01-15,Power,Rajasthan,18-24,225
USR006556,2023-05-08,Power,Karnataka,60+,1208
USR006557,2024-07-15,Power,Gujarat,25-34,774
USR006558,2025-10-20,Frequent,Telangana,25-34,312
USR006559,2025-05-02,Power,Haryana,35-44,483
USR006560,2023-09-22,Occasional,Telangana,35-44,1071
USR006561,2023-07-17,Frequent,Haryana,18-24,1138
USR006562,2023-07-13,Occasional,Uttar Pradesh,25-34,1142
USR006563,2025-09-16,Power,West Bengal,35-44,346
USR006564,2023-03-24,New,Delhi,25-34,1253
USR006565,2026-02-10,New,Gujarat,45-59,199
USR006566,2024-09-17,Frequent,Delhi,25-34,710
USR006567,2023-10-06,Occasional,Tamil Nadu,35-44,1057
USR006568,2023-05-02,Frequent,Gujarat,25-34,1214
USR006569,2024-01-09,Frequent,Rajasthan,25-34,962
USR006570,2025-08-29,Frequent,Gujarat,35-44,364
USR006571,2025-10-18,Occasional,West Bengal,45-59,314
USR006572,2024-01-25,Occasional,Gujarat,35-44,946
USR006573,2023-02-02,Occasional,Uttar Pradesh,18-24,1303
USR006574,2024-05-12,Frequent,Telangana,25-34,838
USR006575,2024-02-05,Frequent,Rajasthan,25-34,935
USR006576,2025-02-25,Occasional,Uttar Pradesh,18-24,549
USR006577,2025-07-20,Occasional,Rajasthan,18-24,404
USR006578,2025-03-15,Frequent,Gujarat,18-24,531
USR006579,2024-05-06,Frequent,Rajasthan,35-44,844
USR006580,2025-05-02,Frequent,Telangana,18-24,483
USR006581,2023-11-15,Frequent,Gujarat,60+,1017
USR006582,2024-04-07,Power,Uttar Pradesh,45-59,873
USR006583,2025-03-10,Frequent,Maharashtra,35-44,536
USR006584,2025-04-21,Occasional,Tamil Nadu,18-24,494
USR006585,2023-05-02,New,Delhi,18-24,1214
USR006586,2025-03-26,Frequent,Uttar Pradesh,45-59,520
USR006587,2024-12-04,Occasional,Telangana,18-24,632
USR006588,2023-12-17,Frequent,Rajasthan,25-34,985
USR006589,2024-01-08,Power,Tamil Nadu,25-34,963
USR006590,2023-03-07,Occasional,Uttar Pradesh,25-34,1270
USR006591,2023-08-29,Frequent,Uttar Pradesh,18-24,1095
USR006592,2024-08-17,Power,Karnataka,18-24,741
USR006593,2025-08-14,Occasional,Haryana,18-24,379
USR006594,2026-03-08,Occasional,Uttar Pradesh,18-24,173
USR006595,2023-06-15,Frequent,Rajasthan,35-44,1170
USR006596,2024-01-03,Power,Uttar Pradesh,25-34,968
USR006597,2025-11-01,New,Gujarat,18-24,300
USR006598,2023-08-16,New,Telangana,18-24,1108
USR006599,2025-10-02,Frequent,Delhi,45-59,330
USR006600,2025-03-04,Occasional,Haryana,25-34,542
USR006601,2025-10-23,Power,Delhi,18-24,309
USR006602,2024-02-23,Occasional,Haryana,25-34,917
USR006603,2025-10-12,Occasional,Haryana,35-44,320
USR006604,2025-01-07,Occasional,Maharashtra,18-24,598
USR006605,2024-10-09,Power,Uttar Pradesh,25-34,688
USR006606,2023-06-04,Frequent,Tamil Nadu,35-44,1181
USR006607,2025-09-10,Power,Delhi,45-59,352
USR006608,2024-04-25,New,West Bengal,35-44,855
USR006609,2026-02-16,Occasional,Gujarat,35-44,193
USR006610,2023-06-06,New,Rajasthan,18-24,1179
USR006611,2024-05-29,Occasional,Uttar Pradesh,45-59,821
USR006612,2024-05-03,Frequent,Rajasthan,25-34,847
USR006613,2025-02-25,Power,Uttar Pradesh,18-24,549
USR006614,2023-04-08,Power,Karnataka,45-59,1238
USR006615,2025-05-01,New,Telangana,35-44,484
USR006616,2025-03-08,New,Maharashtra,25-34,538
USR006617,2025-04-26,Occasional,West Bengal,45-59,489
USR006618,2023-07-29,Power,Delhi,35-44,1126
USR006619,2023-05-11,Frequent,West Bengal,25-34,1205
USR006620,2023-03-17,Occasional,Maharashtra,25-34,1260
USR006621,2024-06-29,Occasional,Gujarat,25-34,790
USR006622,2023-07-29,New,Delhi,25-34,1126
USR006623,2023-10-12,Frequent,Tamil Nadu,18-24,1051
USR006624,2023-04-01,New,Uttar Pradesh,35-44,1245
USR006625,2024-01-19,Power,West Bengal,18-24,952
USR006626,2026-01-13,Occasional,Rajasthan,45-59,227
USR006627,2023-10-01,New,Delhi,18-24,1062
USR006628,2025-03-11,Power,Uttar Pradesh,35-44,535
USR006629,2026-01-27,Occasional,Gujarat,18-24,213
USR006630,2025-08-04,Frequent,Telangana,25-34,389
USR006631,2025-07-16,Frequent,Uttar Pradesh,18-24,408
USR006632,2023-05-07,Frequent,Uttar Pradesh,18-24,1209
USR006633,2024-07-06,New,Telangana,18-24,783
USR006634,2025-09-01,Occasional,West Bengal,18-24,361
USR006635,2025-12-28,Power,Karnataka,35-44,243
USR006636,2024-12-25,Frequent,Delhi,25-34,611
USR006637,2024-10-21,Frequent,Haryana,18-24,676
USR006638,2024-10-24,Frequent,Telangana,18-24,673
USR006639,2025-09-30,Frequent,Haryana,25-34,332
USR006640,2024-04-15,New,Gujarat,25-34,865
USR006641,2026-03-23,Frequent,Haryana,25-34,158
USR006642,2024-03-03,Occasional,Telangana,18-24,908
USR006643,2024-09-30,Frequent,Karnataka,18-24,697
USR006644,2024-03-23,Frequent,Rajasthan,18-24,888
USR006645,2023-01-10,Frequent,Tamil Nadu,25-34,1326
USR006646,2024-04-29,Occasional,Telangana,35-44,851
USR006647,2023-10-01,Frequent,Rajasthan,25-34,1062
USR006648,2025-02-23,Occasional,Maharashtra,35-44,551
USR006649,2025-05-08,Occasional,Uttar Pradesh,25-34,477
USR006650,2025-03-15,New,West Bengal,25-34,531
USR006651,2023-06-17,Frequent,Karnataka,18-24,1168
USR006652,2025-10-21,Occasional,Telangana,18-24,311
USR006653,2023-10-08,Occasional,Uttar Pradesh,45-59,1055
USR006654,2025-12-14,New,Delhi,35-44,257
USR006655,2024-12-08,Frequent,Maharashtra,25-34,628
USR006656,2024-04-24,Occasional,Gujarat,18-24,856
USR006657,2023-11-19,Power,Tamil Nadu,25-34,1013
USR006658,2025-07-17,Frequent,Haryana,25-34,407
USR006659,2025-07-04,Frequent,Telangana,45-59,420
USR006660,2025-01-12,Frequent,Gujarat,25-34,593
USR006661,2024-04-02,Frequent,Uttar Pradesh,25-34,878
USR006662,2024-12-23,Frequent,Delhi,25-34,613
USR006663,2023-12-16,Occasional,Gujarat,45-59,986
USR006664,2026-02-02,Power,Telangana,25-34,207
USR006665,2023-04-16,New,West Bengal,35-44,1230
USR006666,2023-12-14,Power,West Bengal,25-34,988
USR006667,2023-12-25,Frequent,Haryana,25-34,977
USR006668,2025-05-26,Occasional,Delhi,18-24,459
USR006669,2025-03-24,Frequent,Haryana,45-59,522
USR006670,2026-02-28,Frequent,Delhi,18-24,181
USR006671,2024-04-03,Frequent,Gujarat,18-24,877
USR006672,2025-06-15,New,Rajasthan,18-24,439
USR006673,2023-07-03,Occasional,Karnataka,45-59,1152
USR006674,2024-08-02,New,Haryana,35-44,756
USR006675,2025-08-20,Power,Tamil Nadu,35-44,373
USR006676,2026-01-17,Occasional,Tamil Nadu,25-34,223
USR006677,2025-09-14,Occasional,Tamil Nadu,25-34,348
USR006678,2024-08-05,Occasional,Uttar Pradesh,18-24,753
USR006679,2025-06-08,Frequent,Maharashtra,18-24,446
USR006680,2025-11-12,Occasional,Maharashtra,25-34,289
USR006681,2024-05-18,Occasional,Telangana,18-24,832
USR006682,2025-12-15,Frequent,Rajasthan,25-34,256
USR006683,2025-07-08,New,Delhi,25-34,416
USR006684,2024-12-16,Power,Tamil Nadu,25-34,620
USR006685,2025-11-05,New,Karnataka,35-44,296
USR006686,2023-05-16,Frequent,Telangana,18-24,1200
USR006687,2024-05-17,Occasional,Tamil Nadu,18-24,833
USR006688,2025-02-04,Occasional,Karnataka,25-34,570
USR006689,2024-09-09,Occasional,Telangana,18-24,718
USR006690,2024-01-06,Frequent,Haryana,45-59,965
USR006691,2023-06-28,Occasional,Rajasthan,25-34,1157
USR006692,2023-11-21,Frequent,Karnataka,18-24,1011
USR006693,2024-05-07,Power,West Bengal,35-44,843
USR006694,2025-04-26,Frequent,West Bengal,35-44,489
USR006695,2025-07-20,Occasional,Telangana,25-34,404
USR006696,2025-07-23,Occasional,Gujarat,25-34,401
USR006697,2024-11-08,Frequent,Maharashtra,18-24,658
USR006698,2025-10-29,New,Gujarat,35-44,303
USR006699,2024-05-27,Occasional,Karnataka,18-24,823
USR006700,2023-04-14,New,Haryana,18-24,1232
USR006701,2024-10-07,Occasional,Tamil Nadu,35-44,690
USR006702,2026-01-05,Frequent,Delhi,18-24,235
USR006703,2024-05-25,Occasional,Karnataka,18-24,825
USR006704,2023-05-24,Occasional,Rajasthan,25-34,1192
USR006705,2023-02-28,Frequent,Delhi,25-34,1277
USR006706,2023-02-05,Occasional,Telangana,18-24,1300
USR006707,2025-06-20,Occasional,Karnataka,25-34,434
USR006708,2023-09-10,Frequent,Uttar Pradesh,25-34,1083
USR006709,2025-11-04,Frequent,Delhi,18-24,297
USR006710,2025-05-10,Power,Rajasthan,60+,475
USR006711,2024-06-06,Frequent,West Bengal,25-34,813
USR006712,2026-03-31,Frequent,Maharashtra,18-24,150
USR006713,2024-07-31,New,Haryana,25-34,758
USR006714,2025-09-05,Power,Gujarat,18-24,357
USR006715,2023-03-10,Occasional,Gujarat,25-34,1267
USR006716,2024-02-27,Frequent,Karnataka,18-24,913
USR006717,2026-01-23,Occasional,Uttar Pradesh,25-34,217
USR006718,2026-02-19,Frequent,Karnataka,25-34,190
USR006719,2024-09-06,Power,Gujarat,45-59,721
USR006720,2025-02-25,Frequent,Gujarat,25-34,549
USR006721,2023-05-18,Frequent,Haryana,18-24,1198
USR006722,2025-03-17,Frequent,Uttar Pradesh,60+,529
USR006723,2025-06-04,Occasional,Gujarat,18-24,450
USR006724,2026-04-11,New,Uttar Pradesh,18-24,139
USR006725,2025-01-28,Occasional,Delhi,60+,577
USR006726,2025-12-13,Occasional,Rajasthan,25-34,258
USR006727,2024-06-07,Frequent,Maharashtra,35-44,812
USR006728,2025-10-25,Frequent,West Bengal,25-34,307
USR006729,2024-12-10,Frequent,Karnataka,45-59,626
USR006730,2024-09-08,Occasional,Maharashtra,35-44,719
USR006731,2024-04-12,Occasional,Delhi,35-44,868
USR006732,2024-12-04,Power,Delhi,45-59,632
USR006733,2023-02-27,New,Uttar Pradesh,25-34,1278
USR006734,2025-08-03,Frequent,Maharashtra,35-44,390
USR006735,2025-10-11,Occasional,Telangana,18-24,321
USR006736,2024-05-23,New,Karnataka,18-24,827
USR006737,2024-09-02,New,West Bengal,25-34,725
USR006738,2023-09-19,Power,Karnataka,25-34,1074
USR006739,2024-07-03,Occasional,Gujarat,35-44,786
USR006740,2025-09-26,Occasional,Delhi,35-44,336
USR006741,2024-02-17,Power,Rajasthan,35-44,923
USR006742,2025-09-30,Frequent,Rajasthan,25-34,332
USR006743,2023-07-04,Power,Maharashtra,25-34,1151
USR006744,2025-03-12,Frequent,Rajasthan,18-24,534
USR006745,2025-01-04,Frequent,Karnataka,25-34,601
USR006746,2025-01-17,Power,Telangana,18-24,588
USR006747,2025-05-12,Occasional,Haryana,45-59,473
USR006748,2023-03-30,Frequent,Telangana,45-59,1247
USR006749,2024-05-04,Occasional,Telangana,25-34,846
USR006750,2024-11-30,Frequent,Gujarat,25-34,636
USR006751,2025-04-26,New,Karnataka,18-24,489
USR006752,2024-11-15,Occasional,Tamil Nadu,18-24,651
USR006753,2024-06-18,Power,Karnataka,25-34,801
USR006754,2025-02-03,Occasional,Telangana,18-24,571
USR006755,2023-09-21,New,Delhi,25-34,1072
USR006756,2025-05-29,Power,West Bengal,35-44,456
USR006757,2024-09-30,Frequent,Telangana,25-34,697
USR006758,2026-02-07,Occasional,West Bengal,25-34,202
USR006759,2025-11-05,Frequent,Telangana,35-44,296
USR006760,2023-06-24,Frequent,Tamil Nadu,18-24,1161
USR006761,2023-11-28,Frequent,Maharashtra,18-24,1004
USR006762,2024-02-24,Occasional,Delhi,18-24,916
USR006763,2024-12-12,Power,Karnataka,25-34,624
USR006764,2023-09-30,Occasional,Karnataka,18-24,1063
USR006765,2024-07-30,Occasional,Maharashtra,18-24,759
USR006766,2025-03-10,Occasional,Karnataka,35-44,536
USR006767,2023-07-05,Frequent,Rajasthan,35-44,1150
USR006768,2024-05-14,Frequent,Maharashtra,35-44,836
USR006769,2025-01-13,Frequent,Tamil Nadu,35-44,592
USR006770,2023-01-10,Occasional,Delhi,18-24,1326
USR006771,2023-01-25,Occasional,Gujarat,25-34,1311
USR006772,2024-02-27,Frequent,Gujarat,25-34,913
USR006773,2025-02-04,Occasional,Uttar Pradesh,18-24,570
USR006774,2025-12-02,Occasional,Karnataka,18-24,269
USR006775,2024-09-02,Power,Maharashtra,18-24,725
USR006776,2023-11-23,Frequent,Maharashtra,18-24,1009
USR006777,2023-09-19,Occasional,Rajasthan,18-24,1074
USR006778,2025-06-29,Occasional,Telangana,18-24,425
USR006779,2024-10-27,New,Tamil Nadu,35-44,670
USR006780,2025-04-26,New,Rajasthan,25-34,489
USR006781,2023-11-06,New,Tamil Nadu,35-44,1026
USR006782,2026-01-11,New,Telangana,35-44,229
USR006783,2026-04-08,Occasional,Telangana,45-59,142
USR006784,2023-05-18,Frequent,Tamil Nadu,45-59,1198
USR006785,2023-05-12,Frequent,Karnataka,25-34,1204
USR006786,2023-12-02,Frequent,Karnataka,25-34,1000
USR006787,2023-03-03,Power,Tamil Nadu,25-34,1274
USR006788,2025-05-18,Occasional,Tamil Nadu,25-34,467
USR006789,2024-09-14,Frequent,Rajasthan,18-24,713
USR006790,2024-05-19,Occasional,Gujarat,25-34,831
USR006791,2024-07-27,Occasional,Tamil Nadu,18-24,762
USR006792,2025-10-03,Frequent,Delhi,25-34,329
USR006793,2024-07-23,Power,Maharashtra,35-44,766
USR006794,2025-10-01,Occasional,Gujarat,25-34,331
USR006795,2024-02-10,Frequent,Karnataka,25-34,930
USR006796,2023-11-15,Frequent,Gujarat,18-24,1017
USR006797,2025-07-06,Power,Gujarat,25-34,418
USR006798,2023-07-20,Frequent,Gujarat,18-24,1135
USR006799,2024-05-26,New,Telangana,25-34,824
USR006800,2026-02-11,New,Karnataka,18-24,198
USR006801,2025-03-26,Occasional,Uttar Pradesh,35-44,520
USR006802,2024-08-21,Frequent,Haryana,18-24,737
USR006803,2024-12-29,Occasional,Haryana,45-59,607
USR006804,2024-05-02,Frequent,Delhi,45-59,848
USR006805,2023-06-01,Occasional,Uttar Pradesh,25-34,1184
USR006806,2025-06-23,Frequent,Uttar Pradesh,25-34,431
USR006807,2024-05-18,Occasional,Karnataka,25-34,832
USR006808,2024-12-21,Occasional,Gujarat,18-24,615
USR006809,2023-12-08,Power,Telangana,18-24,994
USR006810,2026-03-08,Frequent,Uttar Pradesh,35-44,173
USR006811,2026-02-28,Frequent,Maharashtra,45-59,181
USR006812,2023-09-26,Frequent,Rajasthan,35-44,1067
USR006813,2026-04-03,Frequent,Tamil Nadu,25-34,147
USR006814,2024-06-08,Frequent,Gujarat,25-34,811
USR006815,2025-04-18,Power,Karnataka,35-44,497
USR006816,2024-05-01,Power,Rajasthan,35-44,849
USR006817,2024-12-03,Frequent,Maharashtra,35-44,633
USR006818,2023-03-11,Frequent,Haryana,35-44,1266
USR006819,2025-01-22,Frequent,Telangana,35-44,583
USR006820,2025-11-21,Occasional,Tamil Nadu,25-34,280
USR006821,2025-01-16,Power,Haryana,35-44,589
USR006822,2025-02-24,Power,Karnataka,25-34,550
USR006823,2024-08-06,New,West Bengal,18-24,752
USR006824,2025-02-23,New,Gujarat,25-34,551
USR006825,2025-04-19,New,Rajasthan,25-34,496
USR006826,2023-03-27,Power,West Bengal,18-24,1250
USR006827,2023-10-14,New,Tamil Nadu,45-59,1049
USR006828,2024-03-15,Frequent,Rajasthan,18-24,896
USR006829,2023-05-17,Occasional,Haryana,25-34,1199
USR006830,2025-03-22,Power,Telangana,60+,524
USR006831,2025-06-26,Occasional,Maharashtra,18-24,428
USR006832,2025-06-27,Occasional,Uttar Pradesh,25-34,427
USR006833,2025-02-07,Occasional,West Bengal,18-24,567
USR006834,2023-07-26,Frequent,Maharashtra,25-34,1129
USR006835,2024-10-29,Frequent,Uttar Pradesh,35-44,668
USR006836,2024-02-01,Frequent,West Bengal,25-34,939
USR006837,2024-10-12,Occasional,West Bengal,18-24,685
USR006838,2024-05-14,New,Uttar Pradesh,35-44,836
USR006839,2023-01-12,Frequent,Gujarat,18-24,1324
USR006840,2025-05-21,Power,Rajasthan,25-34,464
USR006841,2024-05-08,Frequent,Maharashtra,35-44,842
USR006842,2025-11-25,Power,Telangana,25-34,276
USR006843,2023-04-30,Power,Gujarat,18-24,1216
USR006844,2023-07-13,New,Haryana,35-44,1142
USR006845,2025-05-15,Power,Telangana,18-24,470
USR006846,2024-07-11,Power,Rajasthan,45-59,778
USR006847,2023-03-08,Frequent,Rajasthan,18-24,1269
USR006848,2023-01-29,Power,Uttar Pradesh,25-34,1307
USR006849,2024-10-08,Frequent,West Bengal,35-44,689
USR006850,2023-01-27,New,Karnataka,45-59,1309
USR006851,2023-04-24,Power,Maharashtra,25-34,1222
USR006852,2025-11-29,Frequent,Gujarat,18-24,272
USR006853,2025-06-22,Power,Tamil Nadu,25-34,432
USR006854,2025-10-13,Occasional,Telangana,35-44,319
USR006855,2024-04-20,Power,Maharashtra,25-34,860
USR006856,2024-07-19,New,Karnataka,25-34,770
USR006857,2024-10-13,Power,Telangana,25-34,684
USR006858,2025-12-08,Occasional,Karnataka,18-24,263
USR006859,2023-01-28,Occasional,Delhi,45-59,1308
USR006860,2026-01-14,Frequent,Delhi,25-34,226
USR006861,2023-05-19,New,Haryana,25-34,1197
USR006862,2024-02-07,Frequent,Haryana,25-34,933
USR006863,2023-01-30,Frequent,Delhi,25-34,1306
USR006864,2024-08-01,New,Delhi,25-34,757
USR006865,2025-07-07,Frequent,Haryana,18-24,417
USR006866,2024-04-12,Frequent,Delhi,18-24,868
USR006867,2026-01-15,Frequent,Telangana,60+,225
USR006868,2025-03-08,Power,Maharashtra,60+,538
USR006869,2025-03-04,Power,Rajasthan,25-34,542
USR006870,2024-10-17,Power,Karnataka,45-59,680
USR006871,2024-09-26,New,Tamil Nadu,25-34,701
USR006872,2025-08-21,Frequent,Rajasthan,25-34,372
USR006873,2024-08-17,Frequent,Tamil Nadu,18-24,741
USR006874,2023-07-24,Frequent,Telangana,18-24,1131
USR006875,2026-03-10,Frequent,Haryana,35-44,171
USR006876,2025-07-05,Frequent,Delhi,25-34,419
USR006877,2025-02-21,Occasional,Delhi,35-44,553
USR006878,2025-08-24,New,Uttar Pradesh,25-34,369
USR006879,2026-02-02,Occasional,Tamil Nadu,18-24,207
USR006880,2023-08-04,New,West Bengal,25-34,1120
USR006881,2023-04-26,Occasional,West Bengal,25-34,1220
USR006882,2025-07-15,Frequent,Haryana,18-24,409
USR006883,2026-02-18,Frequent,Delhi,35-44,191
USR006884,2024-04-11,New,Delhi,25-34,869
USR006885,2025-06-28,Occasional,West Bengal,18-24,426
USR006886,2025-01-02,Frequent,Delhi,18-24,603
USR006887,2023-01-27,Occasional,Maharashtra,25-34,1309
USR006888,2025-09-28,Frequent,Karnataka,25-34,334
USR006889,2023-12-14,Occasional,Haryana,25-34,988
USR006890,2023-12-25,Occasional,Gujarat,35-44,977
USR006891,2025-08-11,New,Telangana,18-24,382
USR006892,2025-04-28,Frequent,Uttar Pradesh,25-34,487
USR006893,2023-07-14,Frequent,Uttar Pradesh,25-34,1141
USR006894,2025-07-15,Occasional,Delhi,25-34,409
USR006895,2024-09-07,Power,Uttar Pradesh,25-34,720
USR006896,2025-11-27,Frequent,Gujarat,18-24,274
USR006897,2025-05-08,Frequent,Haryana,25-34,477
USR006898,2023-04-10,Frequent,Rajasthan,25-34,1236
USR006899,2023-08-02,Frequent,Karnataka,35-44,1122
USR006900,2024-10-06,Frequent,West Bengal,45-59,691
USR006901,2024-04-20,Frequent,Gujarat,18-24,860
USR006902,2025-07-30,Occasional,Telangana,25-34,394
USR006903,2023-03-17,Frequent,Maharashtra,25-34,1260
USR006904,2025-12-25,New,Haryana,25-34,246
USR006905,2025-10-29,Frequent,Karnataka,35-44,303
USR006906,2024-04-02,Occasional,Gujarat,35-44,878
USR006907,2023-12-30,Frequent,Gujarat,25-34,972
USR006908,2025-05-27,New,Uttar Pradesh,35-44,458
USR006909,2024-12-05,Occasional,Tamil Nadu,35-44,631
USR006910,2026-01-11,Frequent,Tamil Nadu,25-34,229
USR006911,2025-01-06,New,Gujarat,25-34,599
USR006912,2024-11-25,New,Gujarat,35-44,641
USR006913,2025-12-22,Power,Delhi,25-34,249
USR006914,2026-01-01,Frequent,Tamil Nadu,35-44,239
USR006915,2024-07-05,Power,Delhi,25-34,784
USR006916,2025-02-12,New,Rajasthan,35-44,562
USR006917,2025-03-09,Frequent,Rajasthan,45-59,537
USR006918,2025-02-12,Frequent,West Bengal,45-59,562
USR006919,2024-05-28,Frequent,Delhi,45-59,822
USR006920,2024-03-17,Frequent,Maharashtra,18-24,894
USR006921,2026-02-13,Occasional,Uttar Pradesh,25-34,196
USR006922,2025-06-28,Frequent,Delhi,25-34,426
USR006923,2023-07-16,Frequent,Tamil Nadu,45-59,1139
USR006924,2023-11-14,Occasional,Haryana,45-59,1018
USR006925,2023-07-04,Frequent,Delhi,45-59,1151
USR006926,2024-04-01,New,Maharashtra,35-44,879
USR006927,2025-03-13,Occasional,Tamil Nadu,25-34,533
USR006928,2024-05-28,Power,Karnataka,45-59,822
USR006929,2025-01-08,Occasional,Gujarat,18-24,597
USR006930,2026-01-09,Frequent,Gujarat,25-34,231
USR006931,2025-12-21,Power,Tamil Nadu,18-24,250
USR006932,2023-01-08,New,Tamil Nadu,25-34,1328
USR006933,2024-04-05,New,Delhi,25-34,875
USR006934,2025-06-01,Frequent,Gujarat,25-34,453
USR006935,2023-01-19,Occasional,West Bengal,25-34,1317
USR006936,2026-01-24,Power,Gujarat,25-34,216
USR006937,2025-05-23,Power,Rajasthan,25-34,462
USR006938,2025-06-13,Frequent,Karnataka,18-24,441
USR006939,2025-01-20,New,Telangana,18-24,585
USR006940,2026-01-10,Occasional,Rajasthan,25-34,230
USR006941,2024-08-21,Power,Tamil Nadu,18-24,737
USR006942,2025-03-02,New,Rajasthan,35-44,544
USR006943,2026-01-07,Occasional,Maharashtra,25-34,233
USR006944,2025-01-10,Frequent,Delhi,25-34,595
USR006945,2024-08-15,Occasional,Tamil Nadu,25-34,743
USR006946,2023-06-09,Occasional,Tamil Nadu,18-24,1176
USR006947,2026-02-08,Occasional,Maharashtra,18-24,201
USR006948,2023-11-19,Frequent,Delhi,25-34,1013
USR006949,2023-01-30,Occasional,Tamil Nadu,35-44,1306
USR006950,2025-04-09,Occasional,Maharashtra,25-34,506
USR006951,2024-08-04,Frequent,West Bengal,18-24,754
USR006952,2023-06-15,Frequent,Telangana,35-44,1170
USR006953,2024-05-05,Occasional,Tamil Nadu,35-44,845
USR006954,2023-03-12,Occasional,Karnataka,18-24,1265
USR006955,2023-07-20,Occasional,Tamil Nadu,35-44,1135
USR006956,2025-06-02,Occasional,Delhi,25-34,452
USR006957,2025-01-13,Power,Uttar Pradesh,18-24,592
USR006958,2023-01-06,Frequent,Gujarat,25-34,1330
USR006959,2025-02-13,Occasional,Haryana,25-34,561
USR006960,2023-08-02,Frequent,Rajasthan,25-34,1122
USR006961,2025-05-24,New,Telangana,35-44,461
USR006962,2025-04-29,Frequent,Maharashtra,18-24,486
USR006963,2025-03-08,Power,Uttar Pradesh,25-34,538
USR006964,2023-02-06,Frequent,West Bengal,18-24,1299
USR006965,2024-11-18,Occasional,Haryana,18-24,648
USR006966,2025-02-16,Power,Delhi,45-59,558
USR006967,2024-07-22,New,Maharashtra,25-34,767
USR006968,2025-10-03,Frequent,Uttar Pradesh,25-34,329
USR006969,2025-08-21,Power,Tamil Nadu,35-44,372
USR006970,2023-10-30,Power,Telangana,25-34,1033
USR006971,2023-12-30,Power,Uttar Pradesh,18-24,972
USR006972,2024-03-09,Frequent,Haryana,18-24,902
USR006973,2024-06-28,Frequent,Maharashtra,25-34,791
USR006974,2023-05-19,Frequent,Maharashtra,25-34,1197
USR006975,2023-12-18,Frequent,Gujarat,18-24,984
USR006976,2024-05-14,Frequent,Maharashtra,60+,836
USR006977,2023-03-04,Power,Telangana,25-34,1273
USR006978,2024-06-01,Frequent,Tamil Nadu,45-59,818
USR006979,2024-02-12,Frequent,West Bengal,35-44,928
USR006980,2024-06-05,Frequent,Gujarat,25-34,814
USR006981,2023-05-16,Occasional,Rajasthan,25-34,1200
USR006982,2024-08-22,Frequent,Haryana,18-24,736
USR006983,2023-01-12,Power,Delhi,25-34,1324
USR006984,2026-01-29,New,Delhi,18-24,211
USR006985,2024-12-26,New,West Bengal,35-44,610
USR006986,2026-01-26,New,Delhi,25-34,214
USR006987,2025-05-30,Occasional,Maharashtra,35-44,455
USR006988,2023-04-27,Frequent,Tamil Nadu,60+,1219
USR006989,2023-10-06,Occasional,Haryana,18-24,1057
USR006990,2024-08-27,Occasional,Tamil Nadu,35-44,731
USR006991,2023-12-12,Occasional,Delhi,25-34,990
USR006992,2025-03-24,Power,Tamil Nadu,25-34,522
USR006993,2025-11-01,Power,Uttar Pradesh,18-24,300
USR006994,2024-04-20,Frequent,Telangana,25-34,860
USR006995,2024-03-07,Frequent,Haryana,18-24,904
USR006996,2026-02-25,Frequent,Rajasthan,18-24,184
USR006997,2024-04-05,Power,Rajasthan,25-34,875
USR006998,2024-06-05,Power,Uttar Pradesh,25-34,814
USR006999,2024-05-18,Power,Haryana,25-34,832
USR007000,2025-11-21,Occasional,Maharashtra,25-34,280
USR007001,2023-04-28,Frequent,Uttar Pradesh,45-59,1218
USR007002,2025-11-12,Power,Karnataka,25-34,289
USR007003,2023-02-26,Power,Karnataka,25-34,1279
USR007004,2024-03-08,Frequent,Delhi,18-24,903
USR007005,2023-04-17,Frequent,Uttar Pradesh,18-24,1229
USR007006,2026-03-18,Frequent,Haryana,18-24,163
USR007007,2023-05-27,Frequent,West Bengal,45-59,1189
USR007008,2023-01-21,New,Uttar Pradesh,25-34,1315
USR007009,2025-12-17,Frequent,Rajasthan,25-34,254
USR007010,2025-12-21,Occasional,West Bengal,35-44,250
USR007011,2025-09-07,Occasional,Uttar Pradesh,25-34,355
USR007012,2025-04-09,Occasional,Maharashtra,25-34,506
USR007013,2024-03-24,Occasional,Maharashtra,35-44,887
USR007014,2025-08-20,Occasional,Delhi,18-24,373
USR007015,2023-08-05,Frequent,Tamil Nadu,25-34,1119
USR007016,2024-03-07,Frequent,Delhi,25-34,904
USR007017,2023-09-29,Frequent,Haryana,25-34,1064
USR007018,2023-01-10,Occasional,Haryana,18-24,1326
USR007019,2025-01-17,New,Maharashtra,18-24,588
USR007020,2024-11-03,Frequent,West Bengal,25-34,663
USR007021,2025-05-31,Occasional,Uttar Pradesh,45-59,454
USR007022,2023-04-16,Occasional,Karnataka,25-34,1230
USR007023,2025-03-30,Frequent,Karnataka,25-34,516
USR007024,2023-11-03,Occasional,Rajasthan,18-24,1029
USR007025,2024-11-23,Occasional,Telangana,45-59,643
USR007026,2023-11-17,Frequent,Rajasthan,18-24,1015
USR007027,2024-03-26,New,Haryana,35-44,885
USR007028,2025-01-02,Occasional,Gujarat,18-24,603
USR007029,2025-03-24,New,Rajasthan,60+,522
USR007030,2024-01-21,Occasional,Rajasthan,35-44,950
USR007031,2024-04-29,Occasional,Maharashtra,18-24,851
USR007032,2024-06-04,Frequent,Haryana,25-34,815
USR007033,2024-09-15,Frequent,Gujarat,18-24,712
USR007034,2025-09-29,Occasional,West Bengal,35-44,333
USR007035,2023-03-17,Occasional,Haryana,45-59,1260
USR007036,2023-03-23,Frequent,Telangana,25-34,1254
USR007037,2023-05-19,Frequent,Gujarat,35-44,1197
USR007038,2025-03-08,Power,Gujarat,25-34,538
USR007039,2025-07-12,Occasional,Telangana,18-24,412
USR007040,2023-03-06,Frequent,Uttar Pradesh,18-24,1271
USR007041,2025-08-20,Occasional,Telangana,25-34,373
USR007042,2026-04-03,New,Maharashtra,25-34,147
USR007043,2023-02-11,Occasional,Karnataka,35-44,1294
USR007044,2025-10-14,Power,Gujarat,25-34,318
USR007045,2024-07-23,Power,Maharashtra,25-34,766
USR007046,2023-11-27,Power,Rajasthan,25-34,1005
USR007047,2025-11-02,Frequent,West Bengal,35-44,299
USR007048,2025-05-19,Power,Haryana,25-34,466
USR007049,2025-03-03,Occasional,West Bengal,18-24,543
USR007050,2025-04-20,Occasional,Karnataka,18-24,495
USR007051,2024-06-24,Frequent,Gujarat,25-34,795
USR007052,2026-02-12,Power,Telangana,25-34,197
USR007053,2023-08-15,Power,Telangana,25-34,1109
USR007054,2025-09-04,Frequent,Rajasthan,35-44,358
USR007055,2026-02-07,Power,Haryana,35-44,202
USR007056,2023-12-07,Power,Rajasthan,25-34,995
USR007057,2025-12-29,Frequent,Delhi,18-24,242
USR007058,2026-04-07,New,Telangana,18-24,143
USR007059,2025-12-21,Occasional,Gujarat,25-34,250
USR007060,2026-02-21,Frequent,Gujarat,18-24,188
USR007061,2024-04-09,New,Uttar Pradesh,18-24,871
USR007062,2025-05-02,Occasional,Rajasthan,25-34,483
USR007063,2026-03-04,Occasional,West Bengal,18-24,177
USR007064,2023-09-10,Occasional,Haryana,35-44,1083
USR007065,2024-06-06,Frequent,Karnataka,18-24,813
USR007066,2024-09-17,New,Maharashtra,35-44,710
USR007067,2024-07-10,New,West Bengal,25-34,779
USR007068,2023-04-03,New,Karnataka,18-24,1243
USR007069,2025-05-15,Occasional,Maharashtra,25-34,470
USR007070,2025-09-22,Occasional,Telangana,25-34,340
USR007071,2023-11-27,Occasional,Rajasthan,25-34,1005
USR007072,2024-11-07,Frequent,Uttar Pradesh,18-24,659
USR007073,2024-02-27,Frequent,Uttar Pradesh,60+,913
USR007074,2025-09-21,Frequent,Haryana,18-24,341
USR007075,2025-02-06,New,Haryana,25-34,568
USR007076,2024-02-04,Power,Telangana,25-34,936
USR007077,2024-10-20,Power,West Bengal,35-44,677
USR007078,2025-01-20,Frequent,West Bengal,35-44,585
USR007079,2024-05-13,Power,West Bengal,45-59,837
USR007080,2023-05-03,Power,Gujarat,18-24,1213
USR007081,2023-10-20,Occasional,Haryana,18-24,1043
USR007082,2025-05-30,Frequent,West Bengal,25-34,455
USR007083,2026-02-17,Occasional,Telangana,18-24,192
USR007084,2023-08-07,Frequent,Tamil Nadu,35-44,1117
USR007085,2024-06-10,New,Delhi,25-34,809
USR007086,2023-05-01,New,Karnataka,18-24,1215
USR007087,2023-07-23,Occasional,Telangana,35-44,1132
USR007088,2025-08-10,Occasional,West Bengal,35-44,383
USR007089,2023-01-02,Occasional,Delhi,45-59,1334
USR007090,2026-03-24,Power,West Bengal,18-24,157
USR007091,2025-05-30,Occasional,Gujarat,18-24,455
USR007092,2024-08-28,Occasional,West Bengal,18-24,730
USR007093,2023-02-18,Frequent,Tamil Nadu,25-34,1287
USR007094,2023-07-26,Frequent,Telangana,25-34,1129
USR007095,2023-10-05,Power,Delhi,35-44,1058
USR007096,2025-06-16,New,Gujarat,25-34,438
USR007097,2023-05-28,Occasional,Tamil Nadu,25-34,1188
USR007098,2024-10-14,Frequent,Telangana,18-24,683
USR007099,2025-09-15,New,Telangana,18-24,347
USR007100,2024-08-02,Occasional,West Bengal,60+,756
USR007101,2025-11-15,Occasional,Maharashtra,25-34,286
USR007102,2025-06-11,Frequent,Telangana,25-34,443
USR007103,2023-08-09,Occasional,Gujarat,18-24,1115
USR007104,2024-01-14,Occasional,Karnataka,18-24,957
USR007105,2023-03-02,Frequent,West Bengal,18-24,1275
USR007106,2023-10-04,Occasional,Maharashtra,35-44,1059
USR007107,2025-06-03,Occasional,Telangana,25-34,451
USR007108,2024-10-23,Occasional,Maharashtra,25-34,674
USR007109,2024-01-02,Occasional,Karnataka,25-34,969
USR007110,2025-04-23,Power,Uttar Pradesh,18-24,492
USR007111,2024-04-03,Frequent,Rajasthan,35-44,877
USR007112,2023-05-31,Frequent,Maharashtra,25-34,1185
USR007113,2023-05-19,Occasional,Rajasthan,18-24,1197
USR007114,2024-11-12,Frequent,Delhi,18-24,654
USR007115,2025-02-13,Frequent,West Bengal,35-44,561
USR007116,2026-02-21,Occasional,Gujarat,25-34,188
USR007117,2025-02-01,New,Karnataka,25-34,573
USR007118,2023-03-03,Occasional,Gujarat,25-34,1274
USR007119,2025-10-16,New,Delhi,25-34,316
USR007120,2025-02-03,New,Telangana,25-34,571
USR007121,2024-06-30,Occasional,Delhi,35-44,789
USR007122,2024-12-04,Power,Haryana,25-34,632
USR007123,2026-01-23,Frequent,Delhi,45-59,217
USR007124,2024-10-13,Frequent,Haryana,18-24,684
USR007125,2025-03-28,Occasional,Telangana,18-24,518
USR007126,2025-02-23,Frequent,Gujarat,25-34,551
USR007127,2023-05-09,Occasional,West Bengal,35-44,1207
USR007128,2025-07-03,Frequent,Gujarat,18-24,421
USR007129,2026-04-13,Occasional,Rajasthan,18-24,137
USR007130,2024-11-16,Occasional,Delhi,25-34,650
USR007131,2024-02-10,Occasional,Uttar Pradesh,35-44,930
USR007132,2024-11-15,Frequent,Maharashtra,25-34,651
USR007133,2025-10-05,Occasional,Delhi,18-24,327
USR007134,2024-07-04,Occasional,Karnataka,25-34,785
USR007135,2025-02-10,New,Delhi,45-59,564
USR007136,2025-06-02,Frequent,Tamil Nadu,18-24,452
USR007137,2023-10-17,New,Uttar Pradesh,45-59,1046
USR007138,2025-07-09,New,Rajasthan,18-24,415
USR007139,2023-01-05,New,Rajasthan,25-34,1331
USR007140,2023-12-10,Frequent,West Bengal,18-24,992
USR007141,2026-02-17,Frequent,Maharashtra,35-44,192
USR007142,2026-02-11,Frequent,Uttar Pradesh,18-24,198
USR007143,2024-09-10,Frequent,Karnataka,35-44,717
USR007144,2025-04-02,Frequent,West Bengal,35-44,513
USR007145,2024-05-26,New,Maharashtra,25-34,824
USR007146,2023-02-07,Occasional,Rajasthan,35-44,1298
USR007147,2023-01-25,Occasional,Rajasthan,18-24,1311
USR007148,2023-09-05,Occasional,Tamil Nadu,18-24,1088
USR007149,2023-02-21,Occasional,Maharashtra,25-34,1284
USR007150,2023-08-19,Frequent,Maharashtra,25-34,1105
USR007151,2024-03-29,Occasional,Rajasthan,35-44,882
USR007152,2025-06-03,Power,Haryana,25-34,451
USR007153,2024-01-13,Power,Tamil Nadu,60+,958
USR007154,2023-07-19,Occasional,Telangana,25-34,1136
USR007155,2025-05-06,New,Delhi,45-59,479
USR007156,2023-06-03,Occasional,Uttar Pradesh,45-59,1182
USR007157,2025-07-06,Power,Uttar Pradesh,18-24,418
USR007158,2023-08-24,New,Gujarat,25-34,1100
USR007159,2024-01-25,Occasional,Delhi,18-24,946
USR007160,2024-07-01,Frequent,Rajasthan,35-44,788
USR007161,2024-06-23,Frequent,Gujarat,25-34,796
USR007162,2023-12-19,Occasional,Haryana,18-24,983
USR007163,2024-05-16,Occasional,Uttar Pradesh,35-44,834
USR007164,2025-01-26,Occasional,Gujarat,25-34,579
USR007165,2023-09-03,Frequent,Telangana,25-34,1090
USR007166,2025-11-15,Frequent,Tamil Nadu,18-24,286
USR007167,2026-03-22,Frequent,Maharashtra,25-34,159
USR007168,2025-10-23,Frequent,Telangana,18-24,309
USR007169,2023-07-25,Occasional,Gujarat,18-24,1130
USR007170,2025-02-28,New,Haryana,35-44,546
USR007171,2024-01-25,Frequent,Delhi,35-44,946
USR007172,2024-04-08,New,Delhi,60+,872
USR007173,2026-02-05,Power,Telangana,18-24,204
USR007174,2024-01-17,Occasional,Tamil Nadu,25-34,954
USR007175,2026-03-10,Occasional,Gujarat,25-34,171
USR007176,2024-10-18,Frequent,Karnataka,25-34,679
USR007177,2023-01-28,Frequent,Rajasthan,18-24,1308
USR007178,2024-05-17,Occasional,Maharashtra,25-34,833
USR007179,2025-01-25,Occasional,Uttar Pradesh,35-44,580
USR007180,2025-08-28,Frequent,Gujarat,25-34,365
USR007181,2025-11-10,New,Delhi,18-24,291
USR007182,2025-02-23,Occasional,Haryana,18-24,551
USR007183,2025-01-28,Frequent,Haryana,25-34,577
USR007184,2023-10-18,Power,Telangana,25-34,1045
USR007185,2023-10-12,Occasional,Rajasthan,18-24,1051
USR007186,2023-12-23,Frequent,Tamil Nadu,45-59,979
USR007187,2023-09-09,Frequent,Haryana,35-44,1084
USR007188,2024-12-06,Power,West Bengal,35-44,630
USR007189,2023-03-09,Occasional,Delhi,45-59,1268
USR007190,2023-02-06,New,West Bengal,25-34,1299
USR007191,2023-02-24,Occasional,Haryana,18-24,1281
USR007192,2023-02-06,New,Telangana,25-34,1299
USR007193,2026-03-16,Occasional,West Bengal,18-24,165
USR007194,2025-01-17,Frequent,Uttar Pradesh,18-24,588
USR007195,2024-07-31,Frequent,Haryana,18-24,758
USR007196,2024-03-20,Occasional,Tamil Nadu,35-44,891
USR007197,2023-09-11,Power,Telangana,35-44,1082
USR007198,2025-05-24,Power,Haryana,25-34,461
USR007199,2025-05-19,Occasional,West Bengal,45-59,466
USR007200,2024-06-10,Frequent,Delhi,35-44,809
USR007201,2023-07-19,New,Maharashtra,18-24,1136
USR007202,2026-02-03,Occasional,Uttar Pradesh,18-24,206
USR007203,2025-08-17,Power,Delhi,25-34,376
USR007204,2023-06-23,Frequent,West Bengal,25-34,1162
USR007205,2025-09-01,Frequent,Gujarat,25-34,361
USR007206,2024-01-21,Power,Uttar Pradesh,18-24,950
USR007207,2024-10-26,Occasional,Tamil Nadu,45-59,671
USR007208,2023-09-23,New,Delhi,25-34,1070
USR007209,2025-10-05,Frequent,Delhi,25-34,327
USR007210,2024-05-31,Occasional,Gujarat,18-24,819
USR007211,2023-08-07,Frequent,Rajasthan,25-34,1117
USR007212,2024-12-06,Occasional,Karnataka,45-59,630
USR007213,2024-07-31,Frequent,Telangana,60+,758
USR007214,2024-04-10,Frequent,Tamil Nadu,25-34,870
USR007215,2026-04-07,Power,Rajasthan,25-34,143
USR007216,2025-11-01,Power,Delhi,35-44,300
USR007217,2023-02-02,Frequent,Uttar Pradesh,25-34,1303
USR007218,2026-02-21,Occasional,Rajasthan,35-44,188
USR007219,2024-09-29,Occasional,West Bengal,18-24,698
USR007220,2025-02-24,Frequent,Tamil Nadu,25-34,550
USR007221,2023-12-30,Frequent,Tamil Nadu,18-24,972
USR007222,2023-04-22,Occasional,Gujarat,25-34,1224
USR007223,2023-06-16,Power,West Bengal,25-34,1169
USR007224,2024-08-16,Occasional,West Bengal,25-34,742
USR007225,2025-12-11,Frequent,Karnataka,25-34,260
USR007226,2026-03-12,Frequent,Telangana,18-24,169
USR007227,2025-04-28,Frequent,Karnataka,35-44,487
USR007228,2026-03-21,Occasional,Uttar Pradesh,35-44,160
USR007229,2024-11-02,Power,Haryana,18-24,664
USR007230,2023-05-13,New,Rajasthan,25-34,1203
USR007231,2025-06-16,Occasional,Gujarat,45-59,438
USR007232,2023-04-16,New,Uttar Pradesh,25-34,1230
USR007233,2025-10-09,Frequent,Telangana,18-24,323
USR007234,2024-02-07,Frequent,Haryana,25-34,933
USR007235,2024-12-24,Occasional,Haryana,45-59,612
USR007236,2025-10-07,Frequent,Haryana,18-24,325
USR007237,2025-09-07,Frequent,Delhi,35-44,355
USR007238,2023-10-04,New,Rajasthan,35-44,1059
USR007239,2023-09-10,New,Maharashtra,18-24,1083
USR007240,2024-06-07,Occasional,Telangana,25-34,812
USR007241,2023-04-29,Occasional,Gujarat,18-24,1217
USR007242,2025-09-27,Occasional,Gujarat,18-24,335
USR007243,2026-04-08,Frequent,Maharashtra,25-34,142
USR007244,2025-03-25,Occasional,Maharashtra,25-34,521
USR007245,2023-01-17,New,Uttar Pradesh,25-34,1319
USR007246,2024-12-24,Frequent,West Bengal,45-59,612
USR007247,2024-07-12,Occasional,Delhi,25-34,777
USR007248,2024-08-23,Power,Haryana,45-59,735
USR007249,2025-05-17,Occasional,Delhi,25-34,468
USR007250,2025-11-23,Occasional,Maharashtra,45-59,278
USR007251,2024-12-08,New,Karnataka,25-34,628
USR007252,2023-11-15,Frequent,Karnataka,18-24,1017
USR007253,2024-03-20,Power,Uttar Pradesh,18-24,891
USR007254,2024-04-26,Occasional,Telangana,25-34,854
USR007255,2025-07-05,Frequent,West Bengal,25-34,419
USR007256,2024-05-28,Power,Delhi,25-34,822
USR007257,2024-11-16,Frequent,West Bengal,25-34,650
USR007258,2024-02-28,Frequent,Maharashtra,18-24,912
USR007259,2025-06-15,Frequent,Uttar Pradesh,18-24,439
USR007260,2025-09-04,New,Delhi,35-44,358
USR007261,2023-03-03,Power,Telangana,18-24,1274
USR007262,2026-03-26,Frequent,West Bengal,35-44,155
USR007263,2025-03-18,Occasional,Telangana,25-34,528
USR007264,2025-10-15,Power,Uttar Pradesh,25-34,317
USR007265,2023-07-04,Frequent,Delhi,18-24,1151
USR007266,2024-04-16,Occasional,Telangana,25-34,864
USR007267,2024-05-16,Frequent,Maharashtra,18-24,834
USR007268,2024-12-14,Frequent,Telangana,45-59,622
USR007269,2026-03-19,Occasional,Delhi,45-59,162
USR007270,2024-10-29,Frequent,Telangana,25-34,668
USR007271,2024-10-17,Frequent,West Bengal,45-59,680
USR007272,2023-07-11,Frequent,West Bengal,18-24,1144
USR007273,2024-04-03,Frequent,Uttar Pradesh,35-44,877
USR007274,2025-03-01,Occasional,Telangana,35-44,545
USR007275,2023-05-28,Occasional,Telangana,18-24,1188
USR007276,2024-02-24,Frequent,Tamil Nadu,18-24,916
USR007277,2026-03-19,Occasional,West Bengal,25-34,162
USR007278,2024-09-02,Occasional,Haryana,35-44,725
USR007279,2023-03-20,Frequent,Karnataka,25-34,1257
USR007280,2024-11-20,Occasional,Telangana,18-24,646
USR007281,2023-02-03,New,Telangana,18-24,1302
USR007282,2023-10-25,Frequent,Karnataka,35-44,1038
USR007283,2023-04-21,Occasional,Karnataka,25-34,1225
USR007284,2023-04-26,Occasional,West Bengal,35-44,1220
USR007285,2023-04-24,Power,Rajasthan,18-24,1222
USR007286,2024-02-23,Frequent,Gujarat,35-44,917
USR007287,2024-02-05,Power,West Bengal,35-44,935
USR007288,2024-05-19,Frequent,Gujarat,45-59,831
USR007289,2025-09-15,Power,Delhi,35-44,347
USR007290,2024-10-11,Frequent,Rajasthan,25-34,686
USR007291,2025-08-01,Frequent,Maharashtra,25-34,392
USR007292,2024-09-02,Frequent,Haryana,35-44,725
USR007293,2023-03-17,Frequent,Delhi,25-34,1260
USR007294,2025-02-25,Frequent,Haryana,45-59,549
USR007295,2024-10-28,Occasional,Rajasthan,18-24,669
USR007296,2025-09-06,New,Delhi,25-34,356
USR007297,2024-03-20,Frequent,Karnataka,18-24,891
USR007298,2023-09-21,Occasional,Haryana,18-24,1072
USR007299,2024-06-20,Occasional,Delhi,18-24,799
USR007300,2025-06-08,Frequent,Rajasthan,18-24,446
USR007301,2025-01-06,Frequent,Karnataka,25-34,599
USR007302,2023-05-19,Frequent,Delhi,35-44,1197
USR007303,2025-02-05,New,Haryana,25-34,569
USR007304,2025-04-27,Frequent,West Bengal,25-34,488
USR007305,2025-01-16,Occasional,Haryana,18-24,589
USR007306,2024-03-26,Frequent,Gujarat,45-59,885
USR007307,2026-01-24,Occasional,West Bengal,25-34,216
USR007308,2025-06-14,Occasional,Delhi,35-44,440
USR007309,2026-01-25,Frequent,Delhi,25-34,215
USR007310,2024-04-01,Frequent,Gujarat,45-59,879
USR007311,2026-01-17,Power,Rajasthan,25-34,223
USR007312,2023-08-01,Occasional,Tamil Nadu,25-34,1123
USR007313,2025-04-19,Occasional,Delhi,25-34,496
USR007314,2024-09-26,Power,West Bengal,18-24,701
USR007315,2024-07-21,Frequent,Gujarat,18-24,768
USR007316,2023-11-06,Power,Tamil Nadu,18-24,1026
USR007317,2023-01-21,Power,Karnataka,60+,1315
USR007318,2024-12-24,Frequent,Maharashtra,25-34,612
USR007319,2023-04-11,Power,West Bengal,25-34,1235
USR007320,2024-09-27,Power,Gujarat,35-44,700
USR007321,2024-11-24,Frequent,Maharashtra,25-34,642
USR007322,2023-01-22,New,Rajasthan,45-59,1314
USR007323,2026-02-12,Power,Telangana,25-34,197
USR007324,2025-10-04,Power,Uttar Pradesh,18-24,328
USR007325,2025-06-10,New,Tamil Nadu,25-34,444
USR007326,2026-01-27,Power,Telangana,18-24,213
USR007327,2025-02-25,Frequent,Uttar Pradesh,25-34,549
USR007328,2024-11-07,Occasional,Tamil Nadu,18-24,659
USR007329,2025-06-28,Occasional,Haryana,25-34,426
USR007330,2024-04-13,Occasional,West Bengal,25-34,867
USR007331,2023-10-30,Occasional,Telangana,45-59,1033
USR007332,2023-12-15,Frequent,Haryana,45-59,987
USR007333,2024-12-07,New,Tamil Nadu,25-34,629
USR007334,2024-02-28,Frequent,West Bengal,18-24,912
USR007335,2024-10-03,New,Delhi,18-24,694
USR007336,2024-08-16,New,Maharashtra,18-24,742
USR007337,2023-09-25,Frequent,Maharashtra,25-34,1068
USR007338,2026-02-28,Occasional,Haryana,18-24,181
USR007339,2024-12-28,Power,West Bengal,25-34,608
USR007340,2025-04-19,Occasional,Haryana,25-34,496
USR007341,2024-10-11,Frequent,Haryana,25-34,686
USR007342,2025-06-18,Frequent,West Bengal,60+,436
USR007343,2024-04-19,Occasional,Gujarat,18-24,861
USR007344,2025-06-22,Frequent,Rajasthan,25-34,432
USR007345,2025-07-11,Power,Rajasthan,35-44,413
USR007346,2024-12-10,Power,Gujarat,25-34,626
USR007347,2024-05-16,New,Haryana,25-34,834
USR007348,2024-06-21,Occasional,Haryana,45-59,798
USR007349,2023-05-13,Power,Tamil Nadu,35-44,1203
USR007350,2024-10-17,Occasional,West Bengal,18-24,680
USR007351,2025-09-03,Frequent,Tamil Nadu,25-34,359
USR007352,2023-11-20,New,Tamil Nadu,25-34,1012
USR007353,2025-11-21,Frequent,Gujarat,25-34,280
USR007354,2023-05-29,Frequent,Haryana,18-24,1187
USR007355,2026-01-27,Frequent,Rajasthan,25-34,213
USR007356,2025-02-03,Frequent,Rajasthan,35-44,571
USR007357,2024-03-28,New,Delhi,35-44,883
USR007358,2023-03-24,Frequent,Maharashtra,45-59,1253
USR007359,2024-10-24,Frequent,Gujarat,18-24,673
USR007360,2023-08-21,Occasional,Telangana,25-34,1103
USR007361,2025-01-16,Occasional,Gujarat,35-44,589
USR007362,2023-05-18,Frequent,Uttar Pradesh,25-34,1198
USR007363,2024-01-14,Occasional,Delhi,35-44,957
USR007364,2025-08-19,New,Delhi,18-24,374
USR007365,2024-04-24,Occasional,Maharashtra,35-44,856
USR007366,2025-04-12,Occasional,Tamil Nadu,25-34,503
USR007367,2024-02-03,Power,Gujarat,25-34,937
USR007368,2025-08-25,Occasional,Haryana,25-34,368
USR007369,2023-02-11,Frequent,Delhi,25-34,1294
USR007370,2023-09-03,Frequent,Maharashtra,25-34,1090
USR007371,2026-02-21,Frequent,Gujarat,25-34,188
USR007372,2025-10-29,Frequent,Rajasthan,18-24,303
USR007373,2025-09-02,Power,West Bengal,35-44,360
USR007374,2025-05-20,Occasional,Haryana,45-59,465
USR007375,2025-07-22,Occasional,Rajasthan,35-44,402
USR007376,2025-06-14,Power,Telangana,18-24,440
USR007377,2025-10-20,Frequent,West Bengal,25-34,312
USR007378,2024-10-29,Power,Maharashtra,35-44,668
USR007379,2023-04-24,Frequent,Uttar Pradesh,18-24,1222
USR007380,2025-01-15,Frequent,West Bengal,35-44,590
USR007381,2025-03-29,Occasional,Haryana,45-59,517
USR007382,2023-02-25,Frequent,Maharashtra,45-59,1280
USR007383,2024-04-18,Frequent,Delhi,25-34,862
USR007384,2023-10-30,Occasional,Delhi,25-34,1033
USR007385,2025-03-01,Occasional,Gujarat,25-34,545
USR007386,2023-06-10,Frequent,Telangana,25-34,1175
USR007387,2023-05-19,Frequent,Gujarat,18-24,1197
USR007388,2026-02-02,Power,West Bengal,18-24,207
USR007389,2024-10-08,Frequent,Haryana,35-44,689
USR007390,2026-02-06,Frequent,Maharashtra,60+,203
USR007391,2025-10-22,Occasional,West Bengal,25-34,310
USR007392,2024-10-07,Frequent,Rajasthan,35-44,690
USR007393,2025-01-16,Occasional,Telangana,25-34,589
USR007394,2025-09-04,New,Rajasthan,18-24,358
USR007395,2025-01-29,New,West Bengal,35-44,576
USR007396,2023-02-19,Occasional,Tamil Nadu,35-44,1286
USR007397,2025-04-17,Frequent,West Bengal,18-24,498
USR007398,2023-09-21,Frequent,Gujarat,25-34,1072
USR007399,2024-05-11,Frequent,Maharashtra,35-44,839
USR007400,2024-01-11,Frequent,Rajasthan,45-59,960
USR007401,2024-04-04,Occasional,Rajasthan,35-44,876
USR007402,2023-08-17,Occasional,Haryana,18-24,1107
USR007403,2023-06-22,Occasional,Karnataka,25-34,1163
USR007404,2023-01-06,Power,Telangana,25-34,1330
USR007405,2026-03-05,New,Rajasthan,25-34,176
USR007406,2024-03-17,New,Rajasthan,18-24,894
USR007407,2025-10-24,Occasional,Telangana,35-44,308
USR007408,2025-11-22,Power,Telangana,25-34,279
USR007409,2024-02-12,Frequent,Telangana,25-34,928
USR007410,2025-04-27,New,Telangana,25-34,488
USR007411,2025-01-30,Power,Gujarat,25-34,575
USR007412,2025-07-08,Frequent,Gujarat,18-24,416
USR007413,2023-01-07,Occasional,West Bengal,25-34,1329
USR007414,2023-09-25,Occasional,Maharashtra,18-24,1068
USR007415,2024-01-02,Occasional,Rajasthan,25-34,969
USR007416,2025-10-25,Frequent,Maharashtra,25-34,307
USR007417,2024-10-17,Power,Rajasthan,25-34,680
USR007418,2024-03-08,Occasional,Rajasthan,18-24,903
USR007419,2025-01-06,Frequent,Delhi,18-24,599
USR007420,2023-02-13,Occasional,Karnataka,18-24,1292
USR007421,2024-08-09,New,Maharashtra,35-44,749
USR007422,2024-09-12,Frequent,Karnataka,25-34,715
USR007423,2023-01-29,Frequent,Karnataka,25-34,1307
USR007424,2023-08-23,New,Gujarat,25-34,1101
USR007425,2025-06-13,New,Uttar Pradesh,18-24,441
USR007426,2024-07-18,Occasional,Gujarat,18-24,771
USR007427,2023-03-26,Power,Uttar Pradesh,25-34,1251
USR007428,2024-09-08,New,Rajasthan,25-34,719
USR007429,2023-09-24,Frequent,Maharashtra,25-34,1069
USR007430,2026-03-14,Frequent,Maharashtra,45-59,167
USR007431,2025-02-26,Occasional,Uttar Pradesh,25-34,548
USR007432,2024-11-11,Occasional,Gujarat,35-44,655
USR007433,2025-11-02,Power,Tamil Nadu,35-44,299
USR007434,2025-03-17,Occasional,Tamil Nadu,25-34,529
USR007435,2025-09-24,New,Delhi,25-34,338
USR007436,2024-10-28,Frequent,Karnataka,25-34,669
USR007437,2025-12-09,Frequent,Tamil Nadu,25-34,262
USR007438,2024-08-30,Power,Delhi,18-24,728
USR007439,2025-04-13,Occasional,Tamil Nadu,25-34,502
USR007440,2023-03-14,Frequent,Maharashtra,18-24,1263
USR007441,2024-03-09,Frequent,Rajasthan,18-24,902
USR007442,2026-01-31,Power,Rajasthan,35-44,209
USR007443,2025-05-04,Frequent,Delhi,35-44,481
USR007444,2023-08-02,Occasional,Haryana,25-34,1122
USR007445,2025-06-15,New,Haryana,25-34,439
USR007446,2025-07-06,Occasional,West Bengal,35-44,418
USR007447,2025-10-23,Power,Telangana,45-59,309
USR007448,2025-12-28,Power,Karnataka,18-24,243
USR007449,2023-02-06,Occasional,Rajasthan,18-24,1299
USR007450,2023-08-11,Frequent,Rajasthan,18-24,1113
USR007451,2023-04-22,New,Uttar Pradesh,25-34,1224
USR007452,2025-04-17,Occasional,Delhi,25-34,498
USR007453,2024-04-19,New,Gujarat,18-24,861
USR007454,2023-08-10,New,Telangana,25-34,1114
USR007455,2025-07-15,Occasional,Delhi,35-44,409
USR007456,2026-04-11,Occasional,West Bengal,35-44,139
USR007457,2026-04-11,Power,West Bengal,18-24,139
USR007458,2023-03-18,Frequent,Haryana,25-34,1259
USR007459,2025-07-13,New,Tamil Nadu,25-34,411
USR007460,2023-07-03,Frequent,West Bengal,18-24,1152
USR007461,2025-05-18,New,Uttar Pradesh,18-24,467
USR007462,2023-06-18,Occasional,Uttar Pradesh,25-34,1167
USR007463,2025-05-04,Occasional,Uttar Pradesh,18-24,481
USR007464,2023-08-03,Occasional,Telangana,18-24,1121
USR007465,2024-12-07,Frequent,Rajasthan,35-44,629
USR007466,2023-10-21,Frequent,Telangana,35-44,1042
USR007467,2024-08-08,Frequent,Gujarat,18-24,750
USR007468,2026-03-20,Frequent,Karnataka,35-44,161
USR007469,2025-08-06,Frequent,Uttar Pradesh,25-34,387
USR007470,2025-09-20,Power,Delhi,18-24,342
USR007471,2024-01-23,Power,Tamil Nadu,25-34,948
USR007472,2025-03-14,Power,Delhi,25-34,532
USR007473,2023-12-22,Power,Telangana,18-24,980
USR007474,2025-09-22,Occasional,Karnataka,25-34,340
USR007475,2024-06-19,Power,Uttar Pradesh,18-24,800
USR007476,2023-12-15,Occasional,Karnataka,18-24,987
USR007477,2024-01-27,Occasional,Gujarat,25-34,944
USR007478,2025-02-28,New,Tamil Nadu,18-24,546
USR007479,2025-05-31,Frequent,Karnataka,18-24,454
USR007480,2024-06-07,Power,Gujarat,25-34,812
USR007481,2023-01-19,Frequent,Gujarat,18-24,1317
USR007482,2023-09-29,Power,Gujarat,35-44,1064
USR007483,2025-09-12,Occasional,Gujarat,25-34,350
USR007484,2026-01-13,Frequent,Maharashtra,25-34,227
USR007485,2024-07-14,Frequent,Rajasthan,45-59,775
USR007486,2023-01-28,Occasional,West Bengal,18-24,1308
USR007487,2025-03-12,Occasional,Uttar Pradesh,18-24,534
USR007488,2024-01-13,Frequent,Tamil Nadu,25-34,958
USR007489,2023-08-04,Frequent,Tamil Nadu,18-24,1120
USR007490,2025-08-20,Occasional,Tamil Nadu,18-24,373
USR007491,2025-04-18,New,West Bengal,45-59,497
USR007492,2025-05-29,Occasional,Telangana,45-59,456
USR007493,2024-11-18,Power,Rajasthan,35-44,648
USR007494,2026-04-04,Frequent,Uttar Pradesh,35-44,146
USR007495,2026-01-05,Power,West Bengal,35-44,235
USR007496,2026-04-10,Frequent,Haryana,18-24,140
USR007497,2024-02-02,Frequent,Tamil Nadu,25-34,938
USR007498,2024-12-10,Frequent,West Bengal,18-24,626
USR007499,2025-04-05,Occasional,Uttar Pradesh,35-44,510
USR007500,2023-01-10,Power,Gujarat,18-24,1326
USR007501,2025-05-15,Power,Rajasthan,18-24,470
USR007502,2024-01-18,New,Karnataka,25-34,953
USR007503,2024-02-27,Power,West Bengal,25-34,913
USR007504,2023-01-31,Occasional,Uttar Pradesh,18-24,1305
USR007505,2024-02-29,Frequent,Rajasthan,18-24,911
USR007506,2024-02-13,New,Gujarat,35-44,927
USR007507,2023-07-16,Frequent,Karnataka,25-34,1139
USR007508,2024-07-26,Frequent,Maharashtra,18-24,763
USR007509,2025-05-17,New,Maharashtra,35-44,468
USR007510,2024-03-30,Frequent,Haryana,25-34,881
USR007511,2025-01-18,Power,Karnataka,18-24,587
USR007512,2024-07-19,Frequent,Tamil Nadu,25-34,770
USR007513,2026-01-19,Power,Gujarat,25-34,221
USR007514,2024-06-16,Power,Gujarat,25-34,803
USR007515,2023-06-22,New,Telangana,35-44,1163
USR007516,2023-01-26,Frequent,Delhi,18-24,1310
USR007517,2025-02-17,Occasional,Uttar Pradesh,25-34,557
USR007518,2023-10-17,Occasional,Delhi,35-44,1046
USR007519,2024-09-28,Power,West Bengal,25-34,699
USR007520,2023-09-27,New,Gujarat,18-24,1066
USR007521,2026-01-31,Power,Delhi,35-44,209
USR007522,2025-05-22,Power,Karnataka,45-59,463
USR007523,2024-05-16,Occasional,Telangana,18-24,834
USR007524,2023-05-04,Frequent,Maharashtra,18-24,1212
USR007525,2025-09-10,Power,Haryana,25-34,352
USR007526,2023-02-06,Occasional,Haryana,45-59,1299
USR007527,2023-05-12,New,Haryana,25-34,1204
USR007528,2024-12-25,Occasional,Telangana,25-34,611
USR007529,2025-05-06,Power,Maharashtra,60+,479
USR007530,2024-03-15,Occasional,Karnataka,35-44,896
USR007531,2026-02-15,Power,Delhi,18-24,194
USR007532,2023-03-27,Occasional,Tamil Nadu,25-34,1250
USR007533,2024-02-06,New,West Bengal,18-24,934
USR007534,2024-07-28,Frequent,Haryana,18-24,761
USR007535,2023-01-21,Frequent,Delhi,18-24,1315
USR007536,2023-04-17,Occasional,Telangana,18-24,1229
USR007537,2023-03-23,Frequent,Delhi,60+,1254
USR007538,2024-08-05,Frequent,Rajasthan,35-44,753
USR007539,2025-07-08,Frequent,Rajasthan,35-44,416
USR007540,2023-12-18,New,Delhi,25-34,984
USR007541,2025-12-27,New,Gujarat,45-59,244
USR007542,2023-11-09,Frequent,Tamil Nadu,18-24,1023
USR007543,2026-03-23,Frequent,Delhi,45-59,158
USR007544,2024-11-02,Occasional,Karnataka,18-24,664
USR007545,2024-05-24,Frequent,Uttar Pradesh,25-34,826
USR007546,2025-01-23,Occasional,Karnataka,25-34,582
USR007547,2025-04-02,Frequent,Gujarat,25-34,513
USR007548,2025-07-19,Frequent,Maharashtra,25-34,405
USR007549,2026-03-21,Occasional,Uttar Pradesh,35-44,160
USR007550,2024-03-19,Occasional,Haryana,35-44,892
USR007551,2024-05-10,Frequent,Gujarat,25-34,840
USR007552,2025-01-18,Frequent,Uttar Pradesh,35-44,587
USR007553,2024-11-19,Frequent,Rajasthan,25-34,647
USR007554,2023-03-21,New,West Bengal,35-44,1256
USR007555,2023-03-06,Frequent,Maharashtra,35-44,1271
USR007556,2023-08-25,Occasional,Delhi,18-24,1099
USR007557,2023-06-09,Frequent,Gujarat,60+,1176
USR007558,2025-10-21,New,Tamil Nadu,18-24,311
USR007559,2023-08-14,Power,Gujarat,25-34,1110
USR007560,2026-04-04,Occasional,Maharashtra,18-24,146
USR007561,2023-06-20,Occasional,Maharashtra,18-24,1165
USR007562,2024-02-14,Power,Tamil Nadu,25-34,926
USR007563,2023-01-15,Power,Telangana,18-24,1321
USR007564,2023-12-23,Power,Telangana,18-24,979
USR007565,2026-03-07,Occasional,Telangana,35-44,174
USR007566,2023-09-25,Frequent,Telangana,35-44,1068
USR007567,2024-04-09,Occasional,Telangana,18-24,871
USR007568,2023-04-18,Power,Delhi,18-24,1228
USR007569,2023-01-16,New,Karnataka,25-34,1320
USR007570,2023-09-05,Frequent,Haryana,18-24,1088
USR007571,2025-08-10,Power,Uttar Pradesh,18-24,383
USR007572,2023-08-14,Frequent,Haryana,25-34,1110
USR007573,2026-02-08,New,Maharashtra,18-24,201
USR007574,2024-11-12,Occasional,West Bengal,35-44,654
USR007575,2024-04-21,Frequent,Delhi,35-44,859
USR007576,2024-04-07,Occasional,Gujarat,18-24,873
USR007577,2025-06-04,Occasional,Delhi,18-24,450
USR007578,2024-05-06,Frequent,Maharashtra,18-24,844
USR007579,2024-01-16,Power,Rajasthan,35-44,955
USR007580,2025-02-09,Frequent,Karnataka,18-24,565
USR007581,2025-04-28,Occasional,Telangana,18-24,487
USR007582,2024-08-26,Frequent,Tamil Nadu,25-34,732
USR007583,2025-07-01,Occasional,Uttar Pradesh,18-24,423
USR007584,2024-09-08,Frequent,Gujarat,25-34,719
USR007585,2025-10-17,Occasional,Delhi,18-24,315
USR007586,2025-10-12,Power,Haryana,45-59,320
USR007587,2025-10-07,Frequent,Gujarat,18-24,325
USR007588,2023-09-07,Occasional,West Bengal,45-59,1086
USR007589,2025-12-06,Frequent,Rajasthan,25-34,265
USR007590,2023-08-25,Occasional,Rajasthan,35-44,1099
USR007591,2023-07-22,Frequent,Karnataka,25-34,1133
USR007592,2023-08-21,New,Uttar Pradesh,18-24,1103
USR007593,2024-06-22,New,Uttar Pradesh,35-44,797
USR007594,2025-10-22,Occasional,Gujarat,45-59,310
USR007595,2025-05-02,Occasional,Karnataka,45-59,483
USR007596,2024-02-22,Occasional,West Bengal,45-59,918
USR007597,2024-06-24,New,Maharashtra,25-34,795
USR007598,2025-04-03,Frequent,Uttar Pradesh,45-59,512
USR007599,2024-10-12,Frequent,Rajasthan,25-34,685
USR007600,2023-01-11,Occasional,Maharashtra,45-59,1325
USR007601,2023-07-05,Power,Telangana,45-59,1150
USR007602,2023-07-02,Frequent,Telangana,18-24,1153
USR007603,2023-03-17,New,Delhi,25-34,1260
USR007604,2025-12-26,Occasional,Karnataka,25-34,245
USR007605,2025-12-05,Frequent,Karnataka,25-34,266
USR007606,2023-03-02,Power,Gujarat,25-34,1275
USR007607,2025-02-18,Occasional,Telangana,18-24,556
USR007608,2023-03-04,New,Karnataka,25-34,1273
USR007609,2024-10-11,Occasional,Delhi,35-44,686
USR007610,2023-04-28,Frequent,West Bengal,25-34,1218
USR007611,2023-11-01,Power,Karnataka,18-24,1031
USR007612,2024-07-27,Occasional,Delhi,25-34,762
USR007613,2023-05-23,Power,Uttar Pradesh,35-44,1193
USR007614,2025-08-26,Occasional,Uttar Pradesh,25-34,367
USR007615,2025-06-12,New,Rajasthan,18-24,442
USR007616,2024-04-13,Power,Maharashtra,25-34,867
USR007617,2024-08-24,New,Karnataka,35-44,734
USR007618,2025-05-15,Power,Uttar Pradesh,25-34,470
USR007619,2024-04-04,Frequent,Haryana,35-44,876
USR007620,2023-07-20,Frequent,Gujarat,25-34,1135
USR007621,2024-05-02,Occasional,Telangana,25-34,848
USR007622,2023-10-28,New,West Bengal,18-24,1035
USR007623,2024-06-10,Occasional,Tamil Nadu,18-24,809
USR007624,2025-06-06,Frequent,Uttar Pradesh,25-34,448
USR007625,2024-10-06,New,Maharashtra,35-44,691
USR007626,2024-08-12,New,Tamil Nadu,25-34,746
USR007627,2023-08-02,Power,Uttar Pradesh,25-34,1122
USR007628,2024-05-10,Frequent,Maharashtra,45-59,840
USR007629,2026-01-17,Frequent,Maharashtra,25-34,223
USR007630,2026-01-01,Occasional,Gujarat,25-34,239
USR007631,2025-02-08,New,Rajasthan,35-44,566
USR007632,2025-12-15,Occasional,Maharashtra,18-24,256
USR007633,2024-10-22,Frequent,Uttar Pradesh,25-34,675
USR007634,2025-09-27,Occasional,West Bengal,18-24,335
USR007635,2024-07-01,Frequent,Gujarat,60+,788
USR007636,2025-08-18,Occasional,Haryana,25-34,375
USR007637,2023-07-12,Frequent,Rajasthan,35-44,1143
USR007638,2023-11-16,Power,Gujarat,35-44,1016
USR007639,2023-06-06,Frequent,West Bengal,35-44,1179
USR007640,2024-10-16,New,Maharashtra,35-44,681
USR007641,2024-03-14,Frequent,Karnataka,45-59,897
USR007642,2023-08-25,Frequent,Haryana,25-34,1099
USR007643,2026-03-18,Frequent,Uttar Pradesh,25-34,163
USR007644,2025-01-04,Occasional,Maharashtra,25-34,601
USR007645,2024-12-26,New,Gujarat,25-34,610
USR007646,2026-03-14,Occasional,Karnataka,25-34,167
USR007647,2025-07-04,Frequent,Telangana,25-34,420
USR007648,2023-04-12,Occasional,Tamil Nadu,35-44,1234
USR007649,2023-12-19,Occasional,Telangana,45-59,983
USR007650,2023-07-14,New,Gujarat,35-44,1141
USR007651,2023-03-14,Power,Telangana,18-24,1263
USR007652,2025-09-26,Frequent,Haryana,18-24,336
USR007653,2025-12-27,Power,Maharashtra,25-34,244
USR007654,2024-02-17,New,Karnataka,18-24,923
USR007655,2023-08-30,Frequent,Haryana,25-34,1094
USR007656,2023-10-13,Power,Delhi,35-44,1050
USR007657,2023-11-25,Occasional,Karnataka,18-24,1007
USR007658,2025-03-10,Frequent,Delhi,25-34,536
USR007659,2024-03-14,Frequent,Gujarat,45-59,897
USR007660,2025-05-28,New,Delhi,25-34,457
USR007661,2023-08-26,Power,Uttar Pradesh,18-24,1098
USR007662,2024-07-25,Frequent,West Bengal,25-34,764
USR007663,2025-10-09,Occasional,Tamil Nadu,25-34,323
USR007664,2025-10-04,Occasional,West Bengal,35-44,328
USR007665,2024-01-04,Power,Karnataka,25-34,967
USR007666,2024-09-25,Frequent,Maharashtra,25-34,702
USR007667,2024-01-15,New,Haryana,18-24,956
USR007668,2025-09-12,Occasional,Gujarat,25-34,350
USR007669,2025-07-21,New,Haryana,18-24,403
USR007670,2024-12-02,New,Gujarat,60+,634
USR007671,2023-10-06,Frequent,Gujarat,18-24,1057
USR007672,2023-01-05,Power,Haryana,25-34,1331
USR007673,2026-01-26,Frequent,Haryana,35-44,214
USR007674,2024-04-03,Occasional,Delhi,25-34,877
USR007675,2025-07-31,Frequent,West Bengal,18-24,393
USR007676,2025-12-02,Frequent,Karnataka,25-34,269
USR007677,2023-05-27,New,Delhi,18-24,1189
USR007678,2024-10-18,New,Karnataka,18-24,679
USR007679,2024-02-29,New,Maharashtra,25-34,911
USR007680,2024-01-20,Occasional,Maharashtra,18-24,951
USR007681,2024-06-16,Occasional,Haryana,18-24,803
USR007682,2025-12-11,Power,Uttar Pradesh,35-44,260
USR007683,2023-08-01,Occasional,Delhi,35-44,1123
USR007684,2023-09-16,Occasional,Delhi,45-59,1077
USR007685,2026-02-16,Frequent,Tamil Nadu,25-34,193
USR007686,2024-10-20,Power,West Bengal,18-24,677
USR007687,2026-03-24,Occasional,Haryana,35-44,157
USR007688,2023-08-03,Occasional,Maharashtra,60+,1121
USR007689,2024-12-24,Frequent,West Bengal,45-59,612
USR007690,2024-02-25,Frequent,Delhi,18-24,915
USR007691,2023-08-17,Occasional,Rajasthan,18-24,1107
USR007692,2025-02-08,Frequent,Rajasthan,18-24,566
USR007693,2024-03-04,Occasional,Gujarat,18-24,907
USR007694,2024-04-19,New,West Bengal,35-44,861
USR007695,2024-09-09,Occasional,Haryana,25-34,718
USR007696,2024-05-19,Frequent,Tamil Nadu,25-34,831
USR007697,2024-07-23,Power,West Bengal,45-59,766
USR007698,2024-04-18,Frequent,Karnataka,18-24,862
USR007699,2024-03-03,Occasional,Uttar Pradesh,25-34,908
USR007700,2025-03-21,Occasional,Gujarat,25-34,525
USR007701,2023-03-05,Occasional,West Bengal,45-59,1272
USR007702,2023-02-01,New,Tamil Nadu,45-59,1304
USR007703,2024-10-21,Frequent,Rajasthan,25-34,676
USR007704,2024-02-23,Power,Rajasthan,35-44,917
USR007705,2023-09-12,Frequent,Maharashtra,25-34,1081
USR007706,2024-01-02,Frequent,Tamil Nadu,25-34,969
USR007707,2024-10-21,New,Delhi,35-44,676
USR007708,2025-12-31,Occasional,West Bengal,25-34,240
USR007709,2026-02-07,Frequent,Gujarat,25-34,202
USR007710,2024-12-26,Occasional,Karnataka,60+,610
USR007711,2025-05-22,Frequent,Karnataka,25-34,463
USR007712,2024-04-25,Occasional,Maharashtra,25-34,855
USR007713,2023-02-03,Occasional,Telangana,25-34,1302
USR007714,2025-10-07,New,Telangana,18-24,325
USR007715,2024-04-22,New,Haryana,35-44,858
USR007716,2023-05-22,Frequent,Karnataka,60+,1194
USR007717,2024-11-11,Occasional,Tamil Nadu,18-24,655
USR007718,2024-05-16,Frequent,Karnataka,35-44,834
USR007719,2024-06-07,Frequent,Tamil Nadu,25-34,812
USR007720,2023-06-08,Power,Maharashtra,35-44,1177
USR007721,2024-03-16,Frequent,Tamil Nadu,18-24,895
USR007722,2023-07-19,Power,Haryana,18-24,1136
USR007723,2023-04-15,Power,Uttar Pradesh,60+,1231
USR007724,2025-01-29,Frequent,Maharashtra,25-34,576
USR007725,2023-07-17,Occasional,Uttar Pradesh,25-34,1138
USR007726,2024-09-03,New,Telangana,25-34,724
USR007727,2025-09-06,Occasional,Gujarat,35-44,356
USR007728,2024-10-19,New,Telangana,45-59,678
USR007729,2023-10-03,Frequent,Haryana,18-24,1060
USR007730,2024-03-24,Occasional,West Bengal,25-34,887
USR007731,2023-09-03,New,West Bengal,60+,1090
USR007732,2023-03-12,Frequent,West Bengal,25-34,1265
USR007733,2023-02-16,Power,Gujarat,25-34,1289
USR007734,2024-10-19,New,Rajasthan,18-24,678
USR007735,2025-04-28,Frequent,Uttar Pradesh,18-24,487
USR007736,2025-06-10,Occasional,West Bengal,60+,444
USR007737,2026-01-08,Frequent,West Bengal,18-24,232
USR007738,2024-01-15,New,Gujarat,18-24,956
USR007739,2025-01-10,Power,Gujarat,45-59,595
USR007740,2024-10-29,Occasional,Uttar Pradesh,18-24,668
USR007741,2023-12-23,New,Telangana,25-34,979
USR007742,2024-10-09,Frequent,Haryana,25-34,688
USR007743,2023-03-14,Power,Maharashtra,18-24,1263
USR007744,2024-06-11,Power,Karnataka,25-34,808
USR007745,2023-03-10,Occasional,Rajasthan,18-24,1267
USR007746,2025-09-07,New,Karnataka,35-44,355
USR007747,2024-07-10,Power,Gujarat,25-34,779
USR007748,2024-06-11,New,Maharashtra,18-24,808
USR007749,2024-08-24,New,Uttar Pradesh,35-44,734
USR007750,2024-06-05,Power,Uttar Pradesh,25-34,814
USR007751,2025-02-27,Frequent,Tamil Nadu,18-24,547
USR007752,2026-01-01,Power,Gujarat,18-24,239
USR007753,2025-04-12,New,Rajasthan,25-34,503
USR007754,2023-10-18,Power,Telangana,25-34,1045
USR007755,2024-10-09,Occasional,Maharashtra,18-24,688
USR007756,2024-01-30,Frequent,West Bengal,25-34,941
USR007757,2023-06-12,New,Rajasthan,18-24,1173
USR007758,2023-08-07,Frequent,Telangana,25-34,1117
USR007759,2025-02-02,New,Karnataka,25-34,572
USR007760,2024-11-06,Frequent,Uttar Pradesh,18-24,660
USR007761,2024-11-23,Power,West Bengal,35-44,643
USR007762,2023-05-25,Frequent,Uttar Pradesh,18-24,1191
USR007763,2025-06-05,Frequent,West Bengal,45-59,449
USR007764,2025-09-18,Power,Telangana,35-44,344
USR007765,2023-07-27,Frequent,Tamil Nadu,35-44,1128
USR007766,2023-11-17,Frequent,Karnataka,25-34,1015
USR007767,2025-04-03,Frequent,Delhi,25-34,512
USR007768,2025-02-08,New,Rajasthan,18-24,566
USR007769,2024-08-22,Occasional,Haryana,25-34,736
USR007770,2025-01-18,Frequent,Rajasthan,25-34,587
USR007771,2024-01-04,Occasional,Uttar Pradesh,18-24,967
USR007772,2026-01-15,Occasional,Rajasthan,45-59,225
USR007773,2023-05-18,Power,Tamil Nadu,35-44,1198
USR007774,2023-09-18,Occasional,Uttar Pradesh,35-44,1075
USR007775,2023-11-18,Frequent,West Bengal,35-44,1014
USR007776,2024-10-26,Power,Karnataka,35-44,671
USR007777,2024-06-29,Power,Uttar Pradesh,60+,790
USR007778,2026-03-24,Power,Maharashtra,45-59,157
USR007779,2026-03-22,Frequent,Telangana,25-34,159
USR007780,2026-01-19,Occasional,Telangana,18-24,221
USR007781,2026-04-02,Occasional,Uttar Pradesh,25-34,148
USR007782,2025-10-27,Frequent,Maharashtra,25-34,305
USR007783,2025-09-03,Frequent,West Bengal,25-34,359
USR007784,2025-09-04,Occasional,Uttar Pradesh,35-44,358
USR007785,2025-08-20,Power,West Bengal,25-34,373
USR007786,2024-10-20,Occasional,Delhi,25-34,677
USR007787,2026-02-26,New,Rajasthan,25-34,183
USR007788,2025-05-17,New,Rajasthan,25-34,468
USR007789,2024-09-19,Occasional,West Bengal,25-34,708
USR007790,2025-03-30,Frequent,Haryana,18-24,516
USR007791,2023-09-04,Frequent,Gujarat,18-24,1089
USR007792,2024-06-02,New,Haryana,25-34,817
USR007793,2024-03-07,New,Telangana,35-44,904
USR007794,2025-10-13,Power,Maharashtra,25-34,319
USR007795,2024-12-28,Occasional,West Bengal,25-34,608
USR007796,2023-08-28,New,Gujarat,35-44,1096
USR007797,2025-06-12,Frequent,Tamil Nadu,35-44,442
USR007798,2025-05-01,Frequent,Uttar Pradesh,35-44,484
USR007799,2025-07-01,Frequent,West Bengal,45-59,423
USR007800,2023-08-16,Occasional,Gujarat,35-44,1108
USR007801,2025-08-16,Power,Maharashtra,18-24,377
USR007802,2025-01-17,Power,Maharashtra,25-34,588
USR007803,2025-01-07,Occasional,Uttar Pradesh,18-24,598
USR007804,2024-07-31,New,Haryana,25-34,758
USR007805,2026-01-07,Occasional,Gujarat,18-24,233
USR007806,2025-03-08,Power,Tamil Nadu,25-34,538
USR007807,2024-07-01,Power,Rajasthan,18-24,788
USR007808,2024-11-20,Frequent,West Bengal,25-34,646
USR007809,2025-04-19,Occasional,Gujarat,25-34,496
USR007810,2024-01-12,New,Gujarat,18-24,959
USR007811,2026-03-03,Power,Tamil Nadu,35-44,178
USR007812,2025-07-09,Occasional,West Bengal,18-24,415
USR007813,2023-10-20,Frequent,Haryana,25-34,1043
USR007814,2025-11-05,Power,West Bengal,18-24,296
USR007815,2026-02-11,Frequent,Uttar Pradesh,35-44,198
USR007816,2023-11-19,Frequent,Telangana,35-44,1013
USR007817,2023-02-16,Occasional,Telangana,35-44,1289
USR007818,2026-01-11,New,Delhi,35-44,229
USR007819,2025-06-10,Frequent,Uttar Pradesh,18-24,444
USR007820,2023-12-20,Frequent,Haryana,45-59,982
USR007821,2024-08-07,Occasional,Gujarat,18-24,751
USR007822,2025-09-14,Frequent,Telangana,35-44,348
USR007823,2025-06-04,Occasional,West Bengal,25-34,450
USR007824,2025-08-14,Frequent,Uttar Pradesh,18-24,379
USR007825,2025-10-02,New,Uttar Pradesh,25-34,330
USR007826,2023-05-13,Frequent,Telangana,18-24,1203
USR007827,2025-05-27,Frequent,Maharashtra,35-44,458
USR007828,2025-08-22,Power,Gujarat,25-34,371
USR007829,2024-12-06,New,Telangana,25-34,630
USR007830,2024-12-15,Occasional,West Bengal,25-34,621
USR007831,2025-09-10,Frequent,Delhi,18-24,352
USR007832,2025-09-06,Frequent,Maharashtra,25-34,356
USR007833,2024-02-07,Occasional,Uttar Pradesh,35-44,933
USR007834,2026-04-01,New,Tamil Nadu,45-59,149
USR007835,2025-09-10,Occasional,Delhi,35-44,352
USR007836,2025-06-04,Frequent,Delhi,35-44,450
USR007837,2024-07-24,Frequent,Karnataka,25-34,765
USR007838,2023-07-04,Frequent,Haryana,25-34,1151
USR007839,2023-08-30,New,Delhi,25-34,1094
USR007840,2024-09-07,Occasional,Uttar Pradesh,18-24,720
USR007841,2023-05-20,Power,Rajasthan,18-24,1196
USR007842,2025-08-04,Power,Karnataka,18-24,389
USR007843,2025-01-01,Frequent,Karnataka,60+,604
USR007844,2023-10-25,New,Tamil Nadu,35-44,1038
USR007845,2026-02-26,Power,Maharashtra,60+,183
USR007846,2025-02-27,Power,Telangana,25-34,547
USR007847,2024-06-03,Occasional,Haryana,45-59,816
USR007848,2024-08-17,Power,Rajasthan,25-34,741
USR007849,2025-09-13,Occasional,Uttar Pradesh,45-59,349
USR007850,2025-12-21,Frequent,Telangana,18-24,250
USR007851,2025-09-08,Occasional,Rajasthan,25-34,354
USR007852,2024-10-26,New,Tamil Nadu,18-24,671
USR007853,2024-01-03,Power,West Bengal,35-44,968
USR007854,2023-06-12,Power,Haryana,18-24,1173
USR007855,2023-06-02,Occasional,Gujarat,18-24,1183
USR007856,2024-11-06,Occasional,Delhi,25-34,660
USR007857,2023-10-26,Occasional,Uttar Pradesh,25-34,1037
USR007858,2025-11-12,Occasional,West Bengal,18-24,289
USR007859,2026-02-17,Frequent,West Bengal,25-34,192
USR007860,2024-05-07,Frequent,Rajasthan,25-34,843
USR007861,2024-07-03,Power,Karnataka,35-44,786
USR007862,2025-12-14,Power,West Bengal,18-24,257
USR007863,2025-09-25,Frequent,West Bengal,35-44,337
USR007864,2025-02-24,Power,Karnataka,18-24,550
USR007865,2023-02-06,Occasional,Delhi,25-34,1299
USR007866,2025-02-19,Occasional,Uttar Pradesh,18-24,555
USR007867,2024-10-10,Frequent,Karnataka,25-34,687
USR007868,2023-04-13,New,Uttar Pradesh,18-24,1233
USR007869,2023-06-08,Frequent,Maharashtra,25-34,1177
USR007870,2023-07-29,Frequent,Delhi,25-34,1126
USR007871,2024-07-27,Occasional,Tamil Nadu,25-34,762
USR007872,2024-01-04,Occasional,West Bengal,25-34,967
USR007873,2023-07-24,Occasional,Telangana,18-24,1131
USR007874,2025-01-02,Occasional,Karnataka,25-34,603
USR007875,2025-01-27,Occasional,Karnataka,25-34,578
USR007876,2023-03-04,Power,Gujarat,25-34,1273
USR007877,2025-01-26,Occasional,Tamil Nadu,45-59,579
USR007878,2023-07-07,Power,West Bengal,18-24,1148
USR007879,2023-04-05,Frequent,Karnataka,60+,1241
USR007880,2025-08-02,Occasional,Tamil Nadu,18-24,391
USR007881,2025-07-12,Occasional,Maharashtra,35-44,412
USR007882,2024-04-22,New,Karnataka,35-44,858
USR007883,2025-06-30,Occasional,Tamil Nadu,18-24,424
USR007884,2025-09-12,Power,Maharashtra,18-24,350
USR007885,2023-01-12,New,Uttar Pradesh,25-34,1324
USR007886,2025-04-27,Occasional,Rajasthan,25-34,488
USR007887,2023-11-20,Power,Delhi,45-59,1012
USR007888,2024-06-18,New,Maharashtra,25-34,801
USR007889,2024-03-03,Frequent,Gujarat,18-24,908
USR007890,2025-05-23,Power,Maharashtra,18-24,462
USR007891,2024-10-03,Power,Uttar Pradesh,18-24,694
USR007892,2026-01-16,Frequent,Uttar Pradesh,35-44,224
USR007893,2023-06-20,New,Rajasthan,35-44,1165
USR007894,2023-03-05,Power,Maharashtra,45-59,1272
USR007895,2024-11-25,New,Gujarat,35-44,641
USR007896,2023-05-24,Frequent,Haryana,45-59,1192
USR007897,2025-04-12,New,Delhi,25-34,503
USR007898,2024-01-26,Frequent,Uttar Pradesh,35-44,945
USR007899,2025-10-09,Power,Haryana,25-34,323
USR007900,2023-04-12,Power,Uttar Pradesh,45-59,1234
USR007901,2024-11-11,Occasional,Gujarat,25-34,655
USR007902,2023-01-17,Power,Delhi,18-24,1319
USR007903,2025-03-31,Power,Maharashtra,25-34,515
USR007904,2024-06-23,Frequent,Rajasthan,25-34,796
USR007905,2023-08-13,Frequent,West Bengal,25-34,1111
USR007906,2024-06-12,Power,Rajasthan,18-24,807
USR007907,2025-10-18,New,Karnataka,25-34,314
USR007908,2026-02-16,Power,Karnataka,25-34,193
USR007909,2025-01-25,Power,Maharashtra,45-59,580
USR007910,2026-03-08,Frequent,Gujarat,25-34,173
USR007911,2025-09-30,New,Delhi,25-34,332
USR007912,2026-01-28,Occasional,Gujarat,45-59,212
USR007913,2024-06-21,Occasional,Uttar Pradesh,18-24,798
USR007914,2024-09-04,Power,Uttar Pradesh,35-44,723
USR007915,2024-06-17,Frequent,Telangana,25-34,802
USR007916,2023-02-08,Frequent,Maharashtra,25-34,1297
USR007917,2023-03-31,New,Karnataka,18-24,1246
USR007918,2025-11-14,Frequent,Delhi,25-34,287
USR007919,2024-05-31,Power,West Bengal,18-24,819
USR007920,2023-10-20,Occasional,Telangana,35-44,1043
USR007921,2025-10-31,New,Delhi,35-44,301
USR007922,2023-01-12,Occasional,Telangana,25-34,1324
USR007923,2023-06-10,Occasional,Maharashtra,18-24,1175
USR007924,2025-12-31,New,Uttar Pradesh,18-24,240
USR007925,2025-01-07,Frequent,Delhi,25-34,598
USR007926,2024-04-07,Frequent,West Bengal,25-34,873
USR007927,2023-08-03,Frequent,Gujarat,18-24,1121
USR007928,2025-07-29,Frequent,Gujarat,18-24,395
USR007929,2025-10-09,Occasional,Karnataka,25-34,323
USR007930,2025-07-25,Occasional,Karnataka,35-44,399
USR007931,2026-01-04,Power,Maharashtra,45-59,236
USR007932,2025-08-27,Frequent,Delhi,25-34,366
USR007933,2025-01-23,Occasional,Telangana,18-24,582
USR007934,2025-05-26,Power,West Bengal,35-44,459
USR007935,2025-06-06,Occasional,Delhi,25-34,448
USR007936,2023-11-23,Frequent,Delhi,25-34,1009
USR007937,2024-04-21,Occasional,Karnataka,18-24,859
USR007938,2023-01-22,Power,Haryana,35-44,1314
USR007939,2023-08-15,Occasional,West Bengal,45-59,1109
USR007940,2025-01-14,Frequent,Rajasthan,18-24,591
USR007941,2025-05-15,Power,West Bengal,45-59,470
USR007942,2024-07-28,Frequent,Maharashtra,45-59,761
USR007943,2026-03-26,New,Maharashtra,25-34,155
USR007944,2026-04-11,Power,Uttar Pradesh,25-34,139
USR007945,2025-03-11,Frequent,Rajasthan,60+,535
USR007946,2026-01-09,New,Delhi,25-34,231
USR007947,2023-12-05,Occasional,Telangana,35-44,997
USR007948,2023-05-05,Frequent,Telangana,18-24,1211
USR007949,2023-01-30,Power,Rajasthan,18-24,1306
USR007950,2025-01-02,Frequent,Maharashtra,35-44,603
USR007951,2025-04-06,Power,Delhi,35-44,509
USR007952,2025-03-26,Frequent,West Bengal,18-24,520
USR007953,2025-01-31,Power,Haryana,25-34,574
USR007954,2023-08-05,Occasional,Telangana,25-34,1119
USR007955,2025-02-14,Frequent,Telangana,35-44,560
USR007956,2023-11-07,Power,Telangana,35-44,1025
USR007957,2024-12-12,Frequent,Telangana,45-59,624
USR007958,2024-01-30,Occasional,Maharashtra,18-24,941
USR007959,2025-01-06,Occasional,Telangana,25-34,599
USR007960,2024-01-21,Power,Maharashtra,25-34,950
USR007961,2023-12-31,Occasional,Uttar Pradesh,25-34,971
USR007962,2026-01-30,Power,Maharashtra,25-34,210
USR007963,2024-07-03,New,West Bengal,25-34,786
USR007964,2025-08-06,Power,Rajasthan,25-34,387
USR007965,2023-07-18,Power,Rajasthan,45-59,1137
USR007966,2024-08-11,Power,Maharashtra,60+,747
USR007967,2023-01-10,Occasional,Gujarat,25-34,1326
USR007968,2025-11-21,Occasional,Tamil Nadu,35-44,280
USR007969,2026-02-28,Occasional,Maharashtra,35-44,181
USR007970,2024-07-20,Occasional,Tamil Nadu,35-44,769
USR007971,2024-10-03,Power,Telangana,18-24,694
USR007972,2025-12-28,Frequent,West Bengal,45-59,243
USR007973,2025-02-25,Occasional,Tamil Nadu,25-34,549
USR007974,2023-01-11,Occasional,West Bengal,45-59,1325
USR007975,2023-04-15,Frequent,Gujarat,35-44,1231
USR007976,2024-05-11,New,West Bengal,18-24,839
USR007977,2025-09-27,Frequent,Haryana,18-24,335
USR007978,2025-07-21,Occasional,Gujarat,18-24,403
USR007979,2024-01-21,New,Maharashtra,25-34,950
USR007980,2023-04-13,Power,Karnataka,45-59,1233
USR007981,2026-01-22,Power,Gujarat,45-59,218
USR007982,2024-11-03,Occasional,Tamil Nadu,45-59,663
USR007983,2025-11-06,Frequent,Rajasthan,18-24,295
USR007984,2025-09-19,Occasional,Telangana,18-24,343
USR007985,2023-12-04,Frequent,Maharashtra,25-34,998
USR007986,2024-12-06,Occasional,Delhi,18-24,630
USR007987,2023-10-14,Power,Gujarat,18-24,1049
USR007988,2025-01-27,Power,Karnataka,18-24,578
USR007989,2023-11-18,Occasional,Karnataka,18-24,1014
USR007990,2025-06-15,Frequent,West Bengal,25-34,439
USR007991,2024-12-08,New,Gujarat,18-24,628
USR007992,2023-09-04,Power,Uttar Pradesh,18-24,1089
USR007993,2023-02-20,Occasional,Karnataka,35-44,1285
USR007994,2023-07-28,New,Maharashtra,25-34,1127
USR007995,2023-03-27,Power,Gujarat,18-24,1250
USR007996,2025-05-26,Frequent,Tamil Nadu,18-24,459
USR007997,2023-11-12,Frequent,Haryana,18-24,1020
USR007998,2025-02-22,Frequent,Haryana,18-24,552
USR007999,2024-04-08,Frequent,Haryana,18-24,872
USR008000,2026-03-07,Power,Gujarat,18-24,174
USR008001,2024-02-22,Frequent,Telangana,60+,918
USR008002,2025-01-21,Occasional,Telangana,35-44,584
USR008003,2025-06-17,New,Uttar Pradesh,35-44,437
USR008004,2023-09-10,Occasional,Tamil Nadu,25-34,1083
USR008005,2024-08-31,Frequent,Delhi,25-34,727
USR008006,2026-01-01,Power,Karnataka,25-34,239
USR008007,2025-05-31,Occasional,Uttar Pradesh,35-44,454
USR008008,2025-06-01,Occasional,Telangana,25-34,453
USR008009,2024-02-04,New,Uttar Pradesh,45-59,936
USR008010,2024-10-07,Frequent,Haryana,60+,690
USR008011,2024-07-27,Occasional,Telangana,25-34,762
USR008012,2023-08-29,Occasional,Rajasthan,25-34,1095
USR008013,2023-08-11,Power,Telangana,35-44,1113
USR008014,2023-08-09,Frequent,Haryana,25-34,1115
USR008015,2025-09-07,Power,Tamil Nadu,18-24,355
USR008016,2023-04-05,New,Maharashtra,18-24,1241
USR008017,2024-03-06,Occasional,Tamil Nadu,25-34,905
USR008018,2025-12-11,Frequent,Tamil Nadu,18-24,260
USR008019,2026-03-13,Occasional,Delhi,25-34,168
USR008020,2023-11-11,Frequent,Uttar Pradesh,18-24,1021
USR008021,2024-09-27,Occasional,Rajasthan,45-59,700
USR008022,2025-02-16,Occasional,Uttar Pradesh,25-34,558
USR008023,2025-10-20,Frequent,Telangana,18-24,312
USR008024,2023-11-25,Frequent,West Bengal,35-44,1007
USR008025,2025-05-07,Power,Tamil Nadu,25-34,478
USR008026,2023-03-01,Occasional,West Bengal,18-24,1276
USR008027,2023-04-29,Power,Rajasthan,60+,1217
USR008028,2023-10-29,Occasional,Maharashtra,25-34,1034
USR008029,2023-03-02,New,Haryana,25-34,1275
USR008030,2024-08-26,Frequent,Maharashtra,25-34,732
USR008031,2025-08-13,Occasional,Rajasthan,25-34,380
USR008032,2025-03-22,New,Maharashtra,25-34,524
USR008033,2025-04-27,Power,Telangana,25-34,488
USR008034,2023-12-23,Frequent,Karnataka,35-44,979
USR008035,2026-01-20,Power,Telangana,18-24,220
USR008036,2025-02-13,Frequent,Telangana,35-44,561
USR008037,2025-10-29,Frequent,Rajasthan,18-24,303
USR008038,2023-11-23,Frequent,Maharashtra,25-34,1009
USR008039,2023-12-01,Occasional,Rajasthan,25-34,1001
USR008040,2025-02-11,Occasional,Maharashtra,25-34,563
USR008041,2023-06-03,Frequent,Haryana,18-24,1182
USR008042,2024-08-07,New,Haryana,25-34,751
USR008043,2025-07-23,Power,West Bengal,18-24,401
USR008044,2023-09-10,New,Maharashtra,25-34,1083
USR008045,2024-06-25,Frequent,Maharashtra,25-34,794
USR008046,2024-12-09,Power,Uttar Pradesh,18-24,627
USR008047,2025-12-22,Power,Rajasthan,25-34,249
USR008048,2024-07-10,Power,Rajasthan,18-24,779
USR008049,2024-06-06,Occasional,Gujarat,25-34,813
USR008050,2025-07-26,Power,Delhi,25-34,398
USR008051,2024-01-10,New,Karnataka,25-34,961
USR008052,2025-10-29,Frequent,Telangana,35-44,303
USR008053,2025-04-29,Occasional,Gujarat,45-59,486
USR008054,2026-03-29,Frequent,Uttar Pradesh,18-24,152
USR008055,2023-02-19,Frequent,Rajasthan,18-24,1286
USR008056,2024-03-09,Occasional,Delhi,45-59,902
USR008057,2024-11-15,Frequent,Tamil Nadu,25-34,651
USR008058,2023-09-17,Occasional,Rajasthan,25-34,1076
USR008059,2023-02-17,Occasional,Karnataka,25-34,1288
USR008060,2024-10-17,Frequent,Karnataka,18-24,680
USR008061,2025-06-19,Occasional,Karnataka,18-24,435
USR008062,2023-12-09,Power,Karnataka,35-44,993
USR008063,2024-11-23,Occasional,Delhi,18-24,643
USR008064,2024-07-18,Power,Uttar Pradesh,18-24,771
USR008065,2023-08-16,Frequent,Rajasthan,18-24,1108
USR008066,2024-04-07,Frequent,Maharashtra,25-34,873
USR008067,2025-09-05,Occasional,Delhi,18-24,357
USR008068,2024-09-24,Power,West Bengal,25-34,703
USR008069,2025-04-01,Occasional,Maharashtra,35-44,514
USR008070,2024-11-11,Occasional,Uttar Pradesh,25-34,655
USR008071,2025-03-01,New,Haryana,25-34,545
USR008072,2025-09-21,Frequent,Gujarat,35-44,341
USR008073,2024-12-03,Frequent,Gujarat,45-59,633
USR008074,2024-09-07,New,Gujarat,25-34,720
USR008075,2025-05-14,Occasional,Delhi,25-34,471
USR008076,2026-03-18,Frequent,West Bengal,18-24,163
USR008077,2025-05-10,Frequent,Uttar Pradesh,18-24,475
USR008078,2023-02-18,New,Uttar Pradesh,18-24,1287
USR008079,2025-11-24,Occasional,Tamil Nadu,25-34,277
USR008080,2026-01-05,Frequent,Tamil Nadu,25-34,235
USR008081,2024-02-20,Power,Haryana,25-34,920
USR008082,2023-10-10,Occasional,Uttar Pradesh,25-34,1053
USR008083,2025-10-23,Frequent,Delhi,25-34,309
USR008084,2025-06-01,Power,Maharashtra,18-24,453
USR008085,2025-04-02,Occasional,Uttar Pradesh,25-34,513
USR008086,2023-04-17,Frequent,Uttar Pradesh,18-24,1229
USR008087,2023-06-12,Frequent,Haryana,18-24,1173
USR008088,2023-10-26,Frequent,Gujarat,18-24,1037
USR008089,2025-03-27,New,Karnataka,18-24,519
USR008090,2025-05-26,Occasional,Uttar Pradesh,35-44,459
USR008091,2023-03-16,Frequent,Telangana,18-24,1261
USR008092,2023-03-16,Frequent,Karnataka,18-24,1261
USR008093,2023-08-06,Occasional,Gujarat,35-44,1118
USR008094,2024-10-23,Occasional,Uttar Pradesh,45-59,674
USR008095,2024-05-24,New,Karnataka,25-34,826
USR008096,2025-11-28,Power,Telangana,18-24,273
USR008097,2025-10-02,Frequent,Delhi,35-44,330
USR008098,2023-01-09,Power,Gujarat,18-24,1327
USR008099,2023-09-25,Occasional,Rajasthan,25-34,1068
USR008100,2025-07-26,Frequent,Tamil Nadu,18-24,398
USR008101,2024-02-11,Occasional,Telangana,60+,929
USR008102,2025-02-03,Power,Telangana,25-34,571
USR008103,2023-08-06,New,West Bengal,18-24,1118
USR008104,2025-12-25,Frequent,Telangana,35-44,246
USR008105,2023-05-15,Power,West Bengal,18-24,1201
USR008106,2024-06-01,New,Delhi,25-34,818
USR008107,2023-02-15,Occasional,Delhi,18-24,1290
USR008108,2025-07-27,Power,Uttar Pradesh,18-24,397
USR008109,2026-03-24,Frequent,Telangana,25-34,157
USR008110,2025-06-01,Frequent,Gujarat,18-24,453
USR008111,2024-10-17,Power,Uttar Pradesh,25-34,680
USR008112,2025-10-01,Frequent,Uttar Pradesh,18-24,331
USR008113,2025-04-22,New,Rajasthan,25-34,493
USR008114,2026-03-19,Power,Tamil Nadu,35-44,162
USR008115,2026-01-30,Frequent,West Bengal,25-34,210
USR008116,2026-02-22,Frequent,Gujarat,25-34,187
USR008117,2024-01-19,New,Karnataka,25-34,952
USR008118,2024-10-23,Occasional,Rajasthan,35-44,674
USR008119,2023-12-04,Frequent,Maharashtra,35-44,998
USR008120,2023-07-22,Occasional,Uttar Pradesh,35-44,1133
USR008121,2023-02-11,Power,Tamil Nadu,25-34,1294
USR008122,2023-10-02,Frequent,West Bengal,25-34,1061
USR008123,2024-07-25,Occasional,Uttar Pradesh,18-24,764
USR008124,2023-10-25,Frequent,Uttar Pradesh,25-34,1038
USR008125,2025-07-24,Frequent,West Bengal,25-34,400
USR008126,2024-08-01,Power,Maharashtra,18-24,757
USR008127,2025-08-25,Power,Delhi,18-24,368
USR008128,2025-03-16,Frequent,Haryana,25-34,530
USR008129,2025-11-10,Occasional,Uttar Pradesh,18-24,291
USR008130,2023-01-21,Occasional,Karnataka,18-24,1315
USR008131,2026-03-18,Occasional,Uttar Pradesh,18-24,163
USR008132,2023-12-22,Frequent,Delhi,25-34,980
USR008133,2024-05-22,New,Uttar Pradesh,18-24,828
USR008134,2023-09-21,Frequent,Telangana,25-34,1072
USR008135,2024-12-15,Power,West Bengal,45-59,621
USR008136,2023-04-14,Power,Delhi,18-24,1232
USR008137,2023-05-27,New,Gujarat,25-34,1189
USR008138,2026-03-19,Frequent,Gujarat,35-44,162
USR008139,2025-12-18,Frequent,Tamil Nadu,18-24,253
USR008140,2024-12-19,Power,Gujarat,45-59,617
USR008141,2023-10-29,Power,Tamil Nadu,18-24,1034
USR008142,2024-06-27,Occasional,West Bengal,25-34,792
USR008143,2025-11-18,Frequent,Telangana,35-44,283
USR008144,2024-03-19,New,Tamil Nadu,25-34,892
USR008145,2024-08-21,Occasional,West Bengal,25-34,737
USR008146,2024-07-05,Power,Haryana,18-24,784
USR008147,2025-08-25,Occasional,Karnataka,18-24,368
USR008148,2023-12-01,New,Karnataka,35-44,1001
USR008149,2024-01-09,Occasional,Delhi,18-24,962
USR008150,2025-11-12,New,Uttar Pradesh,18-24,289
USR008151,2025-10-12,Power,Rajasthan,25-34,320
USR008152,2025-08-09,Frequent,West Bengal,18-24,384
USR008153,2023-04-30,Occasional,Maharashtra,25-34,1216
USR008154,2025-01-29,Power,Maharashtra,25-34,576
USR008155,2023-09-24,Occasional,Tamil Nadu,18-24,1069
USR008156,2025-04-08,Occasional,Uttar Pradesh,35-44,507
USR008157,2024-02-19,New,Gujarat,25-34,921
USR008158,2023-01-07,Power,West Bengal,25-34,1329
USR008159,2023-04-18,Occasional,West Bengal,18-24,1228
USR008160,2025-11-17,Frequent,Tamil Nadu,25-34,284
USR008161,2025-11-25,Frequent,Gujarat,18-24,276
USR008162,2024-01-26,Frequent,Haryana,25-34,945
USR008163,2024-02-04,Occasional,Karnataka,35-44,936
USR008164,2024-09-07,Occasional,Uttar Pradesh,18-24,720
USR008165,2026-04-15,Frequent,Tamil Nadu,60+,135
USR008166,2025-01-12,Frequent,Haryana,18-24,593
USR008167,2023-12-06,Occasional,Delhi,35-44,996
USR008168,2023-02-06,New,Gujarat,18-24,1299
USR008169,2026-03-28,Occasional,West Bengal,45-59,153
USR008170,2025-07-03,Power,Rajasthan,35-44,421
USR008171,2025-10-08,Power,Gujarat,25-34,324
USR008172,2024-04-03,Occasional,Tamil Nadu,18-24,877
USR008173,2025-07-02,Frequent,Tamil Nadu,18-24,422
USR008174,2024-03-12,Frequent,West Bengal,25-34,899
USR008175,2025-02-23,Power,Haryana,35-44,551
USR008176,2023-07-14,Power,Telangana,25-34,1141
USR008177,2023-04-14,New,Maharashtra,35-44,1232
USR008178,2023-03-30,Occasional,Rajasthan,25-34,1247
USR008179,2026-02-27,Occasional,Rajasthan,25-34,182
USR008180,2025-08-08,New,Maharashtra,25-34,385
USR008181,2023-09-14,Power,Tamil Nadu,25-34,1079
USR008182,2023-04-20,Power,Telangana,18-24,1226
USR008183,2023-01-06,Occasional,Tamil Nadu,45-59,1330
USR008184,2025-02-23,Power,Tamil Nadu,18-24,551
USR008185,2026-02-13,Frequent,Haryana,45-59,196
USR008186,2023-12-10,Frequent,West Bengal,18-24,992
USR008187,2025-02-27,Frequent,Delhi,25-34,547
USR008188,2025-11-21,Frequent,West Bengal,25-34,280
USR008189,2023-07-01,New,Gujarat,18-24,1154
USR008190,2024-06-16,Frequent,Tamil Nadu,25-34,803
USR008191,2023-10-02,Power,Maharashtra,25-34,1061
USR008192,2025-07-02,Frequent,Karnataka,25-34,422
USR008193,2024-09-05,Occasional,Haryana,18-24,722
USR008194,2023-08-24,Frequent,Haryana,25-34,1100
USR008195,2024-07-07,Occasional,Haryana,60+,782
USR008196,2025-02-26,Occasional,Uttar Pradesh,25-34,548
USR008197,2026-02-06,Occasional,Haryana,45-59,203
USR008198,2023-10-16,Frequent,West Bengal,45-59,1047
USR008199,2023-06-02,Power,West Bengal,35-44,1183
USR008200,2024-04-13,Frequent,Telangana,25-34,867
USR008201,2023-01-12,Frequent,Maharashtra,25-34,1324
USR008202,2023-08-13,Power,Delhi,25-34,1111
USR008203,2023-08-31,Frequent,Tamil Nadu,18-24,1093
USR008204,2025-12-24,Occasional,Delhi,60+,247
USR008205,2025-09-03,Occasional,Karnataka,18-24,359
USR008206,2025-02-03,Occasional,Karnataka,25-34,571
USR008207,2025-04-04,Frequent,Telangana,35-44,511
USR008208,2023-07-08,Frequent,Maharashtra,35-44,1147
USR008209,2024-04-25,Occasional,Maharashtra,35-44,855
USR008210,2023-01-03,Power,Telangana,25-34,1333
USR008211,2024-12-01,Frequent,Uttar Pradesh,25-34,635
USR008212,2025-05-08,Power,Telangana,25-34,477
USR008213,2025-07-26,Power,Delhi,25-34,398
USR008214,2025-09-03,Frequent,Uttar Pradesh,18-24,359
USR008215,2023-05-01,Occasional,Telangana,25-34,1215
USR008216,2023-02-13,Frequent,Delhi,18-24,1292
USR008217,2023-04-22,Frequent,Uttar Pradesh,45-59,1224
USR008218,2025-05-22,Frequent,Delhi,18-24,463
USR008219,2025-09-20,Frequent,Telangana,35-44,342
USR008220,2025-02-07,Power,Gujarat,18-24,567
USR008221,2025-08-05,Occasional,Maharashtra,25-34,388
USR008222,2024-08-29,Occasional,Haryana,18-24,729
USR008223,2025-10-02,Frequent,Karnataka,25-34,330
USR008224,2025-05-05,New,Tamil Nadu,18-24,480
USR008225,2026-03-24,Power,Telangana,18-24,157
USR008226,2023-04-26,Frequent,Maharashtra,25-34,1220
USR008227,2023-09-07,Occasional,Maharashtra,18-24,1086
USR008228,2025-07-30,New,Haryana,18-24,394
USR008229,2023-08-31,New,Haryana,25-34,1093
USR008230,2025-08-19,Occasional,Telangana,25-34,374
USR008231,2023-08-01,Frequent,Uttar Pradesh,25-34,1123
USR008232,2023-03-08,Frequent,Haryana,25-34,1269
USR008233,2023-04-10,Frequent,Uttar Pradesh,25-34,1236
USR008234,2023-05-22,Power,Delhi,25-34,1194
USR008235,2025-11-13,Occasional,Rajasthan,25-34,288
USR008236,2025-09-30,Frequent,Uttar Pradesh,35-44,332
USR008237,2025-07-15,Power,Rajasthan,25-34,409
USR008238,2025-10-30,Occasional,Tamil Nadu,25-34,302
USR008239,2025-04-05,Power,Telangana,25-34,510
USR008240,2025-06-01,Power,West Bengal,60+,453
USR008241,2025-10-25,Occasional,Tamil Nadu,18-24,307
USR008242,2023-03-15,Frequent,West Bengal,18-24,1262
USR008243,2024-10-26,Occasional,Gujarat,25-34,671
USR008244,2024-12-27,New,Tamil Nadu,35-44,609
USR008245,2024-03-18,Occasional,Delhi,35-44,893
USR008246,2023-06-29,New,Gujarat,25-34,1156
USR008247,2025-12-04,Power,Uttar Pradesh,18-24,267
USR008248,2023-11-23,Power,Delhi,45-59,1009
USR008249,2025-04-10,Occasional,Haryana,25-34,505
USR008250,2023-09-01,Frequent,West Bengal,18-24,1092
USR008251,2024-10-29,New,Uttar Pradesh,25-34,668
USR008252,2023-12-10,Frequent,Tamil Nadu,25-34,992
USR008253,2025-02-04,Power,Telangana,25-34,570
USR008254,2025-08-18,Power,Karnataka,35-44,375
USR008255,2023-08-30,Power,Haryana,18-24,1094
USR008256,2023-08-06,Frequent,Karnataka,35-44,1118
USR008257,2025-02-19,Power,Maharashtra,18-24,555
USR008258,2025-06-20,Frequent,Uttar Pradesh,25-34,434
USR008259,2024-09-17,Occasional,Uttar Pradesh,18-24,710
USR008260,2024-12-11,Frequent,Rajasthan,18-24,625
USR008261,2023-07-21,Frequent,Tamil Nadu,25-34,1134
USR008262,2023-11-15,Frequent,Haryana,45-59,1017
USR008263,2023-05-29,Frequent,Delhi,25-34,1187
USR008264,2025-12-31,Frequent,Maharashtra,25-34,240
USR008265,2025-05-22,Power,Maharashtra,25-34,463
USR008266,2025-12-06,New,Uttar Pradesh,25-34,265
USR008267,2023-06-15,Occasional,Telangana,35-44,1170
USR008268,2025-03-07,New,West Bengal,35-44,539
USR008269,2023-11-08,Power,Uttar Pradesh,18-24,1024
USR008270,2023-01-05,Occasional,West Bengal,18-24,1331
USR008271,2023-03-03,Occasional,Rajasthan,35-44,1274
USR008272,2024-12-06,Frequent,Uttar Pradesh,60+,630
USR008273,2023-01-24,Occasional,West Bengal,25-34,1312
USR008274,2024-10-22,Frequent,Delhi,18-24,675
USR008275,2023-01-14,New,Maharashtra,18-24,1322
USR008276,2025-01-18,New,Rajasthan,35-44,587
USR008277,2023-07-09,Occasional,Haryana,25-34,1146
USR008278,2025-06-10,Occasional,Delhi,25-34,444
USR008279,2024-09-14,Frequent,West Bengal,25-34,713
USR008280,2023-07-25,Frequent,Haryana,45-59,1130
USR008281,2024-12-10,Power,Tamil Nadu,18-24,626
USR008282,2025-01-13,New,Haryana,18-24,592
USR008283,2023-01-21,New,Telangana,18-24,1315
USR008284,2024-06-21,Power,Delhi,60+,798
USR008285,2025-06-26,Power,West Bengal,25-34,428
USR008286,2025-08-27,New,Gujarat,25-34,366
USR008287,2023-12-05,Occasional,Delhi,18-24,997
USR008288,2025-01-08,Frequent,Uttar Pradesh,18-24,597
USR008289,2024-07-23,Occasional,Delhi,18-24,766
USR008290,2025-12-06,Frequent,Karnataka,18-24,265
USR008291,2024-11-25,Frequent,Haryana,18-24,641
USR008292,2023-07-24,Frequent,Gujarat,35-44,1131
USR008293,2023-07-30,Occasional,Rajasthan,35-44,1125
USR008294,2025-01-12,Power,Tamil Nadu,18-24,593
USR008295,2024-02-24,Frequent,Maharashtra,25-34,916
USR008296,2024-03-17,Frequent,Tamil Nadu,18-24,894
USR008297,2024-10-16,Power,Gujarat,18-24,681
USR008298,2024-03-27,New,Tamil Nadu,18-24,884
USR008299,2023-10-24,New,Tamil Nadu,25-34,1039
USR008300,2025-09-15,Frequent,Telangana,25-34,347
USR008301,2025-06-14,Occasional,Maharashtra,25-34,440
USR008302,2024-04-01,Occasional,Maharashtra,25-34,879
USR008303,2024-06-14,Power,Gujarat,35-44,805
USR008304,2025-12-07,New,Uttar Pradesh,35-44,264
USR008305,2023-12-16,Frequent,Uttar Pradesh,18-24,986
USR008306,2026-01-13,Occasional,Telangana,18-24,227
USR008307,2024-12-12,Frequent,Delhi,25-34,624
USR008308,2025-07-14,New,Telangana,35-44,410
USR008309,2023-11-19,Frequent,Gujarat,35-44,1013
USR008310,2025-08-06,Frequent,Telangana,18-24,387
USR008311,2023-05-04,Occasional,Rajasthan,18-24,1212
USR008312,2023-10-06,Occasional,Tamil Nadu,45-59,1057
USR008313,2023-06-19,Power,West Bengal,25-34,1166
USR008314,2023-02-11,New,Gujarat,18-24,1294
USR008315,2023-10-05,Frequent,West Bengal,35-44,1058
USR008316,2024-03-16,Power,Karnataka,35-44,895
USR008317,2024-08-07,Power,West Bengal,25-34,751
USR008318,2024-11-22,Frequent,Rajasthan,25-34,644
USR008319,2025-05-13,Occasional,West Bengal,18-24,472
USR008320,2025-06-19,Power,Haryana,25-34,435
USR008321,2023-01-17,Frequent,Gujarat,18-24,1319
USR008322,2024-01-13,Frequent,Haryana,25-34,958
USR008323,2023-06-04,Frequent,Delhi,25-34,1181
USR008324,2024-04-01,Power,Haryana,25-34,879
USR008325,2024-11-07,Frequent,Gujarat,35-44,659
USR008326,2025-09-23,Frequent,Telangana,18-24,339
USR008327,2024-08-13,Occasional,Delhi,25-34,745
USR008328,2025-02-24,Occasional,Delhi,18-24,550
USR008329,2026-01-14,Power,Tamil Nadu,35-44,226
USR008330,2025-04-15,Power,Uttar Pradesh,35-44,500
USR008331,2023-09-27,Frequent,Telangana,18-24,1066
USR008332,2025-11-26,New,Karnataka,25-34,275
USR008333,2025-02-09,New,Telangana,25-34,565
USR008334,2024-02-19,Frequent,Uttar Pradesh,25-34,921
USR008335,2023-03-17,Power,Rajasthan,18-24,1260
USR008336,2023-11-08,Frequent,Karnataka,25-34,1024
USR008337,2026-04-07,Frequent,Telangana,18-24,143
USR008338,2024-01-15,Frequent,Gujarat,35-44,956
USR008339,2023-08-05,Frequent,Tamil Nadu,25-34,1119
USR008340,2024-01-26,Frequent,Gujarat,25-34,945
USR008341,2024-11-13,Frequent,Telangana,45-59,653
USR008342,2024-10-09,Frequent,Haryana,25-34,688
USR008343,2024-09-06,New,Tamil Nadu,25-34,721
USR008344,2026-01-25,Frequent,Haryana,25-34,215
USR008345,2023-01-04,Frequent,Rajasthan,45-59,1332
USR008346,2025-11-28,Power,Maharashtra,25-34,273
USR008347,2023-07-07,Power,Maharashtra,25-34,1148
USR008348,2024-08-01,Frequent,Delhi,45-59,757
USR008349,2024-02-23,Frequent,Maharashtra,18-24,917
USR008350,2025-04-27,Frequent,Rajasthan,25-34,488
USR008351,2026-02-17,Frequent,Uttar Pradesh,18-24,192
USR008352,2024-07-11,Occasional,West Bengal,18-24,778
USR008353,2023-08-20,Power,Delhi,25-34,1104
USR008354,2025-10-09,Power,Telangana,18-24,323
USR008355,2026-02-18,Frequent,Tamil Nadu,35-44,191
USR008356,2023-05-29,Frequent,Karnataka,25-34,1187
USR008357,2025-10-29,New,Uttar Pradesh,18-24,303
USR008358,2024-08-31,Frequent,Maharashtra,35-44,727
USR008359,2025-08-18,Frequent,West Bengal,25-34,375
USR008360,2025-02-08,Frequent,Uttar Pradesh,18-24,566
USR008361,2026-02-11,New,Maharashtra,18-24,198
USR008362,2025-12-12,Power,West Bengal,18-24,259
USR008363,2023-12-07,Frequent,Tamil Nadu,18-24,995
USR008364,2023-11-23,Power,Gujarat,25-34,1009
USR008365,2025-06-21,Occasional,Maharashtra,18-24,433
USR008366,2023-09-26,Frequent,Karnataka,18-24,1067
USR008367,2025-09-29,Frequent,West Bengal,35-44,333
USR008368,2023-02-04,Occasional,Tamil Nadu,35-44,1301
USR008369,2025-10-08,Power,Rajasthan,25-34,324
USR008370,2023-07-08,Power,Rajasthan,25-34,1147
USR008371,2023-12-08,New,Tamil Nadu,18-24,994
USR008372,2024-06-19,New,Gujarat,18-24,800
USR008373,2025-07-17,Occasional,Telangana,18-24,407
USR008374,2026-03-06,New,Haryana,25-34,175
USR008375,2023-07-18,Power,Maharashtra,60+,1137
USR008376,2023-05-23,Frequent,Delhi,35-44,1193
USR008377,2023-05-12,Occasional,Delhi,18-24,1204
USR008378,2026-01-17,Frequent,Karnataka,18-24,223
USR008379,2025-07-08,Power,Delhi,18-24,416
USR008380,2026-03-04,Frequent,Rajasthan,45-59,177
USR008381,2023-07-06,Power,Uttar Pradesh,18-24,1149
USR008382,2024-07-21,Occasional,Telangana,18-24,768
USR008383,2024-04-28,Power,Maharashtra,45-59,852
USR008384,2025-10-11,New,West Bengal,18-24,321
USR008385,2024-08-01,Occasional,Haryana,45-59,757
USR008386,2023-01-15,Occasional,Tamil Nadu,25-34,1321
USR008387,2024-12-19,Occasional,Tamil Nadu,25-34,617
USR008388,2023-08-18,Power,Delhi,25-34,1106
USR008389,2024-10-28,Power,Maharashtra,25-34,669
USR008390,2026-03-26,Occasional,Karnataka,25-34,155
USR008391,2023-03-14,Power,Gujarat,25-34,1263
USR008392,2024-11-23,New,Tamil Nadu,25-34,643
USR008393,2023-03-02,Frequent,West Bengal,18-24,1275
USR008394,2023-11-03,Occasional,Maharashtra,25-34,1029
USR008395,2023-07-11,Frequent,Tamil Nadu,25-34,1144
USR008396,2025-05-09,Occasional,Tamil Nadu,18-24,476
USR008397,2023-04-13,Occasional,Telangana,18-24,1233
USR008398,2025-11-25,Power,Gujarat,25-34,276
USR008399,2024-02-15,Occasional,Karnataka,25-34,925
USR008400,2025-10-29,New,Maharashtra,18-24,303
USR008401,2026-02-05,Occasional,Telangana,18-24,204
USR008402,2025-02-11,Frequent,Maharashtra,18-24,563
USR008403,2024-09-27,Occasional,Tamil Nadu,25-34,700
USR008404,2024-07-02,Occasional,Maharashtra,45-59,787
USR008405,2023-02-06,Occasional,Uttar Pradesh,35-44,1299
USR008406,2025-01-28,Power,Gujarat,25-34,577
USR008407,2024-08-17,Occasional,Uttar Pradesh,25-34,741
USR008408,2023-05-01,New,Karnataka,35-44,1215
USR008409,2023-02-13,New,Delhi,18-24,1292
USR008410,2025-02-07,Power,Karnataka,25-34,567
USR008411,2026-01-26,Power,Maharashtra,25-34,214
USR008412,2023-02-02,Power,Karnataka,35-44,1303
USR008413,2024-12-15,New,Gujarat,18-24,621
USR008414,2026-03-30,Power,Telangana,35-44,151
USR008415,2025-08-03,Frequent,Gujarat,35-44,390
USR008416,2024-07-28,Occasional,Telangana,25-34,761
USR008417,2023-10-25,Frequent,Rajasthan,25-34,1038
USR008418,2024-08-04,Power,Haryana,25-34,754
USR008419,2024-12-09,Occasional,Rajasthan,35-44,627
USR008420,2025-10-19,Frequent,Delhi,18-24,313
USR008421,2023-01-08,Occasional,Rajasthan,60+,1328
USR008422,2023-06-14,Power,Tamil Nadu,25-34,1171
USR008423,2024-11-26,Occasional,West Bengal,25-34,640
USR008424,2024-08-27,New,Uttar Pradesh,35-44,731
USR008425,2025-08-18,New,Haryana,45-59,375
USR008426,2024-08-28,Occasional,Karnataka,35-44,730
USR008427,2025-01-14,Frequent,Gujarat,18-24,591
USR008428,2026-02-20,Power,Maharashtra,18-24,189
USR008429,2023-02-07,Power,Haryana,25-34,1298
USR008430,2025-08-21,Occasional,Gujarat,25-34,372
USR008431,2024-06-04,New,West Bengal,25-34,815
USR008432,2024-06-04,Occasional,Karnataka,18-24,815
USR008433,2023-02-20,Frequent,Delhi,18-24,1285
USR008434,2023-04-27,Frequent,Karnataka,18-24,1219
USR008435,2025-05-31,Frequent,West Bengal,18-24,454
USR008436,2024-02-10,Occasional,West Bengal,18-24,930
USR008437,2025-10-04,New,Telangana,18-24,328
USR008438,2023-12-22,Occasional,Gujarat,25-34,980
USR008439,2024-02-19,Frequent,Karnataka,18-24,921
USR008440,2023-07-11,Frequent,Delhi,60+,1144
USR008441,2026-01-23,New,Haryana,25-34,217
USR008442,2023-05-22,Frequent,Uttar Pradesh,25-34,1194
USR008443,2023-07-17,Occasional,West Bengal,25-34,1138
USR008444,2024-12-19,Frequent,Uttar Pradesh,25-34,617
USR008445,2026-02-07,New,Tamil Nadu,25-34,202
USR008446,2024-03-08,Frequent,Haryana,35-44,903
USR008447,2023-07-31,New,Rajasthan,18-24,1124
USR008448,2026-04-13,Occasional,Gujarat,25-34,137
USR008449,2023-08-12,New,Maharashtra,35-44,1112
USR008450,2025-02-22,Occasional,Uttar Pradesh,35-44,552
USR008451,2025-09-09,Occasional,West Bengal,25-34,353
USR008452,2024-12-29,Occasional,Gujarat,45-59,607
USR008453,2026-02-10,Occasional,Gujarat,18-24,199
USR008454,2023-06-09,Frequent,Uttar Pradesh,18-24,1176
USR008455,2026-03-20,Frequent,Delhi,25-34,161
USR008456,2023-02-01,Power,Haryana,45-59,1304
USR008457,2025-11-19,Occasional,Maharashtra,18-24,282
USR008458,2024-12-06,Frequent,Karnataka,18-24,630
USR008459,2025-12-18,Frequent,Delhi,25-34,253
USR008460,2024-11-14,New,Tamil Nadu,18-24,652
USR008461,2026-01-14,Frequent,Gujarat,35-44,226
USR008462,2023-08-30,Frequent,Karnataka,35-44,1094
USR008463,2026-02-26,Frequent,Rajasthan,18-24,183
USR008464,2024-12-15,Occasional,Tamil Nadu,35-44,621
USR008465,2023-03-29,Power,Gujarat,18-24,1248
USR008466,2025-06-05,Frequent,Maharashtra,35-44,449
USR008467,2026-01-13,Occasional,Maharashtra,18-24,227
USR008468,2025-12-15,Occasional,Karnataka,35-44,256
USR008469,2025-08-30,Frequent,Telangana,25-34,363
USR008470,2023-05-14,Frequent,Karnataka,35-44,1202
USR008471,2024-11-03,New,West Bengal,45-59,663
USR008472,2026-03-31,Frequent,Haryana,25-34,150
USR008473,2025-09-20,Occasional,Uttar Pradesh,25-34,342
USR008474,2024-07-22,New,Telangana,25-34,767
USR008475,2023-08-27,Power,Tamil Nadu,25-34,1097
USR008476,2025-06-07,Frequent,Rajasthan,25-34,447
USR008477,2024-05-18,New,Gujarat,35-44,832
USR008478,2025-02-02,Occasional,Telangana,25-34,572
USR008479,2025-08-03,Frequent,Haryana,25-34,390
USR008480,2025-04-17,Occasional,West Bengal,18-24,498
USR008481,2024-06-25,Power,West Bengal,35-44,794
USR008482,2024-01-26,Frequent,Haryana,18-24,945
USR008483,2023-03-24,Occasional,Telangana,35-44,1253
USR008484,2023-08-12,Power,Uttar Pradesh,18-24,1112
USR008485,2024-04-23,Occasional,Maharashtra,45-59,857
USR008486,2025-03-24,Frequent,Tamil Nadu,18-24,522
USR008487,2026-03-28,Frequent,West Bengal,25-34,153
USR008488,2026-01-25,New,Telangana,18-24,215
USR008489,2024-12-26,Power,Karnataka,25-34,610
USR008490,2025-08-22,Frequent,Delhi,25-34,371
USR008491,2024-01-17,Power,Telangana,35-44,954
USR008492,2025-06-23,Occasional,Tamil Nadu,25-34,431
USR008493,2025-12-29,New,Tamil Nadu,45-59,242
USR008494,2025-12-12,Power,Tamil Nadu,18-24,259
USR008495,2024-01-21,Occasional,West Bengal,35-44,950
USR008496,2025-06-14,Frequent,Delhi,25-34,440
USR008497,2023-05-14,New,Uttar Pradesh,25-34,1202
USR008498,2023-12-16,New,Tamil Nadu,18-24,986
USR008499,2026-01-08,Frequent,Tamil Nadu,35-44,232
USR008500,2024-10-01,New,Gujarat,45-59,696
USR008501,2025-05-05,Power,West Bengal,45-59,480
USR008502,2024-02-02,New,Karnataka,35-44,938
USR008503,2025-11-14,Frequent,Haryana,18-24,287
USR008504,2025-04-04,Occasional,Maharashtra,18-24,511
USR008505,2025-12-06,Power,Uttar Pradesh,18-24,265
USR008506,2024-02-03,New,Uttar Pradesh,25-34,937
USR008507,2025-01-19,Frequent,Karnataka,25-34,586
USR008508,2025-06-06,New,Rajasthan,45-59,448
USR008509,2024-06-25,Power,Rajasthan,25-34,794
USR008510,2023-03-19,Frequent,Delhi,18-24,1258
USR008511,2025-04-03,Power,Delhi,25-34,512
USR008512,2023-12-16,Occasional,West Bengal,18-24,986
USR008513,2025-02-12,New,Rajasthan,25-34,562
USR008514,2025-06-07,Power,Karnataka,18-24,447
USR008515,2024-02-04,Frequent,Rajasthan,18-24,936
USR008516,2025-07-13,Power,Delhi,25-34,411
USR008517,2024-02-17,Frequent,Maharashtra,25-34,923
USR008518,2023-01-14,Frequent,Maharashtra,35-44,1322
USR008519,2025-12-10,Frequent,Tamil Nadu,18-24,261
USR008520,2023-08-18,Frequent,Telangana,18-24,1106
USR008521,2025-04-24,Occasional,Delhi,35-44,491
USR008522,2024-02-09,Frequent,Telangana,25-34,931
USR008523,2023-07-16,Occasional,Tamil Nadu,45-59,1139
USR008524,2025-08-30,Frequent,Delhi,25-34,363
USR008525,2026-02-17,New,Karnataka,25-34,192
USR008526,2024-03-01,Frequent,Delhi,25-34,910
USR008527,2025-10-28,Frequent,Maharashtra,45-59,304
USR008528,2023-06-30,Occasional,West Bengal,18-24,1155
USR008529,2023-04-16,Frequent,Tamil Nadu,25-34,1230
USR008530,2023-05-29,Power,West Bengal,35-44,1187
USR008531,2025-07-20,Occasional,Delhi,25-34,404
USR008532,2024-09-26,Frequent,Maharashtra,25-34,701
USR008533,2025-04-27,Power,Uttar Pradesh,25-34,488
USR008534,2023-05-26,New,Maharashtra,18-24,1190
USR008535,2023-06-30,Occasional,Rajasthan,18-24,1155
USR008536,2025-12-23,Frequent,Tamil Nadu,25-34,248
USR008537,2024-03-29,Frequent,Rajasthan,25-34,882
USR008538,2026-03-07,Occasional,Maharashtra,35-44,174
USR008539,2023-11-14,Power,Delhi,35-44,1018
USR008540,2025-11-24,New,Telangana,25-34,277
USR008541,2024-05-26,Frequent,Tamil Nadu,35-44,824
USR008542,2025-05-13,Frequent,Delhi,18-24,472
USR008543,2023-12-24,New,Delhi,25-34,978
USR008544,2025-11-13,Occasional,Karnataka,25-34,288
USR008545,2023-11-23,Occasional,Maharashtra,35-44,1009
USR008546,2025-03-07,Frequent,Maharashtra,18-24,539
USR008547,2026-03-25,Occasional,West Bengal,18-24,156
USR008548,2023-06-23,Occasional,Karnataka,35-44,1162
USR008549,2026-02-23,Power,Maharashtra,18-24,186
USR008550,2025-06-15,New,Delhi,18-24,439
USR008551,2026-02-24,Occasional,Telangana,18-24,185
USR008552,2026-01-28,Occasional,Rajasthan,25-34,212
USR008553,2024-01-16,Occasional,West Bengal,25-34,955
USR008554,2026-02-13,Occasional,Karnataka,25-34,196
USR008555,2024-03-29,Power,Delhi,35-44,882
USR008556,2025-07-29,Power,Maharashtra,35-44,395
USR008557,2024-01-21,Frequent,Gujarat,25-34,950
USR008558,2024-05-06,Occasional,Haryana,35-44,844
USR008559,2023-04-11,Occasional,West Bengal,18-24,1235
USR008560,2025-04-25,Frequent,Uttar Pradesh,25-34,490
USR008561,2025-04-30,Occasional,Tamil Nadu,25-34,485
USR008562,2025-09-01,Frequent,Gujarat,25-34,361
USR008563,2023-06-25,Power,Rajasthan,18-24,1160
USR008564,2024-03-29,Occasional,West Bengal,25-34,882
USR008565,2025-10-12,Power,Gujarat,25-34,320
USR008566,2024-07-20,Power,Rajasthan,18-24,769
USR008567,2023-05-31,Frequent,Rajasthan,45-59,1185
USR008568,2024-01-28,Occasional,Uttar Pradesh,25-34,943
USR008569,2026-03-04,Power,Tamil Nadu,35-44,177
USR008570,2025-02-11,New,Delhi,18-24,563
USR008571,2024-10-26,New,Gujarat,35-44,671
USR008572,2025-03-09,Frequent,Maharashtra,18-24,537
USR008573,2025-09-08,Power,Delhi,25-34,354
USR008574,2026-02-11,Frequent,Karnataka,45-59,198
USR008575,2023-08-11,Frequent,Tamil Nadu,25-34,1113
USR008576,2025-04-21,Occasional,Delhi,25-34,494
USR008577,2023-01-06,Occasional,Rajasthan,60+,1330
USR008578,2023-03-05,Occasional,West Bengal,18-24,1272
USR008579,2023-11-18,Occasional,Rajasthan,45-59,1014
USR008580,2025-11-15,Frequent,Gujarat,25-34,286
USR008581,2023-09-04,New,Telangana,35-44,1089
USR008582,2023-07-28,Frequent,Haryana,25-34,1127
USR008583,2023-01-07,Power,Rajasthan,18-24,1329
USR008584,2024-02-28,Frequent,Tamil Nadu,18-24,912
USR008585,2024-09-14,New,West Bengal,35-44,713
USR008586,2024-08-18,Occasional,Maharashtra,18-24,740
USR008587,2025-04-06,Occasional,Gujarat,25-34,509
USR008588,2025-08-30,Occasional,Telangana,18-24,363
USR008589,2023-11-01,Frequent,Maharashtra,25-34,1031
USR008590,2025-10-11,Frequent,Maharashtra,35-44,321
USR008591,2025-03-18,New,Gujarat,60+,528
USR008592,2025-09-07,Occasional,Uttar Pradesh,18-24,355
USR008593,2026-03-17,Occasional,Maharashtra,35-44,164
USR008594,2025-02-16,Power,Telangana,35-44,558
USR008595,2023-05-17,Frequent,Tamil Nadu,60+,1199
USR008596,2025-06-21,Occasional,Maharashtra,35-44,433
USR008597,2023-12-03,Occasional,Gujarat,25-34,999
USR008598,2025-08-06,Frequent,Karnataka,25-34,387
USR008599,2024-08-23,Occasional,Telangana,35-44,735
USR008600,2025-07-13,Occasional,Gujarat,35-44,411
USR008601,2025-01-11,Occasional,Maharashtra,25-34,594
USR008602,2024-01-26,Occasional,Delhi,25-34,945
USR008603,2025-02-02,Occasional,Rajasthan,25-34,572
USR008604,2024-09-27,Frequent,Haryana,45-59,700
USR008605,2025-03-30,Occasional,Maharashtra,25-34,516
USR008606,2023-08-25,Frequent,Gujarat,25-34,1099
USR008607,2023-03-16,Occasional,Uttar Pradesh,25-34,1261
USR008608,2024-01-31,Occasional,Tamil Nadu,45-59,940
USR008609,2025-12-14,Occasional,Gujarat,18-24,257
USR008610,2025-03-10,New,Haryana,35-44,536
USR008611,2025-07-10,Frequent,Delhi,18-24,414
USR008612,2024-03-02,Power,Haryana,25-34,909
USR008613,2024-08-19,Occasional,Karnataka,25-34,739
USR008614,2023-06-23,Frequent,Uttar Pradesh,60+,1162
USR008615,2024-10-24,Occasional,West Bengal,25-34,673
USR008616,2023-03-04,Power,West Bengal,18-24,1273
USR008617,2025-04-01,Occasional,Rajasthan,25-34,514
USR008618,2024-05-26,New,Tamil Nadu,45-59,824
USR008619,2024-12-14,Occasional,Rajasthan,60+,622
USR008620,2025-06-24,Frequent,Gujarat,18-24,430
USR008621,2023-04-18,Occasional,Tamil Nadu,25-34,1228
USR008622,2025-07-21,Frequent,Telangana,60+,403
USR008623,2025-01-09,Power,Tamil Nadu,35-44,596
USR008624,2023-09-29,Occasional,Haryana,25-34,1064
USR008625,2024-03-22,Frequent,Haryana,25-34,889
USR008626,2024-10-04,Occasional,West Bengal,25-34,693
USR008627,2023-08-31,Power,Maharashtra,35-44,1093
USR008628,2024-09-18,Occasional,Maharashtra,45-59,709
USR008629,2026-01-07,Frequent,Uttar Pradesh,45-59,233
USR008630,2024-02-21,Frequent,Rajasthan,18-24,919
USR008631,2025-07-04,Occasional,Uttar Pradesh,45-59,420
USR008632,2024-04-27,Frequent,Telangana,25-34,853
USR008633,2026-01-23,Frequent,Rajasthan,25-34,217
USR008634,2026-04-09,Occasional,Maharashtra,25-34,141
USR008635,2025-09-07,Frequent,Tamil Nadu,25-34,355
USR008636,2023-06-11,Power,Uttar Pradesh,18-24,1174
USR008637,2024-05-05,Occasional,Maharashtra,35-44,845
USR008638,2024-08-07,Frequent,Uttar Pradesh,35-44,751
USR008639,2024-06-17,Frequent,Delhi,25-34,802
USR008640,2025-07-16,New,Uttar Pradesh,18-24,408
USR008641,2023-11-05,Frequent,Telangana,18-24,1027
USR008642,2024-11-15,Occasional,Delhi,25-34,651
USR008643,2024-07-21,Power,West Bengal,25-34,768
USR008644,2023-07-05,Power,Tamil Nadu,25-34,1150
USR008645,2024-06-01,Occasional,Maharashtra,18-24,818
USR008646,2026-01-23,Occasional,Rajasthan,45-59,217
USR008647,2023-03-05,Occasional,Telangana,25-34,1272
USR008648,2023-08-24,Frequent,Maharashtra,25-34,1100
USR008649,2025-02-01,Frequent,West Bengal,25-34,573
USR008650,2025-08-19,Occasional,Karnataka,18-24,374
USR008651,2024-03-17,Power,Haryana,25-34,894
USR008652,2024-10-22,Occasional,West Bengal,35-44,675
USR008653,2025-09-06,Frequent,Uttar Pradesh,35-44,356
USR008654,2025-03-18,Power,Karnataka,35-44,528
USR008655,2025-09-08,Frequent,Karnataka,25-34,354
USR008656,2024-01-07,Occasional,West Bengal,35-44,964
USR008657,2025-12-16,Occasional,Telangana,45-59,255
USR008658,2024-04-08,Frequent,Telangana,18-24,872
USR008659,2025-12-29,New,Maharashtra,45-59,242
USR008660,2023-10-19,Frequent,Telangana,18-24,1044
USR008661,2025-11-22,Occasional,Maharashtra,25-34,279
USR008662,2025-04-04,Occasional,Uttar Pradesh,25-34,511
USR008663,2025-07-15,New,Gujarat,18-24,409
USR008664,2024-08-31,Occasional,Tamil Nadu,35-44,727
USR008665,2026-02-27,Frequent,Uttar Pradesh,18-24,182
USR008666,2023-08-12,Frequent,Telangana,18-24,1112
USR008667,2026-01-12,Frequent,Karnataka,35-44,228
USR008668,2025-12-23,Frequent,Uttar Pradesh,45-59,248
USR008669,2023-12-01,Frequent,Maharashtra,35-44,1001
USR008670,2023-11-30,Power,Gujarat,18-24,1002
USR008671,2025-02-28,Occasional,Uttar Pradesh,25-34,546
USR008672,2025-03-28,Frequent,Haryana,25-34,518
USR008673,2023-03-22,New,Karnataka,25-34,1255
USR008674,2024-03-23,Occasional,Gujarat,18-24,888
USR008675,2024-09-07,New,Uttar Pradesh,45-59,720
USR008676,2023-09-09,Power,West Bengal,25-34,1084
USR008677,2024-06-30,Frequent,Delhi,25-34,789
USR008678,2025-11-25,Occasional,Karnataka,25-34,276
USR008679,2023-12-24,Frequent,Haryana,35-44,978
USR008680,2024-02-09,Power,Tamil Nadu,18-24,931
USR008681,2024-11-04,Occasional,Haryana,25-34,662
USR008682,2023-11-13,New,Rajasthan,18-24,1019
USR008683,2024-10-18,Occasional,Telangana,18-24,679
USR008684,2023-12-25,Power,Gujarat,18-24,977
USR008685,2025-04-28,Occasional,Maharashtra,18-24,487
USR008686,2025-12-30,Occasional,West Bengal,45-59,241
USR008687,2024-01-05,Frequent,Gujarat,35-44,966
USR008688,2024-03-10,Occasional,Telangana,25-34,901
USR008689,2025-01-11,Occasional,Karnataka,18-24,594
USR008690,2023-05-07,Occasional,Rajasthan,18-24,1209
USR008691,2025-04-22,Frequent,Delhi,25-34,493
USR008692,2024-09-11,Frequent,Karnataka,35-44,716
USR008693,2025-11-16,Frequent,Rajasthan,45-59,285
USR008694,2023-08-23,Power,Tamil Nadu,35-44,1101
USR008695,2024-03-10,Occasional,Uttar Pradesh,35-44,901
USR008696,2024-12-03,Frequent,Telangana,18-24,633
USR008697,2025-12-27,Frequent,Telangana,35-44,244
USR008698,2023-01-05,Frequent,Rajasthan,18-24,1331
USR008699,2024-05-23,Frequent,Rajasthan,18-24,827
USR008700,2025-07-20,Frequent,Karnataka,18-24,404
USR008701,2024-06-10,Frequent,West Bengal,25-34,809
USR008702,2023-06-30,Frequent,Gujarat,18-24,1155
USR008703,2026-01-02,Power,Delhi,25-34,238
USR008704,2023-04-17,Frequent,Gujarat,35-44,1229
USR008705,2025-05-05,Frequent,Karnataka,18-24,480
USR008706,2025-04-02,Frequent,Telangana,18-24,513
USR008707,2024-12-15,Frequent,West Bengal,18-24,621
USR008708,2025-06-19,Occasional,Tamil Nadu,35-44,435
USR008709,2024-04-20,New,Rajasthan,18-24,860
USR008710,2024-09-25,Occasional,Haryana,35-44,702
USR008711,2024-07-09,Power,Delhi,25-34,780
USR008712,2024-10-18,Occasional,Maharashtra,18-24,679
USR008713,2023-12-04,Frequent,Tamil Nadu,18-24,998
USR008714,2024-12-27,Power,Maharashtra,45-59,609
USR008715,2026-02-21,Frequent,Maharashtra,45-59,188
USR008716,2024-12-01,Frequent,Haryana,18-24,635
USR008717,2023-03-19,Occasional,Uttar Pradesh,25-34,1258
USR008718,2024-03-04,Power,Haryana,18-24,907
USR008719,2025-03-06,New,Gujarat,25-34,540
USR008720,2025-01-23,Frequent,Telangana,35-44,582
USR008721,2025-10-31,Occasional,West Bengal,25-34,301
USR008722,2024-12-07,Frequent,West Bengal,25-34,629
USR008723,2024-03-25,Power,Tamil Nadu,25-34,886
USR008724,2026-04-03,Frequent,Tamil Nadu,18-24,147
USR008725,2026-03-30,Frequent,Karnataka,60+,151
USR008726,2025-10-30,Frequent,West Bengal,25-34,302
USR008727,2025-12-22,Power,Rajasthan,45-59,249
USR008728,2023-01-31,Frequent,Haryana,25-34,1305
USR008729,2024-01-04,Frequent,Rajasthan,18-24,967
USR008730,2025-07-01,Frequent,Maharashtra,25-34,423
USR008731,2023-05-26,Frequent,Rajasthan,25-34,1190
USR008732,2025-01-10,Frequent,Haryana,35-44,595
USR008733,2025-12-06,Occasional,Maharashtra,35-44,265
USR008734,2024-08-21,Occasional,Telangana,18-24,737
USR008735,2024-10-16,Frequent,Telangana,25-34,681
USR008736,2023-01-08,Power,Delhi,25-34,1328
USR008737,2025-12-30,Power,Rajasthan,25-34,241
USR008738,2025-12-01,Frequent,Gujarat,18-24,270
USR008739,2026-04-02,Frequent,Maharashtra,25-34,148
USR008740,2023-03-12,Frequent,Delhi,18-24,1265
USR008741,2025-03-30,Frequent,Haryana,45-59,516
USR008742,2025-08-05,Power,Tamil Nadu,25-34,388
USR008743,2025-03-27,Power,Rajasthan,18-24,519
USR008744,2025-10-10,Occasional,Delhi,18-24,322
USR008745,2024-09-02,Frequent,Uttar Pradesh,35-44,725
USR008746,2024-07-04,New,West Bengal,18-24,785
USR008747,2023-07-27,Frequent,Karnataka,45-59,1128
USR008748,2023-01-01,New,Delhi,18-24,1335
USR008749,2024-02-06,Frequent,West Bengal,45-59,934
USR008750,2023-05-28,Frequent,Haryana,35-44,1188
USR008751,2024-06-01,Power,Telangana,18-24,818
USR008752,2025-03-14,Occasional,Telangana,18-24,532
USR008753,2023-05-16,Power,West Bengal,25-34,1200
USR008754,2024-03-26,Occasional,West Bengal,25-34,885
USR008755,2025-01-20,New,Maharashtra,25-34,585
USR008756,2023-08-06,Power,Tamil Nadu,18-24,1118
USR008757,2023-01-11,New,Telangana,18-24,1325
USR008758,2025-12-10,Occasional,Karnataka,25-34,261
USR008759,2026-03-10,Power,Maharashtra,35-44,171
USR008760,2025-10-05,Occasional,Telangana,35-44,327
USR008761,2024-07-02,Occasional,Maharashtra,25-34,787
USR008762,2023-02-19,Power,Delhi,25-34,1286
USR008763,2024-04-26,New,West Bengal,18-24,854
USR008764,2023-09-25,Power,Uttar Pradesh,25-34,1068
USR008765,2024-05-31,Power,West Bengal,18-24,819
USR008766,2025-02-18,New,Telangana,18-24,556
USR008767,2025-07-19,Power,Tamil Nadu,25-34,405
USR008768,2025-07-17,Frequent,Haryana,18-24,407
USR008769,2024-06-07,New,Karnataka,18-24,812
USR008770,2025-07-29,Occasional,Haryana,18-24,395
USR008771,2024-06-10,Frequent,Rajasthan,35-44,809
USR008772,2023-08-03,Frequent,West Bengal,18-24,1121
USR008773,2024-12-07,Frequent,Uttar Pradesh,25-34,629
USR008774,2025-05-27,Frequent,Rajasthan,25-34,458
USR008775,2025-07-19,Frequent,West Bengal,25-34,405
USR008776,2024-04-06,Power,Tamil Nadu,25-34,874
USR008777,2025-08-02,Power,Gujarat,25-34,391
USR008778,2024-07-26,Frequent,Haryana,60+,763
USR008779,2023-02-12,Power,Haryana,35-44,1293
USR008780,2026-04-10,Power,Tamil Nadu,35-44,140
USR008781,2025-09-16,Frequent,Rajasthan,35-44,346
USR008782,2025-04-03,Occasional,Tamil Nadu,35-44,512
USR008783,2026-01-06,New,Gujarat,35-44,234
USR008784,2024-02-01,Occasional,Tamil Nadu,18-24,939
USR008785,2026-01-20,Occasional,West Bengal,35-44,220
USR008786,2023-01-05,New,Telangana,45-59,1331
USR008787,2025-08-17,Occasional,Uttar Pradesh,25-34,376
USR008788,2024-02-19,Power,Haryana,25-34,921
USR008789,2024-08-18,Frequent,Karnataka,45-59,740
USR008790,2024-03-07,Frequent,Gujarat,18-24,904
USR008791,2025-08-22,Power,Delhi,35-44,371
USR008792,2024-02-19,New,Gujarat,25-34,921
USR008793,2023-07-03,Frequent,Delhi,60+,1152
USR008794,2024-04-06,Frequent,Maharashtra,25-34,874
USR008795,2023-04-19,Frequent,Uttar Pradesh,25-34,1227
USR008796,2023-01-27,Frequent,Rajasthan,35-44,1309
USR008797,2023-06-11,New,Gujarat,25-34,1174
USR008798,2024-09-11,Occasional,Tamil Nadu,18-24,716
USR008799,2024-10-14,Frequent,West Bengal,45-59,683
USR008800,2023-09-17,New,Delhi,25-34,1076
USR008801,2025-04-08,Frequent,Maharashtra,25-34,507
USR008802,2023-07-14,Power,West Bengal,60+,1141
USR008803,2025-05-28,Power,Gujarat,18-24,457
USR008804,2024-11-14,Occasional,Telangana,25-34,652
USR008805,2025-07-13,New,Maharashtra,25-34,411
USR008806,2023-01-14,Power,Rajasthan,25-34,1322
USR008807,2025-06-06,Occasional,Uttar Pradesh,18-24,448
USR008808,2025-08-26,Power,Gujarat,35-44,367
USR008809,2024-09-28,Occasional,Haryana,25-34,699
USR008810,2025-08-13,Occasional,Delhi,25-34,380
USR008811,2024-10-12,Frequent,Telangana,25-34,685
USR008812,2026-03-12,Frequent,West Bengal,35-44,169
USR008813,2024-03-28,Frequent,Haryana,25-34,883
USR008814,2025-03-05,Frequent,Telangana,18-24,541
USR008815,2023-11-26,Power,Tamil Nadu,25-34,1006
USR008816,2023-03-03,New,Maharashtra,45-59,1274
USR008817,2024-12-23,Frequent,Maharashtra,25-34,613
USR008818,2023-06-07,Occasional,Karnataka,25-34,1178
USR008819,2025-02-17,Frequent,Tamil Nadu,18-24,557
USR008820,2023-04-29,Frequent,West Bengal,45-59,1217
USR008821,2023-11-06,Occasional,Haryana,25-34,1026
USR008822,2023-07-07,Occasional,Haryana,60+,1148
USR008823,2024-12-06,Frequent,Tamil Nadu,18-24,630
USR008824,2025-10-31,Frequent,Karnataka,25-34,301
USR008825,2026-04-02,Frequent,Maharashtra,25-34,148
USR008826,2026-01-26,Frequent,Rajasthan,18-24,214
USR008827,2025-04-16,Occasional,Tamil Nadu,18-24,499
USR008828,2026-03-25,Frequent,Gujarat,45-59,156
USR008829,2025-12-05,Occasional,Tamil Nadu,18-24,266
USR008830,2026-03-08,Occasional,Tamil Nadu,25-34,173
USR008831,2025-12-16,New,Rajasthan,25-34,255
USR008832,2024-05-24,Occasional,Delhi,18-24,826
USR008833,2024-06-17,New,Telangana,25-34,802
USR008834,2023-10-23,New,Rajasthan,25-34,1040
USR008835,2024-08-17,Occasional,Haryana,25-34,741
USR008836,2025-10-20,Occasional,Haryana,25-34,312
USR008837,2023-10-14,Occasional,Tamil Nadu,35-44,1049
USR008838,2025-12-06,Frequent,Haryana,35-44,265
USR008839,2023-12-19,Frequent,Gujarat,18-24,983
USR008840,2023-12-12,Frequent,Haryana,18-24,990
USR008841,2024-10-01,Occasional,Rajasthan,35-44,696
USR008842,2025-02-12,New,West Bengal,45-59,562
USR008843,2024-04-02,New,Delhi,25-34,878
USR008844,2023-07-16,New,Rajasthan,45-59,1139
USR008845,2025-03-16,Power,Tamil Nadu,18-24,530
USR008846,2024-06-08,Frequent,Haryana,25-34,811
USR008847,2024-05-31,Occasional,West Bengal,25-34,819
USR008848,2024-01-08,Power,Delhi,25-34,963
USR008849,2025-04-01,Frequent,Gujarat,45-59,514
USR008850,2023-08-24,Occasional,Delhi,18-24,1100
USR008851,2025-01-29,New,Karnataka,18-24,576
USR008852,2023-10-22,Frequent,Uttar Pradesh,25-34,1041
USR008853,2025-07-19,New,Gujarat,18-24,405
USR008854,2023-02-17,Occasional,West Bengal,18-24,1288
USR008855,2024-11-12,Frequent,Maharashtra,25-34,654
USR008856,2025-05-09,Occasional,West Bengal,25-34,476
USR008857,2023-08-24,Occasional,Tamil Nadu,18-24,1100
USR008858,2025-07-23,Occasional,West Bengal,25-34,401
USR008859,2024-04-26,Occasional,Haryana,18-24,854
USR008860,2023-12-28,Frequent,Delhi,45-59,974
USR008861,2025-01-12,New,Rajasthan,25-34,593
USR008862,2025-03-03,Power,Tamil Nadu,35-44,543
USR008863,2024-05-23,Occasional,West Bengal,25-34,827
USR008864,2024-12-23,Occasional,Karnataka,35-44,613
USR008865,2023-07-22,New,Haryana,25-34,1133
USR008866,2023-03-08,Frequent,Uttar Pradesh,25-34,1269
USR008867,2025-08-05,Power,Haryana,25-34,388
USR008868,2023-06-12,Frequent,Haryana,25-34,1173
USR008869,2024-04-26,Power,Gujarat,25-34,854
USR008870,2024-07-30,Frequent,Maharashtra,25-34,759
USR008871,2023-10-03,Frequent,Karnataka,18-24,1060
USR008872,2025-06-25,Power,Karnataka,45-59,429
USR008873,2025-02-27,Frequent,Gujarat,18-24,547
USR008874,2023-01-10,Power,Karnataka,25-34,1326
USR008875,2024-07-31,Occasional,Haryana,45-59,758
USR008876,2024-05-31,New,Rajasthan,18-24,819
USR008877,2024-01-29,New,Rajasthan,25-34,942
USR008878,2023-11-24,Occasional,Maharashtra,35-44,1008
USR008879,2024-06-19,Power,Haryana,25-34,800
USR008880,2025-03-07,Occasional,Uttar Pradesh,18-24,539
USR008881,2026-03-03,Occasional,Telangana,18-24,178
USR008882,2023-09-17,Power,Gujarat,25-34,1076
USR008883,2023-09-23,Frequent,Delhi,18-24,1070
USR008884,2025-02-27,Occasional,Delhi,60+,547
USR008885,2023-03-31,Power,Rajasthan,18-24,1246
USR008886,2026-04-02,Frequent,Karnataka,35-44,148
USR008887,2026-02-03,Frequent,Maharashtra,25-34,206
USR008888,2023-01-01,New,Tamil Nadu,25-34,1335
USR008889,2023-11-11,Frequent,Telangana,35-44,1021
USR008890,2025-09-08,Frequent,Delhi,18-24,354
USR008891,2024-01-26,New,Karnataka,18-24,945
USR008892,2026-01-15,New,Telangana,25-34,225
USR008893,2023-12-15,Power,Tamil Nadu,35-44,987
USR008894,2025-08-15,Occasional,Telangana,18-24,378
USR008895,2025-01-20,Occasional,Gujarat,35-44,585
USR008896,2023-05-19,Power,Rajasthan,18-24,1197
USR008897,2023-01-06,Power,Delhi,25-34,1330
USR008898,2023-10-02,Frequent,Delhi,35-44,1061
USR008899,2024-09-23,Power,Delhi,25-34,704
USR008900,2025-04-17,Occasional,Rajasthan,35-44,498
USR008901,2024-05-01,Occasional,Delhi,35-44,849
USR008902,2025-03-10,Occasional,Haryana,35-44,536
USR008903,2026-01-12,Frequent,Uttar Pradesh,25-34,228
USR008904,2024-12-20,Frequent,Maharashtra,25-34,616
USR008905,2024-04-15,Power,Gujarat,25-34,865
USR008906,2025-12-10,Frequent,West Bengal,35-44,261
USR008907,2023-11-01,Power,Tamil Nadu,18-24,1031
USR008908,2024-03-17,Frequent,Haryana,18-24,894
USR008909,2025-06-09,New,Haryana,18-24,445
USR008910,2024-10-19,Power,Rajasthan,25-34,678
USR008911,2024-03-01,New,Delhi,25-34,910
USR008912,2023-06-26,Occasional,Haryana,25-34,1159
USR008913,2023-04-27,Power,Haryana,18-24,1219
USR008914,2025-05-27,Frequent,Gujarat,25-34,458
USR008915,2023-11-18,Frequent,Delhi,25-34,1014
USR008916,2025-11-06,Frequent,Karnataka,18-24,295
USR008917,2024-06-23,Power,Karnataka,35-44,796
USR008918,2026-02-25,Power,Karnataka,25-34,184
USR008919,2023-11-28,Frequent,Gujarat,35-44,1004
USR008920,2024-09-08,Frequent,West Bengal,18-24,719
USR008921,2024-06-11,New,Maharashtra,25-34,808
USR008922,2023-12-23,Occasional,Rajasthan,45-59,979
USR008923,2025-11-24,Power,Gujarat,35-44,277
USR008924,2023-02-15,Power,West Bengal,25-34,1290
USR008925,2023-02-13,Power,Rajasthan,25-34,1292
USR008926,2023-02-16,Occasional,Maharashtra,18-24,1289
USR008927,2025-10-16,Occasional,Tamil Nadu,45-59,316
USR008928,2024-10-21,Occasional,Delhi,25-34,676
USR008929,2023-09-21,Occasional,Gujarat,35-44,1072
USR008930,2025-05-13,Frequent,Rajasthan,18-24,472
USR008931,2023-01-28,New,Gujarat,25-34,1308
USR008932,2026-02-25,New,Tamil Nadu,25-34,184
USR008933,2023-11-09,Occasional,Delhi,18-24,1023
USR008934,2024-08-07,Frequent,Maharashtra,18-24,751
USR008935,2024-12-07,New,Maharashtra,25-34,629
USR008936,2025-07-07,Power,Uttar Pradesh,25-34,417
USR008937,2025-05-20,New,Gujarat,35-44,465
USR008938,2025-08-26,Frequent,Delhi,35-44,367
USR008939,2025-12-26,Frequent,Uttar Pradesh,25-34,245
USR008940,2024-05-12,Power,Maharashtra,45-59,838
USR008941,2025-12-24,Occasional,West Bengal,18-24,247
USR008942,2026-01-03,Frequent,Haryana,18-24,237
USR008943,2023-04-27,New,Telangana,18-24,1219
USR008944,2025-07-31,Occasional,Karnataka,25-34,393
USR008945,2024-06-24,Power,Delhi,18-24,795
USR008946,2023-11-12,Occasional,Maharashtra,25-34,1020
USR008947,2026-02-28,Frequent,Gujarat,25-34,181
USR008948,2024-03-15,Power,Telangana,60+,896
USR008949,2024-01-19,Power,West Bengal,25-34,952
USR008950,2025-07-09,Occasional,Gujarat,25-34,415
USR008951,2024-11-10,Frequent,Rajasthan,25-34,656
USR008952,2025-02-25,Power,Gujarat,18-24,549
USR008953,2025-05-22,Frequent,Uttar Pradesh,60+,463
USR008954,2025-10-22,Frequent,Delhi,25-34,310
USR008955,2024-09-26,Power,Rajasthan,25-34,701
USR008956,2024-04-04,New,Maharashtra,18-24,876
USR008957,2024-12-22,Occasional,Uttar Pradesh,25-34,614
USR008958,2024-05-25,Occasional,West Bengal,25-34,825
USR008959,2024-12-16,New,Uttar Pradesh,25-34,620
USR008960,2025-11-07,Occasional,West Bengal,18-24,294
USR008961,2023-08-31,Frequent,Uttar Pradesh,25-34,1093
USR008962,2024-11-04,Frequent,Telangana,18-24,662
USR008963,2024-02-06,Frequent,Telangana,25-34,934
USR008964,2024-11-16,Frequent,Karnataka,25-34,650
USR008965,2025-03-17,Frequent,Tamil Nadu,25-34,529
USR008966,2025-06-21,Power,Gujarat,25-34,433
USR008967,2024-12-14,Occasional,Uttar Pradesh,18-24,622
USR008968,2026-03-23,Frequent,Karnataka,25-34,158
USR008969,2024-05-19,Power,Delhi,18-24,831
USR008970,2025-07-31,Power,West Bengal,35-44,393
USR008971,2023-06-15,Frequent,Karnataka,35-44,1170
USR008972,2025-02-11,Occasional,West Bengal,18-24,563
USR008973,2024-02-01,Occasional,Uttar Pradesh,25-34,939
USR008974,2023-01-06,Power,Rajasthan,25-34,1330
USR008975,2023-11-14,Occasional,Uttar Pradesh,18-24,1018
USR008976,2025-05-01,Frequent,Uttar Pradesh,25-34,484
USR008977,2024-02-25,Power,Uttar Pradesh,35-44,915
USR008978,2025-03-10,Frequent,Rajasthan,25-34,536
USR008979,2024-03-10,Frequent,Telangana,18-24,901
USR008980,2023-07-05,Frequent,Rajasthan,25-34,1150
USR008981,2025-07-29,Occasional,Gujarat,25-34,395
USR008982,2023-04-25,Frequent,Tamil Nadu,18-24,1221
USR008983,2025-04-28,Frequent,Delhi,35-44,487
USR008984,2025-07-04,Power,Maharashtra,25-34,420
USR008985,2023-02-26,Power,Tamil Nadu,25-34,1279
USR008986,2023-10-02,Power,Maharashtra,25-34,1061
USR008987,2025-09-30,Occasional,Delhi,45-59,332
USR008988,2025-12-24,Frequent,Uttar Pradesh,45-59,247
USR008989,2025-01-22,Frequent,West Bengal,25-34,583
USR008990,2024-10-19,Occasional,Karnataka,25-34,678
USR008991,2025-05-01,Frequent,Tamil Nadu,18-24,484
USR008992,2025-11-27,Occasional,Tamil Nadu,18-24,274
USR008993,2025-12-01,Frequent,Tamil Nadu,25-34,270
USR008994,2024-09-20,New,Tamil Nadu,35-44,707
USR008995,2024-06-19,Occasional,Delhi,18-24,800
USR008996,2025-01-27,Frequent,Maharashtra,45-59,578
USR008997,2024-01-06,Occasional,Gujarat,35-44,965
USR008998,2023-06-08,Power,Telangana,60+,1177
USR008999,2025-08-10,Occasional,Tamil Nadu,25-34,383
USR009000,2024-08-02,Frequent,Rajasthan,35-44,756
USR009001,2024-02-16,New,Maharashtra,18-24,924
USR009002,2023-07-24,Frequent,Maharashtra,18-24,1131
USR009003,2023-06-02,New,Telangana,18-24,1183
USR009004,2025-09-19,Occasional,Uttar Pradesh,18-24,343
USR009005,2024-03-01,Occasional,Telangana,18-24,910
USR009006,2025-02-07,Power,Tamil Nadu,18-24,567
USR009007,2025-01-20,Occasional,Karnataka,35-44,585
USR009008,2024-01-03,Frequent,Rajasthan,25-34,968
USR009009,2025-10-11,New,Delhi,25-34,321
USR009010,2023-07-13,Occasional,Karnataka,18-24,1142
USR009011,2024-04-11,Power,Karnataka,25-34,869
USR009012,2024-02-10,Frequent,Rajasthan,25-34,930
USR009013,2024-06-23,Frequent,Uttar Pradesh,25-34,796
USR009014,2023-12-14,Occasional,Delhi,35-44,988
USR009015,2024-05-18,Occasional,West Bengal,18-24,832
USR009016,2023-12-12,Occasional,Gujarat,45-59,990
USR009017,2025-01-07,Power,Tamil Nadu,18-24,598
USR009018,2025-04-10,Power,Karnataka,60+,505
USR009019,2023-02-04,New,Gujarat,25-34,1301
USR009020,2023-10-04,Frequent,Delhi,18-24,1059
USR009021,2023-04-16,Frequent,Maharashtra,35-44,1230
USR009022,2025-05-07,Frequent,Tamil Nadu,18-24,478
USR009023,2025-01-19,Power,Telangana,18-24,586
USR009024,2025-01-29,Frequent,Karnataka,25-34,576
USR009025,2023-11-12,Frequent,Tamil Nadu,25-34,1020
USR009026,2025-06-17,Occasional,Telangana,25-34,437
USR009027,2023-03-28,New,Gujarat,35-44,1249
USR009028,2025-09-27,Frequent,Tamil Nadu,35-44,335
USR009029,2024-02-19,Power,Maharashtra,25-34,921
USR009030,2023-09-15,Occasional,Telangana,18-24,1078
USR009031,2024-08-14,New,Uttar Pradesh,25-34,744
USR009032,2025-01-28,New,West Bengal,35-44,577
USR009033,2023-02-01,Occasional,Telangana,25-34,1304
USR009034,2024-10-23,Frequent,Haryana,25-34,674
USR009035,2023-03-21,Frequent,Gujarat,25-34,1256
USR009036,2025-03-23,Power,West Bengal,35-44,523
USR009037,2023-09-30,Occasional,Delhi,18-24,1063
USR009038,2023-03-28,Occasional,Maharashtra,18-24,1249
USR009039,2024-05-04,Frequent,Haryana,18-24,846
USR009040,2023-03-18,Power,Haryana,25-34,1259
USR009041,2023-07-26,Frequent,Tamil Nadu,25-34,1129
USR009042,2024-05-10,Occasional,Karnataka,35-44,840
USR009043,2023-07-06,Power,Delhi,35-44,1149
USR009044,2023-11-12,Frequent,Karnataka,18-24,1020
USR009045,2023-10-23,Occasional,Rajasthan,25-34,1040
USR009046,2023-09-05,Occasional,Delhi,25-34,1088
USR009047,2024-11-06,Occasional,Delhi,18-24,660
USR009048,2023-11-16,Occasional,Tamil Nadu,18-24,1016
USR009049,2024-04-18,Frequent,Maharashtra,18-24,862
USR009050,2023-07-17,Occasional,West Bengal,25-34,1138
USR009051,2023-12-17,Frequent,Delhi,18-24,985
USR009052,2024-04-27,Occasional,Haryana,35-44,853
USR009053,2026-03-07,New,Tamil Nadu,25-34,174
USR009054,2023-11-28,Frequent,Telangana,18-24,1004
USR009055,2025-09-19,Power,Delhi,25-34,343
USR009056,2025-11-29,Occasional,West Bengal,35-44,272
USR009057,2024-08-08,New,Rajasthan,35-44,750
USR009058,2025-07-19,Frequent,Gujarat,18-24,405
USR009059,2023-05-22,Power,Maharashtra,25-34,1194
USR009060,2023-01-01,Frequent,Maharashtra,25-34,1335
USR009061,2025-03-14,Occasional,Tamil Nadu,25-34,532
USR009062,2023-09-21,Frequent,Tamil Nadu,45-59,1072
USR009063,2024-11-15,Occasional,Delhi,25-34,651
USR009064,2025-09-30,Frequent,Tamil Nadu,25-34,332
USR009065,2023-10-26,Occasional,Haryana,25-34,1037
USR009066,2026-03-17,Frequent,West Bengal,35-44,164
USR009067,2024-02-05,Frequent,Delhi,25-34,935
USR009068,2024-02-02,Power,Delhi,18-24,938
USR009069,2025-06-04,Occasional,Delhi,18-24,450
USR009070,2023-11-25,Power,Tamil Nadu,18-24,1007
USR009071,2023-06-19,Occasional,Gujarat,18-24,1166
USR009072,2023-12-01,Occasional,Haryana,60+,1001
USR009073,2025-02-27,New,Maharashtra,35-44,547
USR009074,2024-08-19,Power,Maharashtra,35-44,739
USR009075,2023-07-16,Power,Uttar Pradesh,18-24,1139
USR009076,2024-09-29,Occasional,Delhi,18-24,698
USR009077,2023-11-14,Occasional,Gujarat,25-34,1018
USR009078,2023-02-23,Frequent,Haryana,18-24,1282
USR009079,2024-04-09,Power,Gujarat,18-24,871
USR009080,2025-04-29,Power,Haryana,25-34,486
USR009081,2024-02-07,Frequent,West Bengal,18-24,933
USR009082,2024-12-22,Power,Gujarat,25-34,614
USR009083,2024-04-24,Occasional,Rajasthan,25-34,856
USR009084,2026-04-07,Occasional,Haryana,18-24,143
USR009085,2023-02-14,Occasional,Maharashtra,25-34,1291
USR009086,2024-07-02,Occasional,West Bengal,25-34,787
USR009087,2024-12-08,New,Delhi,25-34,628
USR009088,2025-09-03,New,Delhi,35-44,359
USR009089,2024-01-27,New,West Bengal,18-24,944
USR009090,2025-05-12,Power,Karnataka,25-34,473
USR009091,2024-09-13,Frequent,Uttar Pradesh,25-34,714
USR009092,2025-07-23,Occasional,Gujarat,18-24,401
USR009093,2023-07-20,Occasional,Tamil Nadu,35-44,1135
USR009094,2025-02-18,Power,Maharashtra,25-34,556
USR009095,2025-02-19,Frequent,Delhi,25-34,555
USR009096,2023-01-02,Frequent,Gujarat,35-44,1334
USR009097,2025-01-25,Power,Uttar Pradesh,45-59,580
USR009098,2023-07-31,Frequent,Maharashtra,45-59,1124
USR009099,2025-01-23,Occasional,Telangana,18-24,582
USR009100,2024-09-13,Power,Delhi,25-34,714
USR009101,2025-04-15,Occasional,Rajasthan,18-24,500
USR009102,2026-03-12,Power,Maharashtra,35-44,169
USR009103,2026-03-10,Occasional,West Bengal,18-24,171
USR009104,2024-02-15,Occasional,Uttar Pradesh,18-24,925
USR009105,2024-08-14,Power,Gujarat,35-44,744
USR009106,2023-11-16,New,Gujarat,18-24,1016
USR009107,2024-04-05,New,Telangana,25-34,875
USR009108,2024-08-27,Power,Uttar Pradesh,35-44,731
USR009109,2024-03-01,Frequent,Gujarat,18-24,910
USR009110,2024-06-29,Occasional,Karnataka,18-24,790
USR009111,2023-05-14,Occasional,Telangana,25-34,1202
USR009112,2023-03-03,Frequent,Gujarat,18-24,1274
USR009113,2023-06-09,Frequent,Delhi,18-24,1176
USR009114,2025-01-14,Occasional,Telangana,18-24,591
USR009115,2025-06-28,Occasional,Rajasthan,25-34,426
USR009116,2025-06-09,Occasional,Telangana,18-24,445
USR009117,2023-12-01,Frequent,Tamil Nadu,18-24,1001
USR009118,2023-03-03,Frequent,Karnataka,35-44,1274
USR009119,2023-05-22,Frequent,Karnataka,18-24,1194
USR009120,2024-08-16,Frequent,Maharashtra,25-34,742
USR009121,2024-08-31,Power,Karnataka,18-24,727
USR009122,2025-11-08,Frequent,Haryana,25-34,293
USR009123,2023-02-22,Occasional,Haryana,18-24,1283
USR009124,2023-04-22,Frequent,Maharashtra,25-34,1224
USR009125,2024-01-29,Frequent,Uttar Pradesh,45-59,942
USR009126,2023-12-21,Power,Uttar Pradesh,25-34,981
USR009127,2024-03-01,New,Telangana,18-24,910
USR009128,2024-06-26,New,Karnataka,18-24,793
USR009129,2023-03-24,Frequent,Uttar Pradesh,25-34,1253
USR009130,2024-02-28,New,Gujarat,25-34,912
USR009131,2023-01-20,Occasional,Gujarat,35-44,1316
USR009132,2025-11-17,Frequent,Gujarat,18-24,284
USR009133,2025-04-30,New,Telangana,25-34,485
USR009134,2025-01-02,Frequent,Uttar Pradesh,18-24,603
USR009135,2025-12-05,Occasional,Karnataka,25-34,266
USR009136,2023-02-13,Frequent,Karnataka,18-24,1292
USR009137,2023-09-27,Power,West Bengal,18-24,1066
USR009138,2023-11-16,New,Tamil Nadu,25-34,1016
USR009139,2023-08-24,New,Gujarat,18-24,1100
USR009140,2023-06-12,Power,Telangana,18-24,1173
USR009141,2025-08-22,Power,Uttar Pradesh,18-24,371
USR009142,2025-01-27,Frequent,Uttar Pradesh,18-24,578
USR009143,2025-03-15,New,Telangana,45-59,531
USR009144,2023-01-22,Frequent,West Bengal,18-24,1314
USR009145,2024-10-12,Occasional,Karnataka,35-44,685
USR009146,2023-03-15,Frequent,West Bengal,45-59,1262
USR009147,2024-01-18,New,West Bengal,18-24,953
USR009148,2023-03-07,Frequent,Uttar Pradesh,25-34,1270
USR009149,2023-12-29,Occasional,Maharashtra,25-34,973
USR009150,2025-06-13,Frequent,Maharashtra,35-44,441
USR009151,2025-05-27,Frequent,Delhi,25-34,458
USR009152,2024-04-16,Power,Telangana,18-24,864
USR009153,2023-01-31,Power,Haryana,35-44,1305
USR009154,2026-03-23,Occasional,Karnataka,35-44,158
USR009155,2023-07-21,Power,Uttar Pradesh,35-44,1134
USR009156,2023-02-22,Power,Haryana,25-34,1283
USR009157,2023-08-23,Occasional,Haryana,25-34,1101
USR009158,2023-08-15,Power,Haryana,18-24,1109
USR009159,2024-01-14,Frequent,West Bengal,35-44,957
USR009160,2024-09-18,Frequent,Gujarat,35-44,709
USR009161,2024-06-10,Frequent,Gujarat,18-24,809
USR009162,2024-01-28,Occasional,Gujarat,35-44,943
USR009163,2023-11-01,Occasional,Uttar Pradesh,25-34,1031
USR009164,2025-09-08,Occasional,Telangana,25-34,354
USR009165,2025-03-17,Power,Uttar Pradesh,25-34,529
USR009166,2023-06-20,New,Karnataka,45-59,1165
USR009167,2023-12-17,Frequent,Delhi,25-34,985
USR009168,2025-08-17,New,Uttar Pradesh,18-24,376
USR009169,2025-05-22,Frequent,West Bengal,25-34,463
USR009170,2024-04-23,Frequent,West Bengal,25-34,857
USR009171,2023-05-17,New,Maharashtra,25-34,1199
USR009172,2023-10-03,Occasional,Maharashtra,25-34,1060
USR009173,2024-04-01,Frequent,Karnataka,35-44,879
USR009174,2024-03-24,Occasional,Karnataka,60+,887
USR009175,2025-07-19,Frequent,Maharashtra,25-34,405
USR009176,2024-05-24,Frequent,Telangana,18-24,826
USR009177,2025-03-04,Frequent,Maharashtra,18-24,542
USR009178,2023-11-06,Frequent,Gujarat,35-44,1026
USR009179,2023-10-15,Occasional,Telangana,18-24,1048
USR009180,2026-02-25,Power,Telangana,45-59,184
USR009181,2025-05-16,Frequent,Karnataka,35-44,469
USR009182,2023-02-10,Frequent,Maharashtra,25-34,1295
USR009183,2023-02-25,Frequent,Delhi,25-34,1280
USR009184,2025-09-04,Occasional,West Bengal,18-24,358
USR009185,2025-04-23,New,Rajasthan,25-34,492
USR009186,2024-02-28,Occasional,Haryana,25-34,912
USR009187,2024-12-10,New,Telangana,35-44,626
USR009188,2025-10-07,Occasional,Gujarat,25-34,325
USR009189,2025-12-13,Frequent,Maharashtra,25-34,258
USR009190,2023-04-10,Frequent,Maharashtra,25-34,1236
USR009191,2023-03-30,Occasional,Haryana,18-24,1247
USR009192,2023-04-09,Frequent,Haryana,35-44,1237
USR009193,2023-03-15,Occasional,Gujarat,45-59,1262
USR009194,2024-08-27,Occasional,Karnataka,25-34,731
USR009195,2024-08-12,Frequent,Delhi,18-24,746
USR009196,2025-05-05,New,Maharashtra,25-34,480
USR009197,2024-01-04,Frequent,Haryana,25-34,967
USR009198,2023-03-28,Occasional,Karnataka,25-34,1249
USR009199,2025-10-30,New,Uttar Pradesh,25-34,302
USR009200,2026-01-03,Occasional,West Bengal,25-34,237
USR009201,2023-01-30,Occasional,Karnataka,25-34,1306
USR009202,2024-07-25,Frequent,Karnataka,60+,764
USR009203,2025-09-06,Occasional,Gujarat,25-34,356
USR009204,2023-03-25,Occasional,West Bengal,25-34,1252
USR009205,2024-02-12,Frequent,Karnataka,25-34,928
USR009206,2025-07-01,Occasional,Delhi,45-59,423
USR009207,2024-10-21,New,Rajasthan,18-24,676
USR009208,2026-02-18,Occasional,Tamil Nadu,45-59,191
USR009209,2023-05-01,Occasional,West Bengal,18-24,1215
USR009210,2025-05-29,Occasional,Gujarat,45-59,456
USR009211,2025-08-24,Power,Tamil Nadu,35-44,369
USR009212,2024-10-27,Power,Gujarat,18-24,670
USR009213,2025-10-08,Occasional,Haryana,45-59,324
USR009214,2025-10-13,New,Karnataka,18-24,319
USR009215,2025-07-27,Frequent,Maharashtra,18-24,397
USR009216,2026-01-10,New,Maharashtra,18-24,230
USR009217,2024-05-25,Frequent,Maharashtra,25-34,825
USR009218,2024-05-05,Occasional,Karnataka,35-44,845
USR009219,2025-04-09,New,Haryana,18-24,506
USR009220,2025-08-08,Occasional,Rajasthan,25-34,385
USR009221,2024-12-25,New,Telangana,25-34,611
USR009222,2026-02-26,New,Telangana,18-24,183
USR009223,2024-06-28,Power,Maharashtra,18-24,791
USR009224,2024-08-14,Frequent,Telangana,35-44,744
USR009225,2025-06-08,Power,Delhi,18-24,446
USR009226,2023-12-12,Power,West Bengal,18-24,990
USR009227,2023-08-03,New,Uttar Pradesh,35-44,1121
USR009228,2023-03-19,Occasional,Telangana,18-24,1258
USR009229,2024-01-04,Frequent,Uttar Pradesh,35-44,967
USR009230,2025-04-24,Occasional,Gujarat,25-34,491
USR009231,2023-07-06,Frequent,Haryana,25-34,1149
USR009232,2026-01-12,Frequent,Telangana,45-59,228
USR009233,2026-03-25,Power,Tamil Nadu,25-34,156
USR009234,2025-07-10,Power,Gujarat,18-24,414
USR009235,2023-05-10,Frequent,Delhi,18-24,1206
USR009236,2024-08-25,Frequent,Telangana,18-24,733
USR009237,2024-09-14,Occasional,Tamil Nadu,35-44,713
USR009238,2024-04-04,Frequent,West Bengal,45-59,876
USR009239,2025-02-12,Frequent,Maharashtra,25-34,562
USR009240,2023-05-07,Frequent,West Bengal,25-34,1209
USR009241,2025-08-16,Frequent,West Bengal,25-34,377
USR009242,2024-03-18,New,Tamil Nadu,25-34,893
USR009243,2024-01-04,Frequent,Maharashtra,18-24,967
USR009244,2024-08-07,Power,Delhi,25-34,751
USR009245,2026-01-05,Power,Gujarat,18-24,235
USR009246,2024-02-20,Occasional,Karnataka,25-34,920
USR009247,2023-11-23,New,Telangana,25-34,1009
USR009248,2023-01-10,Power,Haryana,25-34,1326
USR009249,2023-07-01,New,Telangana,35-44,1154
USR009250,2025-11-01,Power,West Bengal,25-34,300
USR009251,2023-11-24,Frequent,Delhi,35-44,1008
USR009252,2025-05-13,Occasional,Delhi,35-44,472
USR009253,2024-03-23,Frequent,Gujarat,18-24,888
USR009254,2023-03-27,Frequent,Uttar Pradesh,35-44,1250
USR009255,2024-11-20,New,Tamil Nadu,45-59,646
USR009256,2026-02-01,Occasional,Rajasthan,45-59,208
USR009257,2024-02-11,Frequent,Telangana,60+,929
USR009258,2025-03-09,Frequent,Maharashtra,25-34,537
USR009259,2024-06-11,Occasional,Rajasthan,25-34,808
USR009260,2023-03-31,New,Telangana,35-44,1246
USR009261,2024-04-06,Occasional,Rajasthan,35-44,874
USR009262,2024-04-01,Power,Gujarat,25-34,879
USR009263,2024-02-17,New,Maharashtra,25-34,923
USR009264,2023-08-02,Frequent,Uttar Pradesh,35-44,1122
USR009265,2025-10-13,Frequent,Maharashtra,18-24,319
USR009266,2023-05-08,Frequent,Tamil Nadu,45-59,1208
USR009267,2024-05-03,Power,Uttar Pradesh,35-44,847
USR009268,2023-05-25,Occasional,Rajasthan,18-24,1191
USR009269,2024-05-30,Occasional,Karnataka,25-34,820
USR009270,2024-02-13,Frequent,Rajasthan,25-34,927
USR009271,2024-09-15,Frequent,Uttar Pradesh,18-24,712
USR009272,2024-12-17,New,Uttar Pradesh,18-24,619
USR009273,2023-09-30,New,Tamil Nadu,25-34,1063
USR009274,2023-05-02,Frequent,Maharashtra,25-34,1214
USR009275,2025-05-26,Occasional,Gujarat,25-34,459
USR009276,2023-03-12,Frequent,Tamil Nadu,60+,1265
USR009277,2024-10-14,Frequent,Telangana,35-44,683
USR009278,2024-03-26,Occasional,West Bengal,18-24,885
USR009279,2025-03-07,New,Delhi,60+,539
USR009280,2025-08-24,Occasional,Gujarat,35-44,369
USR009281,2023-07-10,Power,Tamil Nadu,18-24,1145
USR009282,2024-10-09,Occasional,Karnataka,25-34,688
USR009283,2025-11-07,Power,Delhi,45-59,294
USR009284,2024-06-25,Frequent,Telangana,25-34,794
USR009285,2024-12-01,New,Rajasthan,18-24,635
USR009286,2025-07-09,Frequent,West Bengal,25-34,415
USR009287,2023-05-04,Frequent,Karnataka,18-24,1212
USR009288,2025-03-11,New,West Bengal,25-34,535
USR009289,2023-06-26,Frequent,Uttar Pradesh,18-24,1159
USR009290,2023-05-04,New,Haryana,18-24,1212
USR009291,2025-04-24,Frequent,Tamil Nadu,45-59,491
USR009292,2024-11-06,Power,Telangana,35-44,660
USR009293,2025-07-02,Frequent,Rajasthan,25-34,422
USR009294,2025-09-07,Occasional,Uttar Pradesh,18-24,355
USR009295,2024-04-04,Occasional,West Bengal,35-44,876
USR009296,2024-08-02,Occasional,Tamil Nadu,25-34,756
USR009297,2023-01-14,Frequent,Rajasthan,25-34,1322
USR009298,2023-12-01,Occasional,Gujarat,35-44,1001
USR009299,2025-06-02,Power,Delhi,25-34,452
USR009300,2025-02-09,Frequent,Telangana,18-24,565
USR009301,2025-01-27,Frequent,Gujarat,25-34,578
USR009302,2024-06-13,New,Uttar Pradesh,25-34,806
USR009303,2025-11-10,Frequent,Haryana,18-24,291
USR009304,2025-07-08,Occasional,Gujarat,25-34,416
USR009305,2025-03-28,Frequent,Delhi,18-24,518
USR009306,2023-04-11,Power,Uttar Pradesh,25-34,1235
USR009307,2024-11-10,Occasional,Uttar Pradesh,25-34,656
USR009308,2025-03-25,Occasional,Tamil Nadu,25-34,521
USR009309,2023-01-23,New,Rajasthan,35-44,1313
USR009310,2025-08-17,Occasional,Haryana,18-24,376
USR009311,2025-07-02,New,Tamil Nadu,25-34,422
USR009312,2024-11-09,Power,Delhi,35-44,657
USR009313,2025-11-29,Frequent,Gujarat,35-44,272
USR009314,2025-11-26,Occasional,Uttar Pradesh,18-24,275
USR009315,2023-09-27,Power,Haryana,25-34,1066
USR009316,2025-08-12,Power,Tamil Nadu,25-34,381
USR009317,2024-09-28,Occasional,Delhi,35-44,699
USR009318,2023-05-05,Occasional,Uttar Pradesh,35-44,1211
USR009319,2026-01-01,Frequent,Uttar Pradesh,25-34,239
USR009320,2025-11-21,Frequent,Haryana,35-44,280
USR009321,2026-02-16,Frequent,Maharashtra,25-34,193
USR009322,2025-07-13,Occasional,Uttar Pradesh,45-59,411
USR009323,2023-12-23,Frequent,Uttar Pradesh,25-34,979
USR009324,2025-08-11,New,Gujarat,25-34,382
USR009325,2025-07-23,Occasional,Rajasthan,18-24,401
USR009326,2025-04-12,New,Telangana,18-24,503
USR009327,2025-09-28,Occasional,West Bengal,35-44,334
USR009328,2024-04-25,Frequent,West Bengal,18-24,855
USR009329,2024-08-20,New,Tamil Nadu,45-59,738
USR009330,2026-03-11,Frequent,Karnataka,25-34,170
USR009331,2025-04-30,Power,Karnataka,25-34,485
USR009332,2024-09-28,Frequent,Telangana,25-34,699
USR009333,2026-01-22,Frequent,Haryana,25-34,218
USR009334,2025-06-02,Frequent,Telangana,18-24,452
USR009335,2023-06-05,Frequent,Delhi,25-34,1180
USR009336,2026-03-12,Power,Delhi,18-24,169
USR009337,2025-10-08,Occasional,Rajasthan,25-34,324
USR009338,2023-03-28,Power,West Bengal,18-24,1249
USR009339,2025-06-26,New,Uttar Pradesh,25-34,428
USR009340,2026-03-14,Occasional,Haryana,18-24,167
USR009341,2025-07-23,Frequent,Delhi,18-24,401
USR009342,2024-10-08,Power,Haryana,25-34,689
USR009343,2023-02-23,Frequent,Tamil Nadu,18-24,1282
USR009344,2023-05-24,Occasional,West Bengal,18-24,1192
USR009345,2024-11-29,Occasional,Uttar Pradesh,25-34,637
USR009346,2023-07-16,Power,Gujarat,35-44,1139
USR009347,2025-11-26,Power,Delhi,45-59,275
USR009348,2026-02-15,New,Haryana,25-34,194
USR009349,2025-06-29,New,Haryana,45-59,425
USR009350,2025-07-12,Power,Telangana,25-34,412
USR009351,2025-05-25,Power,Haryana,18-24,460
USR009352,2023-08-28,Occasional,Telangana,45-59,1096
USR009353,2024-09-01,Occasional,Rajasthan,18-24,726
USR009354,2025-03-30,Power,Delhi,25-34,516
USR009355,2023-01-17,Power,Gujarat,18-24,1319
USR009356,2023-12-25,Power,Karnataka,18-24,977
USR009357,2023-11-25,Occasional,Uttar Pradesh,25-34,1007
USR009358,2025-07-12,Occasional,Haryana,18-24,412
USR009359,2026-04-01,Frequent,Haryana,25-34,149
USR009360,2026-03-15,Frequent,West Bengal,25-34,166
USR009361,2024-04-21,New,West Bengal,18-24,859
USR009362,2025-05-27,Frequent,Delhi,25-34,458
USR009363,2024-02-06,Occasional,Karnataka,45-59,934
USR009364,2024-03-19,Occasional,Gujarat,25-34,892
USR009365,2024-01-31,Frequent,West Bengal,25-34,940
USR009366,2025-11-21,Frequent,Tamil Nadu,25-34,280
USR009367,2025-06-06,Occasional,Uttar Pradesh,60+,448
USR009368,2024-09-30,Frequent,Haryana,25-34,697
USR009369,2023-08-28,New,Telangana,45-59,1096
USR009370,2024-02-02,Frequent,Telangana,35-44,938
USR009371,2024-01-31,Frequent,Maharashtra,25-34,940
USR009372,2023-02-17,Occasional,Haryana,18-24,1288
USR009373,2023-10-15,Frequent,Karnataka,25-34,1048
USR009374,2023-12-25,Occasional,Uttar Pradesh,45-59,977
USR009375,2024-11-29,New,Haryana,25-34,637
USR009376,2026-01-13,Power,Maharashtra,25-34,227
USR009377,2024-02-29,Frequent,Delhi,35-44,911
USR009378,2023-07-13,New,Maharashtra,18-24,1142
USR009379,2023-11-06,Frequent,Haryana,25-34,1026
USR009380,2023-03-25,New,Maharashtra,35-44,1252
USR009381,2025-01-22,Frequent,Uttar Pradesh,25-34,583
USR009382,2025-05-22,New,Rajasthan,60+,463
USR009383,2023-05-05,Frequent,Telangana,25-34,1211
USR009384,2024-05-01,New,Maharashtra,18-24,849
USR009385,2024-10-31,Frequent,Uttar Pradesh,35-44,666
USR009386,2025-12-02,New,Tamil Nadu,18-24,269
USR009387,2024-07-15,Occasional,Tamil Nadu,25-34,774
USR009388,2025-01-02,Frequent,Tamil Nadu,18-24,603
USR009389,2023-08-09,New,Gujarat,18-24,1115
USR009390,2024-11-11,Frequent,Haryana,18-24,655
USR009391,2023-06-17,Frequent,West Bengal,25-34,1168
USR009392,2023-08-09,Frequent,Haryana,35-44,1115
USR009393,2023-04-07,Frequent,Karnataka,18-24,1239
USR009394,2024-08-22,New,Telangana,25-34,736
USR009395,2026-03-11,New,Gujarat,60+,170
USR009396,2024-09-11,Frequent,Tamil Nadu,35-44,716
USR009397,2023-02-21,Power,Maharashtra,45-59,1284
USR009398,2023-06-02,Occasional,Rajasthan,18-24,1183
USR009399,2023-06-18,Occasional,Tamil Nadu,60+,1167
USR009400,2025-05-02,New,Telangana,18-24,483
USR009401,2024-09-05,Occasional,Tamil Nadu,25-34,722
USR009402,2025-10-06,Occasional,Maharashtra,18-24,326
USR009403,2026-04-09,Occasional,Karnataka,25-34,141
USR009404,2024-11-16,Occasional,Maharashtra,25-34,650
USR009405,2024-01-02,Frequent,Gujarat,45-59,969
USR009406,2023-12-20,Power,Rajasthan,25-34,982
USR009407,2026-02-24,Frequent,Rajasthan,18-24,185
USR009408,2024-09-07,Power,West Bengal,18-24,720
USR009409,2025-04-23,Occasional,Gujarat,25-34,492
USR009410,2023-07-19,Frequent,Haryana,35-44,1136
USR009411,2023-11-30,Frequent,Maharashtra,35-44,1002
USR009412,2025-07-11,Frequent,Uttar Pradesh,18-24,413
USR009413,2026-03-04,Occasional,Tamil Nadu,25-34,177
USR009414,2023-01-04,Occasional,Haryana,18-24,1332
USR009415,2025-03-22,Power,Telangana,25-34,524
USR009416,2023-02-24,Frequent,Gujarat,18-24,1281
USR009417,2025-11-05,Power,Gujarat,25-34,296
USR009418,2025-02-14,Frequent,Maharashtra,18-24,560
USR009419,2024-01-23,Frequent,Delhi,25-34,948
USR009420,2023-03-08,Power,Rajasthan,25-34,1269
USR009421,2025-12-23,Frequent,Delhi,25-34,248
USR009422,2026-01-10,Power,Gujarat,25-34,230
USR009423,2024-02-14,Frequent,Rajasthan,18-24,926
USR009424,2025-09-06,New,West Bengal,25-34,356
USR009425,2023-06-19,Occasional,Gujarat,45-59,1166
USR009426,2026-02-10,Occasional,Uttar Pradesh,25-34,199
USR009427,2024-02-25,Frequent,West Bengal,18-24,915
USR009428,2025-07-28,Power,Karnataka,35-44,396
USR009429,2024-06-08,Power,Haryana,25-34,811
USR009430,2023-08-29,Power,Maharashtra,25-34,1095
USR009431,2023-05-28,Frequent,Tamil Nadu,35-44,1188
USR009432,2025-03-02,New,Maharashtra,18-24,544
USR009433,2024-07-19,Frequent,Gujarat,25-34,770
USR009434,2023-08-12,Frequent,Delhi,25-34,1112
USR009435,2024-05-28,Frequent,Karnataka,18-24,822
USR009436,2026-04-08,Occasional,Gujarat,18-24,142
USR009437,2024-10-31,Power,Haryana,25-34,666
USR009438,2024-10-23,Power,Telangana,18-24,674
USR009439,2024-07-04,New,Delhi,25-34,785
USR009440,2026-03-01,Frequent,Maharashtra,18-24,180
USR009441,2023-04-30,Frequent,Delhi,18-24,1216
USR009442,2023-10-26,Frequent,Karnataka,25-34,1037
USR009443,2025-06-02,New,Karnataka,45-59,452
USR009444,2024-09-22,Frequent,Tamil Nadu,18-24,705
USR009445,2023-03-19,Frequent,Gujarat,45-59,1258
USR009446,2023-10-05,Power,Telangana,35-44,1058
USR009447,2023-09-27,New,Telangana,60+,1066
USR009448,2026-02-28,Occasional,Karnataka,45-59,181
USR009449,2023-05-04,New,Karnataka,18-24,1212
USR009450,2024-02-29,Occasional,Maharashtra,18-24,911
USR009451,2025-07-20,Frequent,Telangana,25-34,404
USR009452,2025-01-25,Frequent,Telangana,25-34,580
USR009453,2024-05-18,Occasional,Rajasthan,35-44,832
USR009454,2024-01-29,Occasional,Uttar Pradesh,18-24,942
USR009455,2024-05-08,Occasional,Telangana,45-59,842
USR009456,2023-12-25,Power,Maharashtra,35-44,977
USR009457,2024-06-24,Frequent,Maharashtra,25-34,795
USR009458,2024-02-14,Frequent,Haryana,35-44,926
USR009459,2023-01-28,Occasional,Haryana,25-34,1308
USR009460,2024-07-07,Occasional,Karnataka,25-34,782
USR009461,2024-04-18,Occasional,Gujarat,45-59,862
USR009462,2025-10-04,Occasional,Maharashtra,35-44,328
USR009463,2025-10-01,Occasional,Uttar Pradesh,45-59,331
USR009464,2023-09-08,Power,Gujarat,25-34,1085
USR009465,2024-12-17,Frequent,Haryana,25-34,619
USR009466,2023-06-22,Occasional,Gujarat,18-24,1163
USR009467,2024-09-30,Frequent,Gujarat,18-24,697
USR009468,2025-05-18,Occasional,Gujarat,18-24,467
USR009469,2023-07-16,Frequent,Delhi,25-34,1139
USR009470,2023-10-17,Occasional,Rajasthan,25-34,1046
USR009471,2023-12-18,Frequent,Maharashtra,25-34,984
USR009472,2023-02-16,Power,Haryana,18-24,1289
USR009473,2025-07-28,Power,Telangana,25-34,396
USR009474,2023-08-06,Frequent,Tamil Nadu,35-44,1118
USR009475,2023-10-26,New,Gujarat,35-44,1037
USR009476,2025-11-22,Frequent,Tamil Nadu,18-24,279
USR009477,2025-01-13,Power,Telangana,18-24,592
USR009478,2025-02-02,Occasional,Tamil Nadu,18-24,572
USR009479,2023-10-11,Occasional,Karnataka,18-24,1052
USR009480,2023-02-01,New,Tamil Nadu,18-24,1304
USR009481,2025-05-18,Occasional,Uttar Pradesh,18-24,467
USR009482,2024-07-31,Occasional,West Bengal,25-34,758
USR009483,2023-02-26,Power,Gujarat,25-34,1279
USR009484,2023-10-10,Frequent,West Bengal,45-59,1053
USR009485,2023-02-18,Power,Delhi,25-34,1287
USR009486,2024-09-18,Frequent,Telangana,25-34,709
USR009487,2025-08-26,Frequent,Rajasthan,45-59,367
USR009488,2024-01-12,Occasional,Haryana,25-34,959
USR009489,2024-09-18,New,Tamil Nadu,25-34,709
USR009490,2025-07-06,Frequent,Uttar Pradesh,25-34,418
USR009491,2025-02-17,Frequent,West Bengal,35-44,557
USR009492,2024-01-25,Occasional,Telangana,25-34,946
USR009493,2023-03-24,Occasional,Karnataka,25-34,1253
USR009494,2024-08-01,Frequent,Maharashtra,25-34,757
USR009495,2024-12-30,Frequent,Delhi,18-24,606
USR009496,2023-05-16,New,West Bengal,35-44,1200
USR009497,2023-01-17,Frequent,Delhi,18-24,1319
USR009498,2025-01-26,Power,Tamil Nadu,18-24,579
USR009499,2023-10-11,Occasional,Rajasthan,18-24,1052
USR009500,2024-09-15,Occasional,Karnataka,25-34,712
USR009501,2023-06-02,Occasional,Telangana,35-44,1183
USR009502,2025-08-23,Occasional,Uttar Pradesh,45-59,370
USR009503,2025-04-26,Frequent,Maharashtra,25-34,489
USR009504,2023-08-18,Frequent,Rajasthan,35-44,1106
USR009505,2026-04-02,Occasional,Karnataka,35-44,148
USR009506,2023-08-30,Occasional,Rajasthan,45-59,1094
USR009507,2023-09-20,Occasional,Maharashtra,45-59,1073
USR009508,2025-10-10,New,Gujarat,45-59,322
USR009509,2025-11-22,Occasional,Delhi,25-34,279
USR009510,2023-09-24,Occasional,Delhi,35-44,1069
USR009511,2024-09-11,Occasional,Rajasthan,25-34,716
USR009512,2024-08-07,Frequent,Haryana,35-44,751
USR009513,2025-07-02,New,Uttar Pradesh,25-34,422
USR009514,2026-02-03,Frequent,Maharashtra,25-34,206
USR009515,2023-02-17,Occasional,West Bengal,25-34,1288
USR009516,2023-05-19,Power,West Bengal,25-34,1197
USR009517,2024-09-20,Occasional,Maharashtra,18-24,707
USR009518,2025-09-25,Power,Rajasthan,25-34,337
USR009519,2023-12-15,Occasional,Tamil Nadu,25-34,987
USR009520,2024-02-24,Occasional,Telangana,45-59,916
USR009521,2024-08-09,Occasional,Telangana,35-44,749
USR009522,2025-07-28,New,Rajasthan,25-34,396
USR009523,2025-04-13,New,Delhi,35-44,502
USR009524,2025-06-21,Frequent,Uttar Pradesh,35-44,433
USR009525,2025-08-07,Occasional,Telangana,25-34,386
USR009526,2025-11-26,Frequent,Gujarat,35-44,275
USR009527,2025-08-05,Power,Tamil Nadu,25-34,388
USR009528,2023-07-29,Frequent,Rajasthan,18-24,1126
USR009529,2025-04-30,Frequent,Uttar Pradesh,18-24,485
USR009530,2024-03-13,Frequent,Uttar Pradesh,25-34,898
USR009531,2024-12-21,Occasional,West Bengal,25-34,615
USR009532,2023-03-03,Frequent,Haryana,35-44,1274
USR009533,2023-05-05,Frequent,West Bengal,25-34,1211
USR009534,2024-09-24,Frequent,Gujarat,25-34,703
USR009535,2024-03-07,New,Maharashtra,18-24,904
USR009536,2024-02-06,New,Uttar Pradesh,18-24,934
USR009537,2025-08-22,Occasional,Gujarat,25-34,371
USR009538,2023-08-11,Frequent,Haryana,25-34,1113
USR009539,2025-01-01,Occasional,Delhi,18-24,604
USR009540,2025-01-21,Occasional,Delhi,25-34,584
USR009541,2023-08-03,Frequent,Uttar Pradesh,25-34,1121
USR009542,2024-12-28,Occasional,Delhi,45-59,608
USR009543,2025-04-06,Occasional,Delhi,35-44,509
USR009544,2024-07-06,Occasional,Uttar Pradesh,18-24,783
USR009545,2023-10-04,Frequent,Maharashtra,18-24,1059
USR009546,2023-04-16,Occasional,Maharashtra,25-34,1230
USR009547,2026-03-15,Occasional,West Bengal,18-24,166
USR009548,2024-11-28,Occasional,Maharashtra,45-59,638
USR009549,2023-08-07,Frequent,Rajasthan,25-34,1117
USR009550,2023-04-07,Frequent,West Bengal,45-59,1239
USR009551,2025-06-18,Occasional,Maharashtra,18-24,436
USR009552,2024-05-03,Power,Karnataka,35-44,847
USR009553,2024-12-02,Occasional,Haryana,18-24,634
USR009554,2024-01-03,New,Maharashtra,25-34,968
USR009555,2024-12-12,New,Haryana,25-34,624
USR009556,2023-08-21,Frequent,Gujarat,45-59,1103
USR009557,2025-11-30,Occasional,Gujarat,18-24,271
USR009558,2025-03-23,Occasional,Uttar Pradesh,18-24,523
USR009559,2023-02-25,Power,Delhi,18-24,1280
USR009560,2026-03-12,Occasional,Telangana,35-44,169
USR009561,2024-09-01,New,Telangana,18-24,726
USR009562,2024-01-17,New,Gujarat,18-24,954
USR009563,2025-08-12,Occasional,Haryana,25-34,381
USR009564,2024-01-02,Power,Telangana,18-24,969
USR009565,2025-12-07,Occasional,Tamil Nadu,18-24,264
USR009566,2024-07-08,Frequent,Tamil Nadu,18-24,781
USR009567,2023-12-31,Occasional,West Bengal,35-44,971
USR009568,2024-08-10,Occasional,Maharashtra,45-59,748
USR009569,2025-07-25,Occasional,Delhi,25-34,399
USR009570,2024-06-03,Frequent,Haryana,35-44,816
USR009571,2025-11-03,Frequent,Telangana,25-34,298
USR009572,2024-08-23,Occasional,Telangana,18-24,735
USR009573,2025-09-22,Frequent,West Bengal,25-34,340
USR009574,2025-12-21,Frequent,Tamil Nadu,45-59,250
USR009575,2025-11-22,New,Karnataka,18-24,279
USR009576,2024-02-28,New,Gujarat,18-24,912
USR009577,2026-04-03,Occasional,Tamil Nadu,25-34,147
USR009578,2025-01-15,Power,Delhi,18-24,590
USR009579,2025-08-11,Frequent,Maharashtra,18-24,382
USR009580,2025-12-09,Power,Telangana,25-34,262
USR009581,2024-01-19,Occasional,Rajasthan,25-34,952
USR009582,2025-03-28,Frequent,Telangana,18-24,518
USR009583,2023-08-13,Power,Delhi,25-34,1111
USR009584,2025-03-22,Frequent,Gujarat,25-34,524
USR009585,2024-09-28,New,Haryana,18-24,699
USR009586,2026-03-15,Frequent,Delhi,18-24,166
USR009587,2024-09-01,Frequent,Karnataka,35-44,726
USR009588,2023-03-13,Occasional,Telangana,18-24,1264
USR009589,2023-11-01,Power,Telangana,25-34,1031
USR009590,2025-01-21,Occasional,Karnataka,25-34,584
USR009591,2023-04-02,Frequent,Uttar Pradesh,18-24,1244
USR009592,2025-08-10,Power,Delhi,25-34,383
USR009593,2025-04-28,Frequent,Maharashtra,25-34,487
USR009594,2024-02-26,Occasional,Delhi,18-24,914
USR009595,2025-07-12,Power,Uttar Pradesh,25-34,412
USR009596,2024-07-03,Frequent,Telangana,18-24,786
USR009597,2026-01-05,Frequent,Gujarat,35-44,235
USR009598,2023-06-24,Frequent,Maharashtra,45-59,1161
USR009599,2024-10-17,Frequent,Tamil Nadu,18-24,680
USR009600,2024-01-17,Frequent,West Bengal,25-34,954
USR009601,2023-08-25,New,West Bengal,25-34,1099
USR009602,2023-08-22,Occasional,Haryana,35-44,1102
USR009603,2025-07-19,Occasional,Haryana,18-24,405
USR009604,2024-08-19,Power,Delhi,18-24,739
USR009605,2023-10-18,Power,Tamil Nadu,25-34,1045
USR009606,2023-05-25,Frequent,Gujarat,35-44,1191
USR009607,2025-09-06,Power,Telangana,18-24,356
USR009608,2025-04-09,Occasional,West Bengal,18-24,506
USR009609,2024-06-13,Power,Gujarat,35-44,806
USR009610,2025-12-01,Power,Tamil Nadu,25-34,270
USR009611,2023-01-29,Frequent,Rajasthan,18-24,1307
USR009612,2024-08-01,New,Tamil Nadu,35-44,757
USR009613,2024-02-03,Frequent,Tamil Nadu,25-34,937
USR009614,2023-08-19,Occasional,Haryana,18-24,1105
USR009615,2025-03-07,Occasional,Telangana,25-34,539
USR009616,2025-11-26,New,Maharashtra,25-34,275
USR009617,2025-01-26,Occasional,Tamil Nadu,18-24,579
USR009618,2023-04-12,Occasional,Delhi,25-34,1234
USR009619,2025-01-16,New,Tamil Nadu,25-34,589
USR009620,2023-02-02,Occasional,Maharashtra,25-34,1303
USR009621,2026-02-21,New,Tamil Nadu,25-34,188
USR009622,2023-06-28,Occasional,Karnataka,18-24,1157
USR009623,2025-08-25,Occasional,Delhi,25-34,368
USR009624,2026-03-10,Occasional,Delhi,25-34,171
USR009625,2025-04-14,Power,Rajasthan,25-34,501
USR009626,2026-03-14,Occasional,Delhi,25-34,167
USR009627,2025-05-03,Frequent,Delhi,25-34,482
USR009628,2024-05-19,Power,Haryana,35-44,831
USR009629,2025-11-12,Occasional,Uttar Pradesh,18-24,289
USR009630,2025-08-23,Occasional,Rajasthan,18-24,370
USR009631,2024-12-08,Frequent,Karnataka,25-34,628
USR009632,2025-05-02,Power,Rajasthan,18-24,483
USR009633,2025-11-02,Power,Maharashtra,25-34,299
USR009634,2026-02-23,Frequent,Uttar Pradesh,18-24,186
USR009635,2024-03-01,Occasional,Delhi,25-34,910
USR009636,2024-07-04,Frequent,Gujarat,35-44,785
USR009637,2024-01-16,Frequent,Haryana,18-24,955
USR009638,2025-03-09,Frequent,Delhi,25-34,537
USR009639,2025-09-18,Occasional,Delhi,18-24,344
USR009640,2024-10-07,Power,Tamil Nadu,18-24,690
USR009641,2023-04-13,Frequent,Telangana,25-34,1233
USR009642,2026-03-30,Occasional,Delhi,25-34,151
USR009643,2025-06-25,Occasional,Karnataka,18-24,429
USR009644,2025-03-19,Occasional,Karnataka,25-34,527
USR009645,2026-01-24,Occasional,Uttar Pradesh,35-44,216
USR009646,2024-10-27,Power,Tamil Nadu,18-24,670
USR009647,2025-05-20,Occasional,Maharashtra,45-59,465
USR009648,2024-11-29,Power,Gujarat,35-44,637
USR009649,2026-03-23,Occasional,Uttar Pradesh,45-59,158
USR009650,2025-09-07,New,Karnataka,25-34,355
USR009651,2024-03-10,Power,Delhi,25-34,901
USR009652,2025-07-17,Occasional,Haryana,18-24,407
USR009653,2023-06-28,Frequent,Telangana,25-34,1157
USR009654,2025-01-17,Power,Telangana,45-59,588
USR009655,2025-06-05,Frequent,Rajasthan,25-34,449
USR009656,2023-05-10,Power,West Bengal,45-59,1206
USR009657,2025-05-11,Frequent,Gujarat,25-34,474
USR009658,2026-04-03,New,Haryana,25-34,147
USR009659,2025-04-24,Frequent,Telangana,18-24,491
USR009660,2024-01-12,New,Telangana,18-24,959
USR009661,2024-09-19,Frequent,Haryana,35-44,708
USR009662,2024-12-12,Frequent,Uttar Pradesh,18-24,624
USR009663,2023-01-10,Frequent,Tamil Nadu,45-59,1326
USR009664,2024-05-30,Power,Uttar Pradesh,25-34,820
USR009665,2025-05-06,Occasional,Tamil Nadu,18-24,479
USR009666,2025-08-16,Frequent,Uttar Pradesh,35-44,377
USR009667,2024-07-13,New,Delhi,18-24,776
USR009668,2024-01-16,Frequent,Delhi,45-59,955
USR009669,2023-08-09,Power,Haryana,35-44,1115
USR009670,2024-01-28,Power,Karnataka,25-34,943
USR009671,2026-03-26,New,Tamil Nadu,18-24,155
USR009672,2024-02-22,New,Gujarat,18-24,918
USR009673,2023-12-28,Frequent,Gujarat,25-34,974
USR009674,2026-02-19,Occasional,Rajasthan,35-44,190
USR009675,2024-04-26,Occasional,Karnataka,18-24,854
USR009676,2024-10-05,Occasional,Gujarat,18-24,692
USR009677,2024-03-21,Occasional,Telangana,35-44,890
USR009678,2024-08-26,Power,Karnataka,25-34,732
USR009679,2023-06-09,Frequent,Karnataka,45-59,1176
USR009680,2025-02-18,Occasional,Tamil Nadu,35-44,556
USR009681,2024-06-18,Occasional,Karnataka,35-44,801
USR009682,2024-06-17,Power,Tamil Nadu,18-24,802
USR009683,2025-11-02,Power,Delhi,25-34,299
USR009684,2023-08-09,Frequent,Telangana,25-34,1115
USR009685,2023-10-16,Frequent,Delhi,18-24,1047
USR009686,2026-01-09,New,Haryana,45-59,231
USR009687,2024-06-05,Occasional,Rajasthan,25-34,814
USR009688,2023-12-22,Power,Uttar Pradesh,25-34,980
USR009689,2023-08-31,Frequent,Telangana,25-34,1093
USR009690,2023-07-24,Frequent,Rajasthan,60+,1131
USR009691,2025-05-24,Frequent,Gujarat,45-59,461
USR009692,2024-02-05,New,Uttar Pradesh,25-34,935
USR009693,2025-05-06,Occasional,Tamil Nadu,18-24,479
USR009694,2025-11-25,Power,Karnataka,35-44,276
USR009695,2025-04-28,Frequent,Uttar Pradesh,35-44,487
USR009696,2023-06-17,Occasional,Telangana,35-44,1168
USR009697,2024-10-14,Occasional,Tamil Nadu,25-34,683
USR009698,2023-02-10,Frequent,Tamil Nadu,25-34,1295
USR009699,2023-06-10,New,Uttar Pradesh,25-34,1175
USR009700,2025-05-05,Frequent,Gujarat,45-59,480
USR009701,2023-06-09,Occasional,West Bengal,35-44,1176
USR009702,2024-09-11,Power,Telangana,25-34,716
USR009703,2025-07-12,New,Haryana,25-34,412
USR009704,2023-10-16,Power,Uttar Pradesh,18-24,1047
USR009705,2025-05-30,Occasional,Tamil Nadu,18-24,455
USR009706,2023-08-05,Frequent,West Bengal,25-34,1119
USR009707,2025-07-15,Occasional,Rajasthan,25-34,409
USR009708,2024-06-12,Frequent,Uttar Pradesh,18-24,807
USR009709,2023-08-28,Frequent,Delhi,25-34,1096
USR009710,2024-12-06,Occasional,Karnataka,25-34,630
USR009711,2024-11-16,Occasional,Maharashtra,18-24,650
USR009712,2023-07-30,Occasional,Uttar Pradesh,35-44,1125
USR009713,2026-01-13,Power,Uttar Pradesh,18-24,227
USR009714,2025-08-12,New,Telangana,25-34,381
USR009715,2024-07-30,Occasional,Telangana,35-44,759
USR009716,2023-04-28,Frequent,Karnataka,18-24,1218
USR009717,2024-12-29,Power,Maharashtra,25-34,607
USR009718,2025-03-14,Occasional,Maharashtra,18-24,532
USR009719,2024-11-07,Frequent,Delhi,25-34,659
USR009720,2025-12-06,Occasional,Karnataka,45-59,265
USR009721,2023-11-01,Frequent,Telangana,25-34,1031
USR009722,2024-03-18,Power,Uttar Pradesh,18-24,893
USR009723,2025-01-05,Frequent,Gujarat,25-34,600
USR009724,2023-08-10,Power,West Bengal,45-59,1114
USR009725,2025-08-12,Occasional,Rajasthan,25-34,381
USR009726,2025-03-13,Frequent,Haryana,18-24,533
USR009727,2024-11-15,Frequent,Uttar Pradesh,18-24,651
USR009728,2025-04-13,Occasional,Telangana,18-24,502
USR009729,2025-10-15,New,West Bengal,35-44,317
USR009730,2025-06-14,Occasional,Tamil Nadu,45-59,440
USR009731,2024-12-02,Frequent,Gujarat,25-34,634
USR009732,2024-02-04,Frequent,Gujarat,35-44,936
USR009733,2025-05-20,Frequent,Rajasthan,25-34,465
USR009734,2025-10-26,Frequent,Delhi,25-34,306
USR009735,2026-01-07,Occasional,Maharashtra,25-34,233
USR009736,2025-08-03,Frequent,Rajasthan,25-34,390
USR009737,2024-07-20,New,Haryana,18-24,769
USR009738,2024-09-04,Power,Karnataka,25-34,723
USR009739,2026-03-05,Frequent,Uttar Pradesh,18-24,176
USR009740,2023-05-26,Occasional,Uttar Pradesh,35-44,1190
USR009741,2023-03-09,Frequent,West Bengal,35-44,1268
USR009742,2023-10-29,Occasional,Delhi,25-34,1034
USR009743,2025-01-08,Frequent,Maharashtra,25-34,597
USR009744,2025-01-27,Occasional,West Bengal,25-34,578
USR009745,2025-08-10,Power,Maharashtra,18-24,383
USR009746,2024-05-30,Power,Telangana,25-34,820
USR009747,2024-04-19,New,West Bengal,35-44,861
USR009748,2025-06-23,Frequent,Haryana,25-34,431
USR009749,2023-06-07,Frequent,Maharashtra,25-34,1178
USR009750,2025-03-20,Frequent,Gujarat,35-44,526
USR009751,2023-07-21,Frequent,Uttar Pradesh,18-24,1134
USR009752,2023-12-14,Power,Tamil Nadu,18-24,988
USR009753,2025-04-15,New,Maharashtra,18-24,500
USR009754,2023-05-09,Frequent,Rajasthan,18-24,1207
USR009755,2023-11-07,New,Haryana,18-24,1025
USR009756,2024-10-12,New,Tamil Nadu,25-34,685
USR009757,2023-01-09,Occasional,Gujarat,18-24,1327
USR009758,2023-07-11,Occasional,Uttar Pradesh,45-59,1144
USR009759,2025-07-01,Occasional,Haryana,18-24,423
USR009760,2024-12-12,Power,Gujarat,18-24,624
USR009761,2025-09-13,Frequent,Haryana,18-24,349
USR009762,2025-10-09,Occasional,Uttar Pradesh,25-34,323
USR009763,2026-01-19,Occasional,Delhi,35-44,221
USR009764,2024-04-19,Occasional,Tamil Nadu,35-44,861
USR009765,2026-02-16,Frequent,Uttar Pradesh,45-59,193
USR009766,2025-04-28,Occasional,Haryana,45-59,487
USR009767,2024-02-29,Frequent,Rajasthan,18-24,911
USR009768,2023-04-19,Frequent,Uttar Pradesh,18-24,1227
USR009769,2023-03-26,New,Maharashtra,25-34,1251
USR009770,2024-06-05,Frequent,Uttar Pradesh,35-44,814
USR009771,2023-03-26,Occasional,Haryana,18-24,1251
USR009772,2024-08-18,Power,Karnataka,45-59,740
USR009773,2025-09-18,Frequent,Tamil Nadu,18-24,344
USR009774,2024-04-23,Power,Maharashtra,45-59,857
USR009775,2025-07-18,New,Delhi,35-44,406
USR009776,2023-07-24,Frequent,Rajasthan,18-24,1131
USR009777,2025-02-23,Frequent,Telangana,25-34,551
USR009778,2026-03-11,Occasional,Tamil Nadu,18-24,170
USR009779,2025-02-09,Frequent,Rajasthan,18-24,565
USR009780,2023-06-23,Frequent,Maharashtra,25-34,1162
USR009781,2023-05-05,Occasional,Tamil Nadu,45-59,1211
USR009782,2026-02-14,Occasional,Telangana,60+,195
USR009783,2025-09-09,Power,Delhi,35-44,353
USR009784,2024-12-29,Occasional,Gujarat,18-24,607
USR009785,2025-01-02,Occasional,Uttar Pradesh,25-34,603
USR009786,2023-05-23,Frequent,Tamil Nadu,25-34,1193
USR009787,2025-07-13,Frequent,Rajasthan,25-34,411
USR009788,2026-03-04,Frequent,Delhi,25-34,177
USR009789,2023-02-04,Frequent,Tamil Nadu,25-34,1301
USR009790,2024-06-21,Power,Delhi,18-24,798
USR009791,2023-05-25,Frequent,Gujarat,25-34,1191
USR009792,2024-06-19,Occasional,Haryana,18-24,800
USR009793,2023-02-18,Frequent,Haryana,25-34,1287
USR009794,2025-09-08,New,Telangana,25-34,354
USR009795,2024-11-27,Occasional,Karnataka,18-24,639
USR009796,2025-09-11,Occasional,Tamil Nadu,45-59,351
USR009797,2024-01-13,Occasional,Gujarat,35-44,958
USR009798,2024-08-28,Frequent,Maharashtra,35-44,730
USR009799,2024-09-06,Frequent,Telangana,25-34,721
USR009800,2026-03-23,Frequent,Tamil Nadu,45-59,158
USR009801,2025-01-11,Frequent,Gujarat,35-44,594
USR009802,2023-02-25,New,Karnataka,60+,1280
USR009803,2025-01-15,Frequent,Uttar Pradesh,35-44,590
USR009804,2026-02-01,Power,West Bengal,25-34,208
USR009805,2023-01-09,Occasional,Maharashtra,25-34,1327
USR009806,2026-01-30,Power,West Bengal,18-24,210
USR009807,2024-01-22,Frequent,Delhi,18-24,949
USR009808,2025-07-14,Frequent,Haryana,25-34,410
USR009809,2023-10-02,Occasional,Uttar Pradesh,35-44,1061
USR009810,2025-12-20,Occasional,Karnataka,18-24,251
USR009811,2024-03-03,Occasional,Uttar Pradesh,18-24,908
USR009812,2023-04-17,Occasional,West Bengal,18-24,1229
USR009813,2023-05-19,New,Delhi,45-59,1197
USR009814,2025-07-18,Occasional,Gujarat,35-44,406
USR009815,2025-07-06,Occasional,Gujarat,45-59,418
USR009816,2023-08-23,Occasional,Tamil Nadu,25-34,1101
USR009817,2023-04-25,Frequent,Haryana,25-34,1221
USR009818,2024-03-09,Occasional,Maharashtra,35-44,902
USR009819,2023-11-21,Occasional,West Bengal,25-34,1011
USR009820,2025-06-13,Power,Haryana,25-34,441
USR009821,2023-08-30,Power,West Bengal,18-24,1094
USR009822,2023-11-25,New,Tamil Nadu,18-24,1007
USR009823,2025-01-16,Frequent,Gujarat,25-34,589
USR009824,2025-01-22,Power,Gujarat,25-34,583
USR009825,2023-05-11,Frequent,Delhi,25-34,1205
USR009826,2024-10-29,Power,Maharashtra,25-34,668
USR009827,2026-03-06,Occasional,Uttar Pradesh,18-24,175
USR009828,2024-09-03,Frequent,Tamil Nadu,35-44,724
USR009829,2025-05-25,Power,West Bengal,35-44,460
USR009830,2023-12-26,Occasional,Telangana,45-59,976
USR009831,2025-11-06,Occasional,Telangana,45-59,295
USR009832,2025-10-16,Occasional,Haryana,25-34,316
USR009833,2024-10-24,Frequent,West Bengal,35-44,673
USR009834,2024-10-20,New,Telangana,35-44,677
USR009835,2023-04-18,Occasional,Haryana,35-44,1228
USR009836,2026-04-05,Occasional,Uttar Pradesh,35-44,145
USR009837,2023-05-17,New,Haryana,25-34,1199
USR009838,2024-10-03,Frequent,Gujarat,25-34,694
USR009839,2025-07-23,New,Delhi,25-34,401
USR009840,2025-02-12,Power,West Bengal,25-34,562
USR009841,2023-04-05,Power,Rajasthan,18-24,1241
USR009842,2024-09-05,Frequent,Telangana,35-44,722
USR009843,2025-03-09,Occasional,Delhi,25-34,537
USR009844,2023-03-06,Frequent,Karnataka,25-34,1271
USR009845,2025-08-09,Occasional,Delhi,18-24,384
USR009846,2023-11-20,Occasional,Delhi,18-24,1012
USR009847,2024-04-04,Frequent,Delhi,25-34,876
USR009848,2024-07-30,Occasional,Telangana,60+,759
USR009849,2023-10-03,Power,Telangana,18-24,1060
USR009850,2023-07-16,Power,Uttar Pradesh,25-34,1139
USR009851,2024-06-23,Frequent,West Bengal,25-34,796
USR009852,2024-10-07,Frequent,Delhi,25-34,690
USR009853,2024-11-04,Occasional,Rajasthan,25-34,662
USR009854,2026-01-23,Occasional,Tamil Nadu,25-34,217
USR009855,2024-08-23,Frequent,Haryana,25-34,735
USR009856,2023-05-17,Occasional,Gujarat,18-24,1199
USR009857,2024-12-14,Power,Haryana,35-44,622
USR009858,2023-10-21,New,West Bengal,25-34,1042
USR009859,2024-10-20,New,Maharashtra,25-34,677
USR009860,2023-04-01,New,Karnataka,25-34,1245
USR009861,2024-09-10,Frequent,West Bengal,18-24,717
USR009862,2023-05-10,New,Uttar Pradesh,45-59,1206
USR009863,2025-05-16,Occasional,Telangana,35-44,469
USR009864,2026-03-02,Frequent,Karnataka,45-59,179
USR009865,2023-04-21,Occasional,Maharashtra,18-24,1225
USR009866,2024-10-21,Frequent,Telangana,25-34,676
USR009867,2023-07-28,Frequent,West Bengal,45-59,1127
USR009868,2024-07-05,New,Gujarat,25-34,784
USR009869,2025-01-21,Frequent,Tamil Nadu,18-24,584
USR009870,2024-08-18,Occasional,Uttar Pradesh,18-24,740
USR009871,2023-02-03,Frequent,Delhi,18-24,1302
USR009872,2025-11-08,Power,Karnataka,35-44,293
USR009873,2024-01-18,Frequent,Telangana,25-34,953
USR009874,2026-03-13,New,West Bengal,25-34,168
USR009875,2023-12-23,Occasional,Maharashtra,35-44,979
USR009876,2024-09-28,New,Karnataka,25-34,699
USR009877,2026-03-21,Occasional,Gujarat,35-44,160
USR009878,2025-08-12,Power,West Bengal,35-44,381
USR009879,2026-04-01,Power,Maharashtra,60+,149
USR009880,2025-04-03,New,Telangana,25-34,512
USR009881,2023-08-19,Occasional,Gujarat,35-44,1105
USR009882,2023-12-18,Power,Uttar Pradesh,35-44,984
USR009883,2026-02-13,Occasional,Haryana,25-34,196
USR009884,2025-01-07,Frequent,Gujarat,25-34,598
USR009885,2023-11-24,Frequent,Maharashtra,25-34,1008
USR009886,2026-04-09,Frequent,Delhi,45-59,141
USR009887,2025-05-01,Frequent,Karnataka,35-44,484
USR009888,2025-03-06,Frequent,Uttar Pradesh,25-34,540
USR009889,2025-06-09,Power,Rajasthan,25-34,445
USR009890,2025-10-15,Occasional,Maharashtra,18-24,317
USR009891,2024-04-06,Occasional,Karnataka,25-34,874
USR009892,2023-02-25,Power,Uttar Pradesh,25-34,1280
USR009893,2026-04-15,Frequent,Telangana,25-34,135
USR009894,2024-11-15,Power,West Bengal,18-24,651
USR009895,2024-06-18,Frequent,Tamil Nadu,25-34,801
USR009896,2025-05-16,Occasional,West Bengal,25-34,469
USR009897,2025-11-14,Frequent,Uttar Pradesh,25-34,287
USR009898,2023-06-24,Occasional,Rajasthan,35-44,1161
USR009899,2025-12-18,Frequent,Maharashtra,18-24,253
USR009900,2025-11-22,New,Karnataka,18-24,279
USR009901,2024-04-17,Occasional,West Bengal,25-34,863
USR009902,2023-11-24,Occasional,Karnataka,18-24,1008
USR009903,2023-12-07,Occasional,West Bengal,18-24,995
USR009904,2025-08-10,Power,Karnataka,18-24,383
USR009905,2025-10-27,Frequent,Haryana,25-34,305
USR009906,2024-05-18,Frequent,West Bengal,35-44,832
USR009907,2023-03-25,Power,Karnataka,18-24,1252
USR009908,2023-12-19,Occasional,Maharashtra,35-44,983
USR009909,2023-10-18,Occasional,Maharashtra,25-34,1045
USR009910,2025-11-29,Occasional,Tamil Nadu,35-44,272
USR009911,2023-08-18,Frequent,Rajasthan,35-44,1106
USR009912,2026-02-24,New,Uttar Pradesh,25-34,185
USR009913,2025-09-01,New,Maharashtra,35-44,361
USR009914,2023-10-17,Frequent,Gujarat,60+,1046
USR009915,2023-02-04,New,Delhi,25-34,1301
USR009916,2023-12-03,New,Karnataka,25-34,999
USR009917,2023-09-12,Frequent,Tamil Nadu,35-44,1081
USR009918,2023-07-15,Occasional,West Bengal,25-34,1140
USR009919,2024-03-05,Occasional,Tamil Nadu,60+,906
USR009920,2023-05-02,Power,West Bengal,25-34,1214
USR009921,2024-11-11,Frequent,Karnataka,25-34,655
USR009922,2024-04-01,Occasional,Gujarat,25-34,879
USR009923,2024-04-21,Occasional,Delhi,35-44,859
USR009924,2023-04-07,New,Gujarat,35-44,1239
USR009925,2025-09-23,Frequent,Rajasthan,25-34,339
USR009926,2024-08-12,Occasional,Karnataka,18-24,746
USR009927,2025-07-14,New,Maharashtra,25-34,410
USR009928,2023-03-31,Frequent,Karnataka,35-44,1246
USR009929,2024-07-02,New,Telangana,25-34,787
USR009930,2024-11-22,Frequent,Tamil Nadu,25-34,644
USR009931,2026-03-23,New,Tamil Nadu,45-59,158
USR009932,2024-11-12,New,Karnataka,18-24,654
USR009933,2024-07-08,Occasional,Haryana,25-34,781
USR009934,2026-04-02,Occasional,Haryana,18-24,148
USR009935,2026-02-27,New,Rajasthan,18-24,182
USR009936,2026-04-14,Power,Uttar Pradesh,25-34,136
USR009937,2026-04-10,Occasional,Haryana,25-34,140
USR009938,2024-12-21,Occasional,Delhi,25-34,615
USR009939,2023-04-23,Occasional,Uttar Pradesh,35-44,1223
USR009940,2024-09-19,Power,Karnataka,25-34,708
USR009941,2025-01-08,Occasional,Haryana,18-24,597
USR009942,2023-01-04,Power,Telangana,25-34,1332
USR009943,2024-08-03,Occasional,Uttar Pradesh,25-34,755
USR009944,2025-01-13,Frequent,Rajasthan,18-24,592
USR009945,2024-08-21,Frequent,Delhi,25-34,737
USR009946,2025-11-13,Frequent,Rajasthan,25-34,288
USR009947,2025-03-17,Occasional,Gujarat,35-44,529
USR009948,2026-02-21,Frequent,Maharashtra,18-24,188
USR009949,2023-06-18,Frequent,Rajasthan,18-24,1167
USR009950,2023-06-06,Occasional,Haryana,18-24,1179
USR009951,2025-06-13,Frequent,Haryana,45-59,441
USR009952,2024-11-27,Occasional,Tamil Nadu,25-34,639
USR009953,2025-09-25,Frequent,Delhi,35-44,337
USR009954,2025-06-22,Frequent,Gujarat,18-24,432
USR009955,2023-11-07,Occasional,Karnataka,18-24,1025
USR009956,2024-10-11,Power,Maharashtra,35-44,686
USR009957,2025-12-15,Frequent,Uttar Pradesh,35-44,256
USR009958,2024-01-17,Occasional,Delhi,18-24,954
USR009959,2025-07-21,Power,Maharashtra,25-34,403
USR009960,2023-05-21,Frequent,Gujarat,18-24,1195
USR009961,2025-09-04,New,Maharashtra,35-44,358
USR009962,2024-04-28,Occasional,Haryana,45-59,852
USR009963,2026-02-14,Frequent,Rajasthan,45-59,195
USR009964,2025-07-22,Occasional,Gujarat,18-24,402
USR009965,2023-01-02,Frequent,Rajasthan,18-24,1334
USR009966,2025-07-31,Occasional,Rajasthan,45-59,393
USR009967,2024-01-03,Power,Tamil Nadu,18-24,968
USR009968,2023-06-29,Frequent,Uttar Pradesh,35-44,1156
USR009969,2025-01-26,Power,Maharashtra,25-34,579
USR009970,2024-12-10,Frequent,Haryana,35-44,626
USR009971,2026-03-30,Frequent,Karnataka,25-34,151
USR009972,2023-07-24,Frequent,Haryana,25-34,1131
USR009973,2024-01-07,Frequent,West Bengal,35-44,964
USR009974,2026-02-21,Occasional,Delhi,35-44,188
USR009975,2023-01-05,Occasional,Tamil Nadu,18-24,1331
USR009976,2024-10-15,Occasional,Uttar Pradesh,18-24,682
USR009977,2024-08-04,Frequent,West Bengal,35-44,754
USR009978,2025-06-29,New,Maharashtra,18-24,425
USR009979,2026-03-03,Frequent,Tamil Nadu,18-24,178
USR009980,2023-10-31,Occasional,Tamil Nadu,35-44,1032
USR009981,2023-03-07,Power,Haryana,25-34,1270
USR009982,2025-07-30,Occasional,Telangana,18-24,394
USR009983,2023-10-01,Occasional,Tamil Nadu,18-24,1062
USR009984,2025-11-22,Frequent,West Bengal,35-44,279
USR009985,2023-12-16,Occasional,West Bengal,25-34,986
USR009986,2026-03-19,Frequent,West Bengal,18-24,162
USR009987,2023-10-05,New,Delhi,25-34,1058
USR009988,2026-01-10,Power,Telangana,45-59,230
USR009989,2023-06-09,New,Uttar Pradesh,35-44,1176
USR009990,2026-03-11,Power,Delhi,25-34,170
USR009991,2023-11-30,Power,Uttar Pradesh,25-34,1002
USR009992,2025-01-07,Occasional,Maharashtra,25-34,598
USR009993,2026-03-14,Frequent,Karnataka,25-34,167
USR009994,2026-01-11,Occasional,Karnataka,45-59,229
USR009995,2026-03-04,Frequent,Rajasthan,25-34,177
USR009996,2023-08-07,Occasional,Gujarat,35-44,1117
USR009997,2023-04-26,Power,Rajasthan,18-24,1220
USR009998,2025-02-01,Occasional,Maharashtra,35-44,573
USR009999,2025-08-13,Occasional,Maharashtra,18-24,380
USR010000,2023-09-16,Occasional,Telangana,18-24,1077
